tree
version=v4
num_class=1
num_tree_per_iteration=1
label_index=0
max_feature_idx=10
objective=regression
feature_names=사업구분명 단위사업중분류명 단위사업소분류명 요일 월 분기 연도 월일 연중일 월총접수량 사업구분_월접수량
feature_infos=-1:7:3:0:6:4:2:5:8 -1:29:28:0:15:18:23:19:24:21:9:17:7:31:10:26:20:16:22:13:5:30:34:27:25:6:12:14:32:11:8 -1:68:69:67:0:65:48:1:71:42:8:27:43:46:64:58:54:17:61:73:36:10:87:28:9:18:78:59:75:79:84:41:63:31:50:57:23:25:22:2:74:82:35:45:38:14:83:86:21:15:40:39:77:16:11:13:24:7:30:70:72:12:33:49:81:19:53:26:29:52 -1:2:3:1:0:4:6 -1:0:3:5:2:9:6:1:8:7:11:10:4 -1:0:3:1:2 [2016:2022] [1:31] [1:366] [1187:3043] [1:2064]
tree_sizes=10771 11563 11446 11438 11410 11554 11481 11526 11491 11534 11579 11375 11321 11585 11488 11487 11292 11409 11384 11431 11404 11459 11440 11399 11625 11359 11585 11414 11333 11505 11527 11616 11462 11474 11438 11567 11496 11548 11549 11507 11491 11479 11433 11357 11608 11445 11441 11454 11643 11446 11481 11513 11454 11459 11372 11526 11602 11585 11417 11464 11518 11631 11561 11608 11382 11536 11434 11413 11415 11526 11298 11530 11547 11535

Tree=0
num_leaves=128
num_cat=32
split_feature=2 2 2 6 2 2 6 0 10 0 10 6 10 2 2 6 6 7 6 8 8 4 4 6 8 9 10 8 7 7 8 4 7 4 2 6 7 8 0 4 6 6 6 4 8 8 6 10 8 7 8 1 6 7 9 10 9 4 2 1 4 1 9 10 6 4 7 8 10 2 6 10 6 8 10 7 6 4 8 7 0 6 8 10 4 7 10 8 0 7 9 8 10 8 8 9 9 8 4 8 7 8 7 7 7 4 10 10 10 8 10 7 8 9 8 10 7 7 4 8 8 6 8 8 9 8 6
split_gain=28124.4 2714.23 1217.81 739.273 716.193 609.899 874.295 416.997 308.432 1038.72 398.889 396.532 246.682 209.388 199.162 190.451 184.983 182.911 160.733 133.13 119.996 118.431 112.176 104 100.655 91.9621 75.1596 64.2719 71.5903 77.6392 67.5577 59.5308 53.4617 50.4759 47.9107 109.178 47.5648 55.1435 43.3262 38.1178 36.3364 36.3673 36.2225 35.5343 34.673 34.3397 33.1386 32.21 28.4981 28.9234 72.6825 27.4295 29.9213 26.9921 55.784 29.9632 26.1645 26.0988 34.0771 24.8518 24.794 28.1387 24.548 24.3429 24.6278 24.122 36.2806 40.1894 30.528 24.087 23.6686 33.9215 25.0156 23.2707 22.794 22.1347 28.0251 70.8697 23.5572 21.8857 20.7437 22.7838 20.661 20.5546 20.53 20.1567 29.356 20.025 19.9922 19.9242 19.5191 18.7992 18.7292 18.4067 18.3807 18.3608 20.048 18.3281 17.9766 32.0035 17.9244 17.8773 20.6153 26.5621 18.9615 17.5852 17.5609 21.2938 17.3412 17.2634 17.0646 17.0096 16.9571 16.8814 16.5777 16.2522 16.1012 15.9849 15.5763 15.2681 25.6748 14.967 14.799 14.1099 26.9716 14.0745 13.9985
threshold=0 1 2 2016.5000000000002 3 4 2017.5000000000002 5 200.50000000000003 6 307.00000000000006 2016.5000000000002 1696.5000000000002 7 8 2016.5000000000002 2016.5000000000002 19.500000000000004 2017.5000000000002 306.50000000000006 336.50000000000006 9 10 2016.5000000000002 218.50000000000003 2231.5000000000005 105.00000000000001 117.50000000000001 5.5000000000000009 21.500000000000004 149.50000000000003 11 18.500000000000004 12 13 2018.5000000000002 25.500000000000004 29.500000000000004 14 15 2020.5000000000002 2018.5000000000002 2018.5000000000002 16 87.500000000000014 216.50000000000003 2019.5000000000002 1487.5000000000002 136.50000000000003 11.500000000000002 346.50000000000006 17 2020.5000000000002 7.5000000000000009 1994.5000000000002 1569.5000000000002 2311.0000000000005 18 19 20 21 22 1828.0000000000002 322.50000000000006 2019.5000000000002 23 15.500000000000002 256.50000000000006 1641.0000000000002 24 2017.5000000000002 1635.0000000000002 2020.5000000000002 89.500000000000014 210.00000000000003 4.5000000000000009 2020.5000000000002 25 313.50000000000006 11.500000000000002 26 2018.5000000000002 199.50000000000003 222.00000000000003 27 20.500000000000004 1047.0000000000002 294.50000000000006 28 14.500000000000002 2422.0000000000005 225.50000000000003 82.500000000000014 43.500000000000007 134.50000000000003 1669.5000000000002 1896.5000000000002 295.50000000000006 29 262.50000000000006 25.500000000000004 348.50000000000006 28.500000000000004 24.500000000000004 20.500000000000004 30 255.00000000000003 348.00000000000006 222.00000000000003 249.50000000000003 40.500000000000007 10.500000000000002 199.50000000000003 2143.5000000000005 80.500000000000014 76.500000000000014 13.500000000000002 9.5000000000000018 31 172.50000000000003 31.500000000000004 2019.5000000000002 326.50000000000006 285.50000000000006 2292.0000000000005 262.50000000000006 2017.5000000000002
decision_type=9 9 9 2 9 9 2 9 2 9 2 2 2 9 9 2 2 2 2 2 2 1 1 2 2 2 2 2 2 2 2 1 2 1 9 2 2 2 9 1 2 2 2 1 2 2 2 2 2 2 2 9 2 2 2 2 2 1 9 9 1 9 2 2 2 1 2 2 2 9 2 2 2 2 2 2 2 1 2 2 9 2 2 2 1 2 2 2 9 2 2 2 2 2 2 2 2 2 1 2 2 2 2 2 2 1 2 2 2 2 2 2 2 2 2 2 2 2 1 2 2 2 2 2 2 2 2
left_child=3 13 23 4 20 6 14 19 15 11 -11 31 22 82 16 39 21 116 24 42 123 79 59 38 56 89 33 114 -29 32 -31 -10 48 88 35 74 53 113 43 -7 41 105 91 -3 -6 70 90 95 -30 -50 -51 52 85 54 55 -24 94 58 -25 112 83 -62 -36 64 -37 97 67 93 -68 118 -13 72 106 -66 -15 -64 78 -78 -77 -4 -59 -82 -2 -16 -18 -47 -87 -48 -17 -14 -43 115 -35 111 -9 -39 -97 -55 99 109 -86 102 103 -100 -103 -20 -72 -108 -75 -23 -90 -67 -8 -38 -27 -5 -12 -41 -33 120 -42 -114 -81 124 -1 -83 -117
right_child=1 2 5 7 44 8 12 18 9 10 17 45 25 34 60 26 84 -19 40 -21 -22 98 36 57 -26 27 -28 28 29 30 -32 69 -34 92 62 63 37 47 -40 117 119 46 -44 -45 -46 51 87 -49 49 50 -52 -53 -54 65 -56 -57 -58 80 -60 -61 61 -63 75 -65 73 66 68 -69 -70 -71 71 -73 -74 108 -76 76 77 -79 -80 122 81 125 -84 -85 100 86 -88 -89 110 -91 -92 -93 -94 -95 -96 96 -98 -99 101 -101 -102 104 -104 -105 -106 -107 107 -109 -110 -111 -112 -113 121 -115 -116 126 -118 -119 -120 -121 -122 -123 -124 -125 -126 -127 -128
leaf_value=2.9165472579310117 2.7467976839133574 2.8034090136195822 2.824378380151146 2.867540521200723 2.87641673950854 2.8095733964361762 2.7971843206306919 2.8762809164842524 2.8089530651116075 2.7944893991416846 2.7196191401753267 2.8047753165713325 2.8096590471760234 2.7643787355625657 2.7714117278977497 2.8256247578289564 2.7995218941369644 2.765479113781339 2.8486490331443175 2.8599959671624555 2.8879077785347862 2.8040906075032614 2.7932805112657326 2.8075267459930959 2.8577745097195857 2.7967402824208349 2.8259942740599229 2.799806897048966 2.7886912074906003 2.773085653811302 2.8016167622663231 2.8243097715819552 2.7548418395589973 2.8090172530338782 2.7912502836644486 2.7524695840587099 2.7847564001894778 2.7853324380138145 2.7989906229400439 2.7789200849343603 2.8725277780143554 2.8432671084167285 2.895268186371482 2.82866981497481 2.8578283689061728 2.8047116792840043 2.8525925467641544 2.7862587069382188 2.7619372806311491 2.7981148980705295 2.7644394112673143 2.8224572596952968 2.8087185276162727 2.7953676785544483 2.8033104039285894 2.7739910281021727 2.8837012007332907 2.8404049627507808 2.8235122064603875 2.7985371667672196 2.8028092276054326 2.7871010390111222 2.7665088416312469 2.7756058867294144 2.7553971887969655 2.7862965030788036 2.795468757851538 2.7658418413979722 2.7800437897366259 2.8075045976400785 2.7895723157731247 2.7959617570105046 2.8049232213301067 2.7786566249430993 2.7816896509048652 2.7731303426721592 2.7682388335308317 2.8003222028381756 2.7873980557026332 2.8153280230069515 2.8203216064939407 2.8263712021766083 2.7250173748005757 2.7891484701366664 2.8062700064858155 2.7824905953927961 2.8013097833304372 2.8651436273062316 2.8211343557181263 2.7935383998507386 2.85440639933831 2.8920991354060388 2.7930667304309136 2.7900035406967714 2.8598892442768173 2.8120458041218974 2.794063662199151 2.7818298952751102 2.8102141754350205 2.7909078864364583 2.7984114148412478 2.7901416658067397 2.7960457123668023 2.8248067526318841 2.8101217490820694 2.8631867219659495 2.8123944191848675 2.8003264613283156 2.7650057477772245 2.8205820956181835 2.8027839404860067 2.7687631617301962 2.7912039343949155 2.7678777450198493 2.7858491485321553 2.8769780945226464 2.7000215223804416 2.7951437012866576 2.8177620765977012 2.867576795222305 2.8532825747839543 2.7724790088953246 2.8266780578885804 2.9093660270118149 2.9326205122843341 2.8348294924304618 2.8877491875414827
leaf_weight=785 239 234 1362 230 339 389 348 551 2170 378 219 4302 306 214 228 632 3339 233 640 596 379 727 1370 405 1013 426 2592 307 263 419 411 1517 499 513 387 521 226 213 577 231 230 1380 773 331 965 7089 1076 1925 542 261 415 202 3010 4719 1773 236 877 329 2049 13733 709 497 375 384 462 367 2454 243 369 419 363 3183 4196 316 1707 1395 280 467 365 2469 1003 1343 200 576 3644 219 3853 451 259 513 550 390 287 1627 248 287 337 264 2075 409 906 227 209 367 249 1438 379 10286 882 203 248 222 225 430 1943 642 201 443 2663 759 703 203 325 278 391 776 569
leaf_count=785 239 234 1362 230 339 389 348 551 2170 378 219 4302 306 214 228 632 3339 233 640 596 379 727 1370 405 1013 426 2592 307 263 419 411 1517 499 513 387 521 226 213 577 231 230 1380 773 331 965 7089 1076 1925 542 261 415 202 3010 4719 1773 236 877 329 2049 13733 709 497 375 384 462 367 2454 243 369 419 363 3183 4196 316 1707 1395 280 467 365 2469 1003 1343 200 576 3644 219 3853 451 259 513 550 390 287 1627 248 287 337 264 2075 409 906 227 209 367 249 1438 379 10286 882 203 248 222 225 430 1943 642 201 443 2663 759 703 203 325 278 391 776 569
internal_value=2.80844 2.80022 2.80222 2.87021 2.89205 2.80089 2.79732 2.86503 2.80489 2.80351 2.75414 2.80468 2.79296 2.77244 2.80622 2.81596 2.80803 2.72995 2.85973 2.88109 2.9124 2.8131 2.79477 2.82234 2.87022 2.78393 2.82042 2.7816 2.77688 2.77438 2.78721 2.81581 2.769 2.81298 2.77445 2.77083 2.79201 2.78672 2.80855 2.79691 2.8559 2.85394 2.88619 2.8183 2.86225 2.80265 2.8508 2.78982 2.77377 2.77054 2.77744 2.80456 2.8043 2.79332 2.7972 2.79045 2.87774 2.82503 2.82088 2.79803 2.7914 2.79621 2.77952 2.764 2.76195 2.79204 2.78962 2.78515 2.79345 2.81902 2.80144 2.80066 2.80164 2.76493 2.77976 2.77784 2.77953 2.78765 2.77609 2.81916 2.82789 2.82647 2.73847 2.78442 2.8025 2.8031 2.8003 2.8563 2.81968 2.79956 2.84644 2.88236 2.80336 2.78726 2.87119 2.79801 2.80233 2.79468 2.80743 2.80261 2.80471 2.80951 2.81112 2.81241 2.80059 2.85917 2.80039 2.80076 2.76861 2.80769 2.81209 2.77969 2.78924 2.77369 2.78781 2.87972 2.71024 2.78986 2.82017 2.86231 2.85803 2.78232 2.81665 2.9195 2.92189 2.82947 2.88204
internal_weight=138367 122114 113920 16253 3137 106873 56397 13116 50476 44882 1031 43851 37876 8194 18521 5594 16511 653 9916 3200 1833 8622 31571 7047 2689 6305 4531 5486 3117 2810 830 6769 1980 1939 7755 4486 17062 3418 1142 1063 7227 5535 2604 565 1304 37082 3457 2762 1481 1218 676 14373 14171 13644 3379 1606 1676 5905 2454 14509 2010 1206 3269 2565 2181 10265 5282 2459 2823 4599 22709 18407 15224 1660 1921 2882 2507 747 1760 4156 3451 3122 439 804 7889 11161 4072 1527 1139 819 1930 1831 800 2216 799 837 624 4983 4466 1339 4550 3127 2651 2442 476 2078 11028 10665 1198 930 507 589 776 656 2369 1441 420 674 4180 1692 933 428 2794 1454 1176 2119 1211
internal_count=138367 122114 113920 16253 3137 106873 56397 13116 50476 44882 1031 43851 37876 8194 18521 5594 16511 653 9916 3200 1833 8622 31571 7047 2689 6305 4531 5486 3117 2810 830 6769 1980 1939 7755 4486 17062 3418 1142 1063 7227 5535 2604 565 1304 37082 3457 2762 1481 1218 676 14373 14171 13644 3379 1606 1676 5905 2454 14509 2010 1206 3269 2565 2181 10265 5282 2459 2823 4599 22709 18407 15224 1660 1921 2882 2507 747 1760 4156 3451 3122 439 804 7889 11161 4072 1527 1139 819 1930 1831 800 2216 799 837 624 4983 4466 1339 4550 3127 2651 2442 476 2078 11028 10665 1198 930 507 589 776 656 2369 1441 420 674 4180 1692 933 428 2794 1454 1176 2119 1211
cat_boundaries=0 3 6 9 12 15 16 17 20 23 24 25 26 27 30 31 32 33 34 35 38 39 40 41 42 45 46 47 48 49 50 51 52
cat_threshold=268484608 3776 11 56754176 100999168 8929280 2147822598 2147500288 4464640 0 0 10 142606336 138412048 1081872 68 136 2097152 8192 16384 8388608 134217744 16 629 1868 3208 3155 0 65536 524288 44 1307 2657 805306368 724 263168 0 4456448 2147524608 3122 2149613568 35 512 0 32 1033 4 2195 1 2176 2147 21
is_linear=0
shrinkage=1


Tree=1
num_leaves=128
num_cat=30
split_feature=2 2 10 2 2 10 2 10 2 4 2 4 10 0 10 10 7 8 4 2 1 10 8 9 9 10 7 7 9 9 7 8 3 8 4 7 9 3 2 10 10 9 9 4 8 9 7 9 7 8 9 10 9 9 9 9 3 8 10 9 9 4 7 8 7 8 7 3 7 9 9 10 9 9 9 10 9 4 4 4 10 4 10 9 7 7 4 2 10 9 7 7 10 8 8 7 2 9 9 9 9 9 9 7 9 7 10 8 10 8 9 10 8 8 8 10 3 7 9 8 8 4 7 10 10 7 7
split_gain=25384.4 2446.79 1080.51 823.067 529.896 359.997 266.16 261.659 216.921 204.405 202.565 195.477 214.154 184.871 176.483 173.654 165.078 128.19 104.225 100.108 95.8684 83.6351 97.8457 97.3552 78.5249 76.2987 99.0671 80.0937 74.2649 70.4875 69.115 60.1811 59.7529 77.3335 57.6058 96.0418 53.7597 52.5458 52.1917 51.219 49.5131 47.6919 46.8699 48.3468 46.5273 40.4683 48.7644 55.0141 40.4619 39.045 46.7562 104.826 62.7416 178.699 52.032 38.8519 48.6055 38.2694 54.3311 35.1554 34.6592 34.5554 34.3545 54.3126 39.2039 34.2231 32.7472 32.496 31.7024 30.8492 32.2285 30.8265 29.8612 29.7264 29.2889 29.1234 35.5767 77.3487 31.7167 29.2332 28.2029 38.9455 53.5409 27.6563 45.4238 27.635 27.2161 27.1419 27.0754 26.5653 26.1112 25.911 25.9048 25.5861 24.6501 24.5116 23.889 25.0078 24.0099 23.4852 23.3267 23.1719 24.9051 20.8823 20.7264 20.6451 20.169 27.5397 19.6901 19.6665 19.6385 19.4559 22.5221 19.721 19.3765 20.2882 19.1705 19.1566 18.7444 18.7172 18.6465 18.4411 17.9215 17.4734 24.7768 28.5288 17.3516
threshold=0 1 200.50000000000003 2 3 307.00000000000006 4 1703.0000000000002 5 6 7 8 1808.5000000000002 9 1886.0000000000002 2020.5000000000002 19.500000000000004 305.50000000000006 10 11 12 1487.5000000000002 334.50000000000006 2010.0000000000002 2573.0000000000005 1886.0000000000002 25.500000000000004 20.500000000000004 1530.5000000000002 2119.5000000000005 18.500000000000004 95.500000000000014 13 29.500000000000004 14 13.500000000000002 2814.5000000000005 15 16 94.500000000000014 2049.0000000000005 2385.5000000000005 2196.0000000000005 17 43.500000000000007 2267.5000000000005 15.500000000000002 2066.0000000000005 4.5000000000000009 274.50000000000006 1879.5000000000002 1392.0000000000002 1994.5000000000002 1962.0000000000002 1631.0000000000002 2010.0000000000002 18 95.500000000000014 1706.5000000000002 2093.5000000000005 1926.5000000000002 19 12.500000000000002 101.50000000000001 6.5000000000000009 323.50000000000006 10.500000000000002 20 13.500000000000002 1879.5000000000002 1994.5000000000002 146.50000000000003 1353.0000000000002 1994.5000000000002 2311.0000000000005 1447.0000000000002 2292.0000000000005 21 22 23 1600.0000000000002 24 1631.5000000000002 1900.5000000000002 19.500000000000004 11.500000000000002 25 26 149.50000000000003 2196.0000000000005 18.500000000000004 7.5000000000000009 291.00000000000006 202.50000000000003 335.50000000000006 27.500000000000004 27 2181.0000000000005 2074.5000000000005 1949.0000000000002 2174.5000000000005 1530.5000000000002 1353.0000000000002 16.500000000000004 2066.0000000000005 2.5000000000000004 1859.0000000000002 81.500000000000014 1886.0000000000002 291.50000000000006 2206.5000000000005 224.00000000000003 59.500000000000007 109.50000000000001 149.50000000000003 1555.5000000000002 28 27.500000000000004 2254.0000000000005 53.500000000000007 199.50000000000003 29 27.500000000000004 189.00000000000003 259.50000000000006 15.500000000000002 20.500000000000004
decision_type=9 9 2 9 9 2 9 2 9 1 9 1 2 9 2 2 2 2 1 9 9 2 2 2 2 2 2 2 2 2 2 2 9 2 1 2 2 9 9 2 2 2 2 1 2 2 2 2 2 2 2 2 2 2 2 2 9 2 2 2 2 1 2 2 2 2 2 9 2 2 2 2 2 2 2 2 2 1 1 1 2 1 2 2 2 2 1 9 2 2 2 2 2 2 2 2 9 2 2 2 2 2 2 2 2 2 2 2 2 2 2 2 2 2 2 2 9 2 2 2 2 1 2 2 2 2 2
left_child=7 8 6 5 11 -4 18 13 120 14 65 12 60 17 85 21 -7 39 95 123 -8 23 25 28 67 26 34 30 72 38 62 92 33 -28 35 73 41 119 49 -1 93 74 43 -20 91 46 47 -37 -44 50 54 -52 53 -53 -15 56 -36 90 89 -54 83 -22 63 -27 -65 104 -17 86 -24 -45 116 -19 -13 -23 -11 79 78 108 -77 96 -31 -82 -83 -5 -85 -9 -12 -21 -50 -59 -57 -39 -25 -14 -26 110 98 -98 121 -89 -48 102 -81 -70 -6 -75 107 118 -78 -16 -3 112 -41 -114 117 -116 -71 -34 -92 -30 -2 -69 -46 -10 -125 -126 -58
right_child=1 2 3 4 10 16 20 9 19 36 24 15 40 29 109 66 -18 71 42 87 61 22 68 31 94 27 32 -29 37 80 -32 -33 114 -35 55 45 -38 44 -40 111 -42 -43 48 69 122 -47 100 -49 88 -51 51 52 59 -55 -56 57 126 58 -60 -61 -62 -63 -64 64 -66 -67 -68 75 103 70 -72 -73 -74 105 -76 76 77 -79 -80 101 81 82 -84 84 -86 -87 -88 99 -90 -91 106 -93 -94 -95 -96 -97 97 -99 -100 -101 -102 -103 -104 -105 -106 -107 -108 -109 -110 -111 -112 -113 113 -115 115 -117 -118 -119 -120 -121 -122 -123 -124 124 125 -127 -128
leaf_value=0.062150551850012295 -0.058617592033263777 0.019046653564679401 -0.013310461737727994 -0.010083995936206472 0.02340390237789032 -0.09334712078883535 -0.028726265313842599 0.12063341248643439 -0.049257812611315226 0.054743315289491425 -0.004453369907815731 -0.0076925876702407386 0.023541839657022674 0.068808010716153223 0.069224826980897478 -0.015929669190259756 -0.04087023252837136 0.06211761838926505 0.022990861513140372 -0.019327864815777772 -0.0093003134756626474 0.005570906162844419 0.0013884679833233852 -0.0078213161929507873 0.014500399885230325 -0.014248497182321128 -0.045398764916700293 -0.0057036124262281355 -0.013045191999833047 0.036432883065625483 -0.055278759336360311 -0.0078043938312806526 -0.0064342878028100826 -0.021552399802106197 -0.0038235971690067706 -0.05057608554124892 0.075249298683231269 -0.018609024871193685 0.042526901239202101 0.081100285896555768 -0.0028344100199335052 0.043264310085544933 -0.017974207258286832 0.01721332456452072 -0.015921129665295759 -0.038035468260382843 -0.012612668538230077 -0.017471722629945355 0.010876886043936397 0.047092219657780043 0.09630946640594347 0.048686485466792863 0.052177400930182631 0.095661630309545082 0.040894552671208319 -0.0085450756596226855 -0.019468851173969133 -0.0054287812827556016 -0.019027330308425718 0.069635681104479749 -0.0069428905111840042 0.0042392420528592559 -0.01053807455657044 -0.023312026800140162 -0.048553371119002507 -0.0026872904674245385 -0.036824122816995056 0.010321115823524832 -0.019283112451772801 -0.0094628845228220543 0.0095935825072371375 0.041299070817393729 0.010239519107604197 0.0018132796992772614 0.075242783163066512 -0.0095618998183397939 0.010648810690976084 -0.0070606842156389045 -0.0051863492936800731 -0.0061281588083258072 0.034097150821730073 0.048119676883755888 0.071481797324672983 -0.033110017035565133 -0.0083466463372047633 0.097316586431874408 0.0014659856704581115 -0.020999280045471479 -0.0055947782044531782 0.0048855588182147806 -0.0218187894094591 -0.035527721518310948 0.0072162357781885627 0.0092733647134464192 0.00067946975581024017 0.0093622833429660487 -0.010720071329920547 0.0040441218473199749 0.013029149676761265 -0.030729950274549923 -0.027033792658542413 -0.0059416982899004704 0.013404150717397416 -0.0061312308324349739 0.011261496331166344 -0.013354730710641492 -0.025974042896036206 0.0027194600100770142 0.0011547158655950975 0.087123537151684319 0.027978303608136381 0.082680997733974096 0.058966057282838838 0.073278427319064809 -0.015780408351632361 0.0027694014312826566 0.0072616157610069162 -0.02241386611821462 -0.0088386942137314625 -0.0063514793121263406 -0.079308881813194607 -0.00070595074709468267 -0.0021275983423119718 -0.030430473823960986 -0.032947963592214663 -0.043488089564613128 -0.034476825131869483
leaf_weight=1509 239 2058 378 1961 694 420 377 299 231 456 3408 438 425 230 629 242 233 252 731 1647 799 307 1205 351 735 368 402 464 1952 738 221 2112 281 2204 520 251 396 422 1123 419 709 564 242 801 1941 392 1168 251 663 824 206 421 1810 390 609 4003 862 1412 492 343 12266 1120 311 258 381 254 833 439 396 436 1716 604 494 261 282 6127 935 3123 13165 313 589 1324 301 392 351 221 4490 857 400 1119 645 488 1556 1205 575 465 794 449 486 2243 369 5091 341 1269 712 1597 385 231 1313 203 878 523 415 573 262 337 270 564 489 2246 200 2434 268 1687 1281 1287 248
leaf_count=1509 239 2058 378 1961 694 420 377 299 231 456 3408 438 425 230 629 242 233 252 731 1647 799 307 1205 351 735 368 402 464 1952 738 221 2112 281 2204 520 251 396 422 1123 419 709 564 242 801 1941 392 1168 251 663 824 206 421 1810 390 609 4003 862 1412 492 343 12266 1120 311 258 381 254 833 439 396 436 1716 604 494 261 282 6127 935 3123 13165 313 589 1324 301 392 351 221 4490 857 400 1119 645 488 1556 1205 575 465 794 449 486 2243 369 5091 341 1269 712 1597 385 231 1313 203 878 523 415 573 262 337 270 564 489 2246 200 2434 268 1687 1281 1287 248
internal_value=-5.3464e-05 -0.00786804 -0.0057906 -0.00740155 -0.00694166 -0.0516426 0.00912641 0.0586287 -0.0319884 0.0718643 -0.0029792 -0.0102714 -0.00587072 0.0556156 0.0872282 -0.0123131 -0.0746226 0.0645914 0.0131303 -0.0302759 -0.00600636 -0.0117282 -0.0134494 -0.0083717 -0.00362412 -0.0146299 -0.013654 -0.0239127 -0.0114807 0.051158 -0.0294027 -0.00199047 -0.0205932 -0.0251345 -0.0117806 -0.0164657 0.0587712 -0.0131739 0.0543466 0.0690514 0.00819585 0.0542108 0.00867778 0.011406 -0.0181092 -0.0233225 -0.0204939 -0.0340239 0.000477936 0.0568874 0.0590425 0.0618205 0.0594235 0.0712763 0.0485466 -0.00968624 -0.0167846 -0.00837887 -0.003824 0.0549587 -0.00807248 -0.00141711 -0.0250638 -0.0295499 -0.038362 0.0141185 -0.0321204 -0.0039931 -0.00478869 0.00868026 0.00589405 0.0474279 0.0018122 -0.00884248 0.0625764 -0.00464624 -0.00558164 -0.00198256 -0.00658364 -0.00242113 0.0448977 0.0477194 0.0521263 -0.0131966 -0.0214116 0.110724 -0.00109063 -0.0250052 0.00467871 -0.000868629 -0.0107723 -0.0276819 0.00444844 0.0129937 0.00843396 0.0199696 0.000551838 -0.00534392 0.00274295 -0.0279497 -0.0160749 -0.00479522 0.00405612 -0.00925925 0.017255 -0.011224 -0.0158669 -0.0130162 0.00508095 0.0735919 0.0217176 0.074447 0.0713863 0.0672667 -0.0121394 -0.0053442 -0.00309801 -0.0170999 -0.0162216 -0.00944145 -0.0665287 0.00101247 -0.0142477 -0.0357852 -0.0351379 -0.0382303 -0.0226182
internal_weight=138367 122114 112442 101486 100455 1031 10956 16253 9672 3050 45878 54577 17309 13203 1352 37268 653 4295 8660 9233 2296 36193 23925 12268 44218 21055 19052 2003 8249 8908 1539 4019 4050 2606 15002 4596 1698 7317 5956 3439 2339 1302 5259 3954 3119 2431 2039 502 1305 4833 4009 3170 2964 811 839 10406 1630 8776 3023 2153 14970 1919 1318 1007 639 1660 1075 42908 2870 3223 2422 856 932 2165 738 35010 24663 5371 19292 10347 2952 2214 1625 2704 743 520 7898 4747 1063 2531 5753 910 1907 1630 1310 3401 4602 1243 3359 3100 1537 5745 654 1665 1406 1858 1750 1365 2248 832 2936 1930 1407 988 1444 599 706 845 1134 4198 439 2873 2209 4486 4255 2568 1110
internal_count=138367 122114 112442 101486 100455 1031 10956 16253 9672 3050 45878 54577 17309 13203 1352 37268 653 4295 8660 9233 2296 36193 23925 12268 44218 21055 19052 2003 8249 8908 1539 4019 4050 2606 15002 4596 1698 7317 5956 3439 2339 1302 5259 3954 3119 2431 2039 502 1305 4833 4009 3170 2964 811 839 10406 1630 8776 3023 2153 14970 1919 1318 1007 639 1660 1075 42908 2870 3223 2422 856 932 2165 738 35010 24663 5371 19292 10347 2952 2214 1625 2704 743 520 7898 4747 1063 2531 5753 910 1907 1630 1310 3401 4602 1243 3359 3100 1537 5745 654 1665 1406 1858 1750 1365 2248 832 2936 1930 1407 988 1444 599 706 845 1134 4198 439 2873 2209 4486 4255 2568 1110
cat_boundaries=0 3 6 7 10 13 16 17 20 21 22 23 26 27 28 29 30 33 34 35 36 37 38 39 40 41 42 45 48 49 50
cat_threshold=268484608 3776 11 65142784 105193472 8962048 1 134217728 134217744 1049104 2147494919 2147483648 4194304 2097152 8192 16384 518 262144 16640 8192 1796 68 1067 0 65536 524288 268468224 11 2176 28 0 64 10 68 17 116 80 522 674 237 2208 484 8388608 4456448 32768 512 0 262176 19 32
is_linear=0
shrinkage=0.05


Tree=2
num_leaves=128
num_cat=47
split_feature=2 2 2 6 2 6 2 2 10 2 0 6 10 2 2 6 4 8 8 2 4 6 8 9 3 6 3 10 4 8 6 4 0 2 4 1 6 4 4 8 6 6 6 0 4 6 10 2 10 4 2 2 6 2 8 8 8 6 9 6 4 10 4 8 6 3 4 10 8 4 10 8 9 8 4 3 6 2 8 8 8 6 3 8 8 8 2 8 3 6 8 9 9 8 3 8 8 10 2 10 4 9 8 8 8 8 8 10 8 8 8 8 3 8 10 4 10 8 8 8 10 8 9 9 8 4 8
split_gain=22911.3 2208.38 981.005 606.23 609.4 522.177 830.025 691.078 585.441 448.81 348.94 219.23 200.691 195.758 189.964 132.564 128.338 108.605 101.686 91.0393 89.9758 87.4459 86.2974 74.0738 72.0826 61.0837 60.8636 57.3611 136.792 52.4245 51.9429 44.0527 37.1596 36.8649 34.3481 50.2549 33.6839 32.9092 32.8591 30.5862 29.8877 29.6348 29.7885 29.121 28.1027 27.9644 26.4099 24.9915 24.9352 21.9091 30.4083 22.6438 22.1318 21.6394 20.591 120.772 43.7367 20.4678 20.139 19.5276 39.1871 19.4989 18.485 18.3899 25.7216 18.3198 18.1737 17.7655 17.763 17.6834 17.6428 17.4547 17.1659 17.003 16.939 16.8957 16.7912 18.2145 19.1743 16.7868 60.7523 38.0903 16.4612 16.1649 17.8323 16.0533 15.9295 15.2104 15.1211 35.9069 22.0105 14.875 26.1706 39.7097 15.9482 15.6097 14.1175 14.0496 14.0093 13.9679 13.933 13.6446 13.4574 21.2811 13.2559 13.3542 40.8389 14.9291 25.1797 46.4495 22.0172 31.2514 13.0859 12.9998 34.3714 27.5206 12.9275 12.7913 14.4622 12.6867 12.4291 12.3405 20.6244 11.975 11.8537 11.8424 12.0734
threshold=0 1 2 2016.5000000000002 3 2017.5000000000002 4 5 307.00000000000006 6 7 2016.5000000000002 1696.5000000000002 8 9 2017.5000000000002 10 306.50000000000006 336.50000000000006 11 12 2016.5000000000002 218.50000000000003 2231.5000000000005 13 2018.5000000000002 14 68.500000000000014 15 117.50000000000001 2016.5000000000002 16 17 18 19 20 2020.5000000000002 21 22 87.500000000000014 2018.5000000000002 2020.5000000000002 2018.5000000000002 23 24 2019.5000000000002 322.50000000000006 25 1635.0000000000002 26 27 28 2018.5000000000002 29 342.50000000000006 293.50000000000006 290.50000000000006 2020.5000000000002 2311.0000000000005 2018.5000000000002 30 263.50000000000006 31 25.500000000000004 2019.5000000000002 32 33 348.00000000000006 294.50000000000006 34 33.500000000000007 225.50000000000003 2422.0000000000005 348.50000000000006 35 36 2020.5000000000002 37 218.50000000000003 29.500000000000004 22.500000000000004 2020.5000000000002 38 80.500000000000014 102.50000000000001 134.50000000000003 39 188.50000000000003 40 2020.5000000000002 141.50000000000003 1926.5000000000002 1900.5000000000002 225.50000000000003 41 170.50000000000003 278.50000000000006 210.00000000000003 42 76.500000000000014 43 2040.0000000000002 172.50000000000003 43.500000000000007 295.50000000000006 45.500000000000007 25.500000000000004 1583.5000000000002 256.50000000000006 265.50000000000006 139.50000000000003 85.500000000000014 44 253.50000000000003 1587.5000000000002 45 25.500000000000004 262.50000000000006 337.50000000000006 128.50000000000003 1548.0000000000002 285.50000000000006 2196.0000000000005 1957.0000000000002 351.50000000000006 46 199.50000000000003
decision_type=9 9 9 2 9 2 9 9 2 9 9 2 2 9 9 2 1 2 2 9 1 2 2 2 9 2 9 2 1 2 2 1 9 9 1 9 2 1 1 2 2 2 2 9 1 2 2 9 2 1 9 9 2 9 2 2 2 2 2 2 1 2 1 2 2 9 1 2 2 1 2 2 2 2 1 9 2 9 2 2 2 2 9 2 2 2 9 2 9 2 2 2 2 2 9 2 2 2 9 2 1 2 2 2 2 2 2 2 2 2 2 2 9 2 2 1 2 2 2 2 2 2 2 2 2 1 2
left_child=3 13 21 4 18 7 43 8 30 12 17 14 20 70 38 22 -16 40 121 76 67 32 58 73 79 97 -10 28 -27 82 44 -32 37 46 35 -11 61 -3 -9 -6 71 42 74 100 -4 72 63 69 57 50 -23 52 66 62 55 56 88 86 85 60 -45 -37 -13 -29 -65 -38 -51 87 -47 -18 -2 99 -44 -14 -17 -26 77 -15 -79 80 81 -22 -25 -84 -85 -12 -36 -8 89 -31 119 92 94 -94 -69 -96 101 -21 -59 -5 -7 -67 103 -43 105 106 -77 -107 110 -110 111 -109 -75 115 -115 -81 -53 -54 -119 -90 -106 122 -1 -80 -56 -41 -127
right_child=1 2 5 10 39 6 9 11 26 34 15 53 23 19 16 41 47 -19 -20 25 24 49 -24 29 75 27 -28 33 -30 54 31 -33 -34 -35 48 36 65 -39 -40 125 -42 102 45 59 -46 68 -48 -49 -50 51 -52 116 117 -55 124 -57 -58 98 -60 -61 -62 -63 -64 64 -66 96 -68 91 -70 -71 -72 -73 -74 112 -76 104 -78 78 123 113 -82 -83 83 84 -86 -87 -88 -89 90 -91 -92 -93 93 -95 95 -97 -98 -99 -100 -101 -102 -103 -104 -105 120 107 -108 108 109 -111 -112 -113 -114 114 -116 -117 -118 118 -120 -121 -122 -123 -124 -125 -126 126 -128
leaf_value=0.097347829283574785 -0.054595520430070148 -0.0053205020915792914 -0.0054409205437057837 0.052980576679717922 0.061323428893074461 -0.0036299533231724658 -0.0080559431280551562 -0.028303005251667512 -0.047155559115868932 0.017958043920492155 0.06166382958274174 -0.0032649003416100222 0.0010988336357781116 -0.018849845641273549 0.010283602008018301 0.035786581019490352 0.0098111338298040758 0.046635762355665383 0.071674534379649602 -0.036512839999487436 -0.004853777304768216 -0.0013779072277247907 0.044166134368823169 -0.012485940636499731 -0.0098198644786139915 -0.047245933572322728 -0.082141485353986896 -0.054983649192548369 0.0070529822830951985 -0.026167438427675899 0.01144452880079596 -0.011988376075284208 -0.0089459959598451703 -0.025942731002246949 -0.020246029473914236 -0.018311409126430003 0.0061024919183830083 0.018949038327452455 -0.0088667624948400841 0.032200595369588018 0.078540666054399327 0.055557787192953845 0.031092492230175208 0.023398738092349797 -0.025530881873124307 0.039633829560969114 -0.029404773154965369 -0.0011838360974353512 -0.011561460208710713 0.016575747830780471 0.013701552215875309 0.021163412425962706 0.015804254364918998 -0.0019295804227961546 -0.039997391026540131 -0.0014797441659080807 -0.050336279955885889 0.0044658074590780729 0.067882755043212339 0.018534361249808177 -0.0023137555952416735 -0.0057624821646848545 -0.0080146438526705385 -0.051347097446123091 -0.038402639899413088 -0.00061385916688495553 0.0023763358566902303 0.00019894611480737241 0.051454799800508239 0.0018429312623150489 -0.074642695345788865 0.076199802781144785 0.041538764722819907 -0.0053634819403799959 0.049439100313093003 -0.011550558828060411 -0.012125999414704412 -0.03484936960412726 -0.012162589288883559 -0.019717146356604789 -0.049398626304662629 -0.030955630631117365 -0.011018907686463476 -0.02838015672410173 -0.015536225117032018 0.046345066858996309 -0.0073883935729456285 -0.02166687020645389 -0.024056403910141591 -0.052142352950610399 -0.017243306916391001 -0.0081683615948454445 -0.034133941637722209 -0.010226741669001059 -0.02201130101265213 -0.0090252025613346987 0.0012343621632978272 -0.024955390373866321 -0.0045529251397773331 0.06642157882800008 0.012685342161513572 -0.0087861269516509664 0.053418427746993284 0.039317776268015275 -0.014706883150007656 -0.010330826727870876 -0.023084312983539249 -0.010377454974314708 -0.034507925366676163 -0.010985926284108225 -0.0057629075656154957 -0.027739739630804724 -0.021901555236374194 -0.018970766494167932 -0.042233996511924832 -0.0019990972300421355 0.03785376612373173 0.029489264389013243 0.015367784384394302 -0.041429883212837776 -0.03005821546241641 0.091279468540665057 0.11075966218429985 -0.028497199616870101 -0.028475583986536379 0.041020124828802393 0.05555967148564054
leaf_weight=681 219 235 275 230 339 300 335 401 423 241 551 4096 306 1515 7654 640 1066 596 379 298 258 405 1013 829 3040 217 328 306 238 339 349 445 577 622 245 319 757 330 531 355 773 295 1380 244 582 1076 384 4626 3183 445 2049 252 1306 7276 510 409 265 512 877 2389 358 10455 4193 521 1457 928 472 367 451 2018 220 390 550 268 1438 1791 425 562 207 1535 232 305 274 875 391 248 9218 530 219 219 557 10473 307 400 291 1130 1523 2236 2524 1211 219 1136 759 638 279 3509 1343 723 410 430 802 404 245 651 210 271 215 463 298 202 250 278 495 245 397 228 382
leaf_count=681 219 235 275 230 339 300 335 401 423 241 551 4096 306 1515 7654 640 1066 596 379 298 258 405 1013 829 3040 217 328 306 238 339 349 445 577 622 245 319 757 330 531 355 773 295 1380 244 582 1076 384 4626 3183 445 2049 252 1306 7276 510 409 265 512 877 2389 358 10455 4193 521 1457 928 472 367 451 2018 220 390 550 268 1438 1791 425 562 207 1535 232 305 274 875 391 248 9218 530 219 219 557 10473 307 400 291 1130 1523 2236 2524 1211 219 1136 759 638 279 3509 1343 723 410 430 802 404 245 651 210 271 215 463 298 202 250 278 495 245 397 228 382
internal_value=-5.06994e-05 -0.00747485 -0.00550121 0.0556996 0.0754793 -0.0067092 -0.00915241 -0.00163889 -0.0274433 -0.0103824 0.0510113 0.000315017 -0.0141363 -0.03039 0.00436856 0.0461634 0.0056992 0.0656844 0.0942269 -0.0287632 -0.0124501 0.0125493 0.0556875 -0.0222556 -0.0149584 -0.0322585 -0.0641574 -0.0363665 -0.0197268 -0.0243496 -0.0109092 -0.00169537 -9.82046e-05 -0.0386677 -0.00595535 -0.00426643 -0.00463235 0.00893765 -0.017441 0.0480352 0.0702964 0.0426836 0.0409133 0.0145313 -0.0194457 0.0380694 -0.041382 0.00114067 -0.00760572 0.0150165 0.0112174 0.0176344 0.0158854 -0.0039287 -0.0286107 -0.0260072 -0.0315773 -0.00660443 0.0626513 0.0164513 0.00845817 -0.00613403 -0.00567433 -0.0435768 -0.0418122 -0.000918544 0.00947367 -0.00945084 0.0431252 0.00461999 -0.0632023 0.0668159 0.0340694 -0.00822918 0.0456444 -0.0132178 -0.0212498 -0.0228671 -0.0284031 -0.021428 -0.0278669 -0.0189942 -0.018743 -0.0218881 -0.0244134 0.0569091 -0.00775048 -0.0163956 -0.0283409 -0.0357217 -0.023524 -0.0089949 -0.0124644 -0.0206079 -0.00924428 -0.0116029 -0.00241056 -0.0263146 -0.00303227 0.0642762 0.00336419 -0.00511177 0.0484745 0.0444526 -0.014246 -0.0138274 -0.0164931 -0.0124968 -0.0152415 -0.0224669 -0.0120952 -0.0166014 -0.0137933 -0.019589 -0.0246447 -0.0171787 0.0282426 0.0188067 0.0239594 -0.0323924 -0.0219618 0.100754 0.102993 -0.0210165 -0.0349542 0.0438649 0.0493167
internal_weight=138367 122114 112442 16253 3137 105395 71132 34263 2402 67622 13116 31861 36581 9672 16296 9916 15364 3200 1833 9233 30276 7047 2689 6305 16443 6279 751 3745 455 5486 1651 794 1142 3290 31041 15359 15118 565 932 1304 2604 7227 5535 3510 857 3457 2668 7710 15682 5905 2454 3451 2984 15565 3117 2210 1801 12499 1676 2991 602 10774 8289 2284 1978 4344 917 13833 1527 3084 439 1831 1930 819 2078 12981 2954 2529 1014 3462 795 563 2369 1540 1266 799 9463 865 1536 558 978 12968 2495 707 1788 1421 3587 2534 3036 1441 519 2064 1692 933 9941 9412 3134 6278 2769 840 1929 1127 513 2667 861 1806 467 2067 761 421 529 1454 1176 452 907 965 610
internal_count=138367 122114 112442 16253 3137 105395 71132 34263 2402 67622 13116 31861 36581 9672 16296 9916 15364 3200 1833 9233 30276 7047 2689 6305 16443 6279 751 3745 455 5486 1651 794 1142 3290 31041 15359 15118 565 932 1304 2604 7227 5535 3510 857 3457 2668 7710 15682 5905 2454 3451 2984 15565 3117 2210 1801 12499 1676 2991 602 10774 8289 2284 1978 4344 917 13833 1527 3084 439 1831 1930 819 2078 12981 2954 2529 1014 3462 795 563 2369 1540 1266 799 9463 865 1536 558 978 12968 2495 707 1788 1421 3587 2534 3036 1441 519 2064 1692 933 9941 9412 3134 6278 2769 840 1929 1127 513 2667 861 1806 467 2067 761 421 529 1454 1176 452 907 965 610
cat_boundaries=0 3 6 9 12 14 17 20 21 24 26 27 30 31 32 33 34 35 36 39 40 41 42 43 44 45 48 49 52 55 58 59 60 61 62 63 64 65 68 69 71 72 73 76 77 78 79 80
cat_threshold=268484608 3776 11 65142784 105193472 8962048 2147822598 2147500288 4464640 0 0 10 1 536870912 1 0 1049088 134217728 16 1048592 68 2097152 8192 16384 134217984 671088640 629 25165824 105119744 32768 1868 2 14 1612 1607 44 0 65536 8912896 3087 25165824 2633 2160 16 1808 512 16 1056 724 263168 0 4456448 262150 16384 262144 512 0 144 1129 1644 80 3329 258 2147 16 8388608 4456448 32768 6 512 134217728 9 4 256 134217736 128 61 19 176 2344
is_linear=0
shrinkage=0.05


Tree=3
num_leaves=128
num_cat=44
split_feature=2 2 2 6 2 2 6 2 10 0 6 10 10 1 2 6 7 6 6 8 8 4 4 4 6 9 3 7 0 8 7 7 8 4 7 6 2 4 7 4 0 8 3 7 8 6 8 7 6 6 6 7 10 8 7 8 4 6 6 9 6 3 2 4 1 1 8 3 4 8 6 7 9 3 10 8 8 7 4 8 8 8 4 0 7 8 9 4 8 7 8 4 6 3 8 10 8 1 4 9 8 9 7 4 3 8 3 7 8 7 4 9 9 7 8 8 10 2 9 6 10 8 3 7 6 9 4
split_gain=20681.3 1987.4 841.62 529.892 593.453 451.062 659.518 328.511 227.832 772.281 298.767 297.723 180.909 156.891 150.948 145.243 143.842 139.918 116.624 98.0164 91.7712 86.2402 83.5839 82.3979 76.6515 66.7163 65.7566 60.5123 53.255 47.2865 56.8775 59.2968 57.1036 45.5033 44.2756 40.0333 71.7303 45.1108 54.5031 36.4879 33.8738 32.9915 32.8736 31.4353 30.989 29.4271 27.8339 27.4521 26.9736 26.6168 25.4352 25.3828 24.2957 24.0531 26.7132 62.4855 23.6309 23.514 22.7536 25.4546 23.4673 22.0999 21.8889 21.6806 24.8502 20.643 20.1058 19.8955 19.8128 19.7376 19.4542 19.3655 21.6381 21.4397 19.6528 26.708 32.8787 26.4373 26.8585 19.9179 29.6292 28.9713 19.2398 31.1818 18.9707 18.8539 18.7045 18.3212 25.3256 22.1843 34.8663 18.3191 18.0309 17.6051 17.5282 17.1413 16.9585 16.8316 15.8704 15.8432 15.7529 15.4294 15.403 15.3244 16.9343 14.8729 14.8266 16.8892 21.1717 14.7749 14.8161 14.419 14.364 14.1944 14.0571 13.6981 13.2454 23.7551 13.0085 12.9955 14.5718 16 14.4203 12.8501 24.6488 12.6778 12.6478
threshold=0 1 2 2016.5000000000002 3 4 2017.5000000000002 5 200.50000000000003 6 2016.5000000000002 307.00000000000006 1696.5000000000002 7 8 2017.5000000000002 19.500000000000004 2016.5000000000002 2017.5000000000002 306.50000000000006 336.50000000000006 9 10 11 2016.5000000000002 2231.5000000000005 12 22.500000000000004 13 117.50000000000001 5.5000000000000009 21.500000000000004 149.50000000000003 14 18.500000000000004 2018.5000000000002 15 16 4.5000000000000009 17 18 87.500000000000014 19 28.500000000000004 29.500000000000004 2020.5000000000002 334.50000000000006 6.5000000000000009 2018.5000000000002 2019.5000000000002 2018.5000000000002 9.5000000000000018 1392.0000000000002 136.50000000000003 11.500000000000002 346.50000000000006 20 2019.5000000000002 2017.5000000000002 2005.0000000000002 2020.5000000000002 21 22 23 24 25 325.50000000000006 26 27 237.50000000000003 2016.5000000000002 7.5000000000000009 1994.5000000000002 28 1524.5000000000002 85.500000000000014 137.50000000000003 14.500000000000002 29 256.50000000000006 265.50000000000006 294.50000000000006 30 31 25.500000000000004 80.500000000000014 2155.0000000000005 32 326.50000000000006 21.500000000000004 187.50000000000003 33 2020.5000000000002 34 43.500000000000007 222.00000000000003 199.50000000000003 35 36 2165.0000000000005 225.50000000000003 2022.5000000000002 14.500000000000002 37 38 244.50000000000003 39 4.5000000000000009 80.500000000000014 25.500000000000004 40 2422.0000000000005 2143.5000000000005 13.500000000000002 294.50000000000006 85.500000000000014 1696.5000000000002 41 2102.0000000000005 2018.5000000000002 122.50000000000001 262.50000000000006 42 11.500000000000002 2018.5000000000002 1988.5000000000002 43
decision_type=9 9 9 2 9 9 2 9 2 9 2 2 2 9 9 2 2 2 2 2 2 1 1 1 2 2 9 2 9 2 2 2 2 1 2 2 9 1 2 1 9 2 9 2 2 2 2 2 2 2 2 2 2 2 2 2 1 2 2 2 2 9 9 1 9 9 2 9 1 2 2 2 2 9 2 2 2 2 1 2 2 2 1 9 2 2 2 1 2 2 2 1 2 9 2 2 2 9 1 2 2 2 2 1 9 2 9 2 2 2 1 2 2 2 2 2 2 9 2 2 2 2 9 2 2 2 1
left_child=3 14 24 4 20 6 13 19 15 10 33 -11 22 17 96 39 113 21 23 48 -1 51 65 -9 40 102 27 86 43 106 -31 34 -33 -10 53 118 47 -38 -39 -7 42 -6 -3 -17 -29 50 58 -37 100 -40 52 -4 -20 -32 -55 -56 -51 111 -12 60 -60 69 -35 95 -65 101 91 -58 -30 -23 103 72 105 112 77 84 -77 78 -75 -78 -81 -82 119 -84 -76 -79 94 89 -89 90 -63 99 -49 -62 -24 -15 -2 -85 -19 -61 -5 -8 -14 -41 -105 -28 -27 -108 -109 -100 -111 -52 -73 -13 -59 -46 117 -93 -16 -26 -121 122 -122 124 -80 -95 -42
right_child=1 2 5 7 41 8 12 18 9 11 46 16 25 63 35 28 -18 98 45 -21 -22 61 26 -25 82 29 71 44 68 30 31 32 -34 62 -36 36 37 38 49 70 126 -43 -44 -45 115 -47 -48 92 -50 56 57 -53 -54 54 55 -57 67 114 59 66 93 87 -64 64 -66 -67 -68 -69 -70 -71 -72 73 -74 74 75 76 79 85 123 80 81 -83 83 97 -86 -87 -88 88 -90 -91 -92 116 -94 125 -96 -97 -98 -99 109 -101 -102 -103 -104 104 -106 -107 107 108 -110 110 -112 -113 -114 -115 -116 -117 -118 -119 -120 120 121 -123 -124 -125 -126 -127 -128
leaf_value=0.095715829979582223 -0.052420107216796366 -0.0056845713721171715 0.0049990496805692461 0.061062429047068149 0.058233226169309371 0.011871673050590538 -0.028798847601603346 0.062919382568689813 0.00036846620301360123 -0.012015384448219152 -0.0028315274006298313 -0.076445566117763528 0.0010438926283610997 -0.0330377308313504 -0.027885899833767887 0.017069921326976972 -0.036266235754897125 -0.0077306126796662933 0.027182697479895476 0.044303973928881475 0.068090807920749397 0.010286686811435079 -0.024852722431068064 0.043287577247764823 0.012287374860352661 -0.011869084338018731 -0.016722998552408098 -0.046195131263466777 0.0099381199013441821 -0.0067460230198242866 -0.016062485836906636 -0.031183369372910788 -0.0049524834150688644 0.010265092652808956 -0.046996142275497053 -0.027334868057714512 -0.0088613131856095564 -0.049441350083453239 -0.036096135913155407 -0.0019666384969458037 0.00038890499801103338 0.040274074230486741 0.019325411408617849 -0.00053438081396113936 -0.016156319916928907 0.046014294698934852 -0.00033458813727302718 -0.044425879834385007 0.074613630949949702 -0.029000446530531906 0.029626817948515207 -0.0042148204104806714 0.044693792043790148 -0.041005729288687565 -0.0069372401803810425 -0.038161245148225005 -0.0058887250329625156 0.037471032950509423 -0.005937568214331012 -0.0069605482798853514 -0.0036434969620560381 0.0083350863180479233 -0.0016731260027374126 -0.0042115736431513444 -0.018661687464465376 -0.0085786396249049931 -0.017669405996445856 -0.025360684100571903 -0.0052928866605156839 0.023146227961412288 -0.0012825936912616463 -0.0069500049277011408 -0.0047521137897074631 -0.0058677533176119644 -0.0096494456515088672 -0.036018108103556275 -0.0096889973235887508 -0.013276348987319421 -0.015376020098383555 -0.032782528861936909 -0.011070159114594254 -0.027382798365227157 -0.0023519636669218076 0.0012496143366250928 -0.024111701289548232 -0.0052468034981171044 -0.0081253661552239311 0.00077656141068896964 0.018182426439441679 0.0012690260523037177 0.031060927437149052 -0.0067864368497681975 -0.034701377490636273 -0.0013730065978711189 -0.014818638968669499 -0.01701384434446666 -0.072152579586952925 0.014282096309074482 -0.001728144965737333 -0.0018962197513293045 0.07238981355312997 -0.012953199674911074 -0.013130176128623517 -0.0093149611292543209 -0.026185480227142996 -0.0038984632221793106 -0.033206223610804303 -0.0053503174340537142 -0.021739402037679198 0.0014605998543014093 -0.012824282253485756 0.039077132483516484 -0.015160836792503442 -0.094846206577263073 0.047898257211984506 -0.029872349549496864 -0.011424426593201427 -0.023830089141357969 -0.021185678195237999 0.028758575366685791 0.0053810395527282796 0.027069041682466016 0.019060140502859372 -0.017165174159564273 -0.038209407646465861 0.0080035100475901715 -0.014842391169845721
leaf_weight=1454 239 227 1039 1441 343 265 211 1211 2175 378 6688 219 306 234 1633 2599 233 3305 221 596 379 1431 681 1505 787 829 957 236 355 307 263 419 411 4180 499 457 383 270 397 267 230 1005 297 281 260 1733 2882 1308 773 503 1407 2664 1910 542 261 415 370 1087 6789 3731 2442 503 427 709 529 13675 453 213 505 377 648 1759 1471 350 1250 307 491 1763 204 410 730 434 373 287 277 1249 573 1714 238 389 254 7510 750 719 1206 582 200 2712 3617 2635 390 565 513 400 274 296 237 242 1061 256 644 566 764 201 460 607 2565 204 1302 375 343 317 527 497 281 723 344
leaf_count=1454 239 227 1039 1441 343 265 211 1211 2175 378 6688 219 306 234 1633 2599 233 3305 221 596 379 1431 681 1505 787 829 957 236 355 307 263 419 411 4180 499 457 383 270 397 267 230 1005 297 281 260 1733 2882 1308 773 503 1407 2664 1910 542 261 415 370 1087 6789 3731 2442 503 427 709 529 13675 453 213 505 377 648 1759 1471 350 1250 307 491 1763 204 410 730 434 373 287 277 1249 573 1714 238 389 254 7510 750 719 1206 582 200 2712 3617 2635 390 565 513 400 274 296 237 242 1061 256 644 566 764 201 460 607 2565 204 1302 375 343 317 527 497 281 723 344
internal_value=-4.87667e-05 -0.00715828 -0.00546168 0.0525025 0.0708666 -0.00654699 -0.00962898 0.0481498 -0.00312695 -0.00430675 -0.00330069 -0.0468756 -0.0134148 -0.0018907 -0.0311935 0.00639063 -0.0677729 -0.000257285 0.0435299 0.0624002 0.0895156 0.00414058 -0.0118675 0.052432 0.0115597 -0.0211459 -0.0142461 -0.0203434 0.0120631 -0.0231332 -0.0271801 -0.0294126 -0.0181943 0.0063528 -0.0341152 -0.0294472 -0.0323714 -0.0251315 -0.0286158 -0.00505231 -0.000523872 0.0445136 0.00858737 0.0152992 -0.0301317 0.0403145 -0.00505487 -0.0382682 0.0667816 -0.0250172 0.0385665 -0.00162517 0.0428778 -0.0297752 -0.0327362 -0.0261058 -0.0209672 0.0359565 -0.00544966 -0.00608018 -0.00416421 0.00847854 0.00915737 -0.0148836 -0.0104862 -0.00904459 -0.00727617 -0.0133105 0.0010363 0.0128968 -0.00789974 -0.0126218 -0.00886498 -0.0135841 -0.0148356 -0.0174306 -0.0207509 -0.0125406 -0.0184062 -0.0184811 -0.0212238 -0.0171524 0.0138991 0.0113383 -0.0122729 -0.0099467 -0.0160373 0.00586683 0.00288402 0.0108786 0.0159604 -0.00699331 -0.040882 -0.0010645 -0.0184398 -0.0213473 -0.0600421 0.0130432 -0.00509796 -0.0048567 0.0634751 -0.0170421 -0.00783437 -0.0125405 -0.0164559 -0.0136934 -0.0178085 -0.0207936 -0.0186955 -0.00314762 -0.00888729 0.0323379 -0.00939911 -0.0852516 0.0405716 -0.0257591 -0.00830375 -0.00727685 -0.0249136 0.0174524 0.0201666 0.0174521 0.013948 -0.0225853 -0.0286053 0.00330533 -0.0088371
internal_weight=138367 121886 113861 16481 3181 107042 56294 13300 50748 45154 44123 1031 37809 18485 8025 5594 653 16431 10100 3200 1833 8609 31504 2716 6819 6305 17053 3563 3740 5486 3117 2810 830 6782 1980 7586 4651 2136 1753 1854 1098 1348 524 2880 1103 7384 37341 2515 2604 1483 5651 3703 2131 1481 1218 676 1086 3520 34459 27771 10673 4906 4607 2054 1238 14451 17098 583 860 1808 1589 13490 2724 10766 8243 3899 2372 4344 1332 2065 1574 1164 5721 3372 1527 3012 2460 3098 1952 1146 757 16645 2058 3884 1887 816 439 2999 7822 6366 1831 776 819 941 674 1253 2369 1540 1303 4517 900 1973 2523 420 1547 867 10279 7714 2935 2349 1562 1187 870 982 485 1442 574
internal_count=138367 121886 113861 16481 3181 107042 56294 13300 50748 45154 44123 1031 37809 18485 8025 5594 653 16431 10100 3200 1833 8609 31504 2716 6819 6305 17053 3563 3740 5486 3117 2810 830 6782 1980 7586 4651 2136 1753 1854 1098 1348 524 2880 1103 7384 37341 2515 2604 1483 5651 3703 2131 1481 1218 676 1086 3520 34459 27771 10673 4906 4607 2054 1238 14451 17098 583 860 1808 1589 13490 2724 10766 8243 3899 2372 4344 1332 2065 1574 1164 5721 3372 1527 3012 2460 3098 1952 1146 757 16645 2058 3884 1887 816 439 2999 7822 6366 1831 776 819 941 674 1253 2369 1540 1303 4517 900 1973 2523 420 1547 867 10279 7714 2935 2349 1562 1187 870 982 485 1442 574
cat_boundaries=0 3 6 9 12 15 17 18 19 22 23 24 25 26 27 28 30 31 32 33 34 35 36 39 40 41 42 43 44 45 46 47 48 49 50 51 52 53 54 55 56 57 60 61 62
cat_threshold=268494848 2147487424 11 56754176 100737024 8929280 2147812358 16640 4464640 0 0 10 142606336 4456464 1081872 0 3584 136 537014272 2097152 8192 16384 2442 1868 624 2 1 3208 0 65536 144 1027 44 20 329 24 512 0 32 3122 2149613568 2147524608 26 3906 16 33 3107 20 529 3079 11 2098176 2195 280 11 6 36 256 0 160 3 3864
is_linear=0
shrinkage=0.05


Tree=4
num_leaves=128
num_cat=50
split_feature=2 2 2 6 2 6 2 2 2 4 0 6 7 2 2 9 6 4 8 4 4 2 8 6 8 3 7 6 2 4 6 4 7 3 7 0 8 8 8 4 4 1 6 7 4 6 7 8 3 7 6 6 6 3 4 7 0 7 6 9 8 2 4 7 3 9 8 7 4 4 7 8 6 8 7 2 8 9 8 4 0 1 6 8 6 6 9 6 4 7 4 4 8 2 3 8 8 7 8 9 8 7 7 8 8 8 1 8 8 4 8 9 7 7 9 7 8 3 2 4 8 3 8 9 6 7 1
split_gain=18675.1 1803.2 798.095 493.696 495.119 423.777 681.037 570.514 365.037 333.185 283.282 177.883 176.462 159.959 159.123 133.426 108.88 105.732 88.4598 86.779 79.3584 75.8146 75.761 73.2961 71.9642 55.3308 64.064 47.8332 35.5019 80.1105 59.4246 34.6325 32.8004 42.3327 32.4389 31.0871 29.5117 73.4949 52.132 29.2395 28.6187 47.0794 27.9061 27.6671 27.6087 27.4784 26.0767 25.6987 25.119 24.7755 24.3437 24.2766 24.616 23.8933 23.7949 24.5584 23.3645 27.4518 23.0296 23.0073 22.2393 20.9588 19.7877 19.4717 24.6032 22.669 20.1678 23.6863 25.9619 19.0838 18.5892 28.4935 20.2116 30.8539 37.8737 18.4588 18.4203 18.4183 18.075 17.9699 29.2486 20.1287 20.0299 17.3308 17.0582 19.6415 16.3366 16.2729 16.2005 16.1811 22.447 17.6007 16.4986 16.1297 16.1285 16.046 16.0372 15.8526 24.109 17.7638 15.305 15.2406 14.8722 24.8069 27.515 14.5771 14.5187 15.3898 14.217 14.0896 13.7635 13.7439 13.5103 13.4583 13.4005 20.4108 13.3548 12.7073 12.703 14.0882 12.6084 12.5695 12.4121 12.3579 17.1801 12.3172 18.7907
threshold=0 1 2 2016.5000000000002 3 2017.5000000000002 4 5 6 7 8 2016.5000000000002 20.500000000000004 9 10 2231.5000000000005 2017.5000000000002 11 306.50000000000006 12 13 14 288.50000000000006 2016.5000000000002 218.50000000000003 15 22.500000000000004 2018.5000000000002 16 17 2020.5000000000002 18 11.500000000000002 19 8.5000000000000018 20 342.50000000000006 293.50000000000006 290.50000000000006 21 22 23 2020.5000000000002 18.500000000000004 24 2016.5000000000002 19.500000000000004 29.500000000000004 25 6.5000000000000009 2018.5000000000002 2020.5000000000002 2018.5000000000002 26 27 11.500000000000002 28 28.500000000000004 2019.5000000000002 2155.0000000000005 132.50000000000003 29 30 7.5000000000000009 31 1994.5000000000002 18.500000000000004 15.500000000000002 32 33 26.500000000000004 269.50000000000006 2018.5000000000002 294.50000000000006 23.500000000000004 34 258.50000000000006 2196.0000000000005 326.50000000000006 35 36 37 2018.5000000000002 355.50000000000006 2019.5000000000002 2018.5000000000002 2311.0000000000005 2020.5000000000002 38 7.5000000000000009 39 40 200.50000000000003 41 42 301.50000000000006 43.500000000000007 13.500000000000002 130.50000000000003 1896.5000000000002 199.50000000000003 6.5000000000000009 26.500000000000004 136.50000000000003 102.50000000000001 294.50000000000006 43 199.50000000000003 225.50000000000003 44 244.50000000000003 2422.0000000000005 11.500000000000002 24.500000000000004 2005.0000000000002 22.500000000000004 134.50000000000003 45 46 47 278.50000000000006 48 68.500000000000014 1669.5000000000002 2018.5000000000002 20.500000000000004 49
decision_type=9 9 9 2 9 2 9 9 9 1 9 2 2 9 9 2 2 1 2 1 1 9 2 2 2 9 2 2 9 1 2 1 2 9 2 9 2 2 2 1 1 9 2 2 1 2 2 2 9 2 2 2 2 9 1 2 9 2 2 2 2 9 1 2 9 2 2 2 1 1 2 2 2 2 2 9 2 2 2 1 9 9 2 2 2 2 2 2 1 2 1 1 2 9 9 2 2 2 2 2 2 2 2 2 2 2 9 2 2 1 2 2 2 2 2 2 2 9 9 1 2 9 2 2 2 2 9
left_child=3 14 23 4 31 7 56 9 15 12 18 13 48 44 100 20 24 32 50 -17 106 84 77 35 86 26 59 -23 49 30 -30 -1 33 -15 -31 39 37 38 53 -3 41 -10 125 -36 -9 54 -38 -28 -4 -29 108 52 88 102 -11 -56 57 -7 111 96 -55 109 -47 65 -65 110 -66 69 123 -68 72 -72 76 74 -74 89 -70 -6 -34 80 -25 82 95 -24 85 -16 116 -51 -18 90 -13 92 -91 -42 -44 -81 112 98 99 -71 -2 -35 103 104 -21 -60 -8 -108 -5 -19 -27 -54 -22 118 115 -95 -12 -94 119 -77 -96 -82 -89 -69 -125 -43 -127
right_child=1 2 5 10 22 6 8 11 40 45 16 75 -14 17 21 19 51 61 -20 36 25 27 83 79 -26 63 47 28 29 34 -32 -33 78 101 43 -37 46 -39 -40 -41 93 42 94 -45 -46 62 -48 -49 -50 87 -52 -53 58 60 55 -57 -58 -59 105 -61 -62 -63 -64 64 66 -67 67 68 70 97 71 -73 73 -75 -76 113 -78 -79 -80 81 121 -83 -84 -85 -86 -87 -88 122 -90 91 -92 -93 117 114 120 -97 -98 -99 -100 -101 -102 -103 -104 -105 -106 -107 107 -109 -110 -111 -112 -113 -114 -115 -116 -117 -118 -119 -120 -121 -122 -123 -124 124 -126 126 -128
leaf_value=0.026905925087883961 -0.049799101366408201 -0.0054480797136012386 -0.04804286265993029 0.058009307684669609 0.086731994851987848 0.016549238150256999 -0.0081409680174314523 -0.026032628073218822 0.019374131632071953 -0.004955356934745061 0.055835499858917642 -0.0023157463535123197 -0.018247245765070766 0.0062463612805952985 -0.018762250628265201 -0.010727116873140107 0.031973869213905937 0.0088436628506206993 0.042088775370495032 -0.026791111918119788 -0.017563008313506916 -0.023791270131737246 0.078325527710788087 -0.0054052661765998421 0.039793448487452081 -0.016043899078420142 -0.044618938256713467 -0.025968125175798815 -0.026296618131092259 -0.049708854052530678 0.0064341281355114665 0.048434578935360184 0.0059898688957210457 0.015056420773394433 -0.014564696759409249 -0.0084076247033433357 -0.035153060720514065 -0.0014060883300165492 -0.044085931678055468 0.017405482799581744 -7.6993274771701106e-05 -0.0042818840097014225 0.0058081664763041316 -0.038021325686021179 -0.0082100919034037677 0.0068911175442700036 -0.015208586851814629 -0.025702246059446598 -0.081282275591526912 -0.042204586517432946 0.070882949005887111 0.043799371294436104 0.028056526753688284 -0.0090428281582809432 -0.035179572958385447 -0.01447626634978371 0.0031863400014117364 0.00045949131611506557 0.035778586176002478 -0.0044041018802331361 -0.022853739301341824 -0.0011056493872870193 -0.01022560447166229 -0.0084846221396760336 -0.0072828701989232324 -0.0035849006481554601 -0.011822224659677787 -0.016296556482997698 -0.01400001750050767 -0.037602345134069785 -0.029603994484821507 -0.013854659807772613 -0.018094727608488157 -0.032392761832127942 0.0012983375575968347 0.0016905476012442199 0.0065334895258325398 0.099020571942037006 0.015585333426736972 0.011392995703597829 0.020321447047110846 0.024885752330781944 0.016670214974413389 0.061957986205500575 -0.012274353270515676 -0.030690595974032394 0.061379642152717517 -0.043596732091918514 0.044824767906412877 0.011272875648507506 -0.014346518831226431 -0.0055357265440474264 0.0039390253388510476 -0.0070792426575078731 -0.004741136801174519 -0.0042261124470430178 -0.013809122007988468 -0.032106964906229628 -0.012017187217781502 -0.018521778249871817 -0.068544949929462751 0.025314123155036051 -0.036626869559608054 -0.033111427962538902 -0.01201508684591251 0.046487146630230673 -0.0077947122576934036 -0.023255513322298485 0.068770321629081782 0.0017296595325510958 -0.0034926920937371174 0.03737961020092026 -0.031988693385526699 -0.0057936766752094146 -0.0083131510452701708 0.00025187079340156408 0.041863435086223394 -0.0057899734757327227 0.0061489608279684457 -0.0036286099082687888 0.0012611934443102883 0.0096046537626200412 -0.029074296453893051 -0.014434315007876118 -0.0017720811425006367 -0.022039743373379314 -0.0068912147304046201
leaf_weight=367 239 235 248 1441 718 2697 13286 401 206 275 551 662 262 1079 1670 2285 641 1066 596 661 394 2547 358 279 1013 935 232 457 284 277 271 872 4558 816 211 574 734 432 277 330 834 7010 757 311 531 244 211 794 288 1308 773 1678 1380 632 262 316 519 294 1076 423 541 4626 507 2273 837 1279 574 370 222 241 550 601 962 244 341 2145 215 530 550 831 370 535 2309 295 712 435 878 201 1439 289 980 4983 556 3528 2056 205 1173 395 463 247 200 651 243 479 602 451 298 350 390 2018 285 554 276 1568 10021 1299 248 819 618 2945 1523 1383 549 396 828 213 3594
leaf_count=367 239 235 248 1441 718 2697 13286 401 206 275 551 662 262 1079 1670 2285 641 1066 596 661 394 2547 358 279 1013 935 232 457 284 277 271 872 4558 816 211 574 734 432 277 330 834 7010 757 311 531 244 211 794 288 1308 773 1678 1380 632 262 316 519 294 1076 423 541 4626 507 2273 837 1279 574 370 222 241 550 601 962 244 341 2145 215 530 550 831 370 535 2309 295 712 435 878 201 1439 289 980 4983 556 3528 2056 205 1173 395 463 247 200 651 243 479 602 451 298 350 390 2018 285 554 276 1568 10021 1299 248 819 618 2945 1523 1383 549 396 828 213 3594
internal_value=-4.64751e-05 -0.0067483 -0.00496495 0.0502937 0.0681323 -0.0060548 -0.00825581 -0.00148714 -0.00936992 -0.0249329 0.0460592 0.000288169 -0.0512351 0.00393951 -0.0274548 -0.0127554 0.0416877 0.00516062 0.0592801 -0.0189138 -0.0112774 -0.0259879 0.0842871 0.0113111 0.0503158 -0.0137402 -0.0195545 -0.0290669 -0.032615 -0.0252139 -0.010132 0.0423241 0.00932171 0.0139701 -0.0354353 -0.000287066 -0.0227317 -0.0208433 -0.0232878 0.00797058 -0.0053774 -0.00383591 -0.00416401 -0.0285398 -0.0160733 -0.011611 -0.0306999 -0.0299797 -0.0683156 -0.0363548 0.0634425 0.0385304 0.0369348 -0.0214635 -0.0178239 -0.023455 0.0131971 0.0149178 0.0343513 -0.0149205 -0.0152823 0.00102302 -0.00470878 -0.012164 -0.0131824 -0.00823591 -0.014578 -0.0155182 -0.0136167 -0.0202018 -0.0162736 -0.0213804 -0.0133929 -0.0160751 -0.0130195 -0.00353447 -0.00389772 0.0919507 0.00702305 0.0135647 0.00956871 0.0155927 0.0140366 0.0709313 -0.0188973 -0.0212273 0.0566719 -0.0388379 0.0412337 -0.0051466 -0.00959759 -0.00405482 0.00041067 -0.00688373 -0.000777702 0.00830234 -0.0173341 -0.0235127 -0.0201903 -0.0279448 -0.05704 0.0194756 -0.0249136 -0.0234227 -0.0197482 0.0389414 -0.00851295 -0.0159001 0.0603014 0.00420929 -0.0131119 0.0307272 -0.0235055 -0.00168849 -0.00726575 -0.00510636 0.0514987 -0.00186938 -0.000563746 -0.00138812 -0.00218082 0.011969 -0.0329663 -0.00823753 -0.00586869 -0.00552527 -0.00781476
internal_weight=138367 122118 112446 16249 3140 105395 71132 34263 67622 2402 13109 31861 798 16296 9672 36581 9909 15364 3200 7097 29484 9233 1901 7051 2690 15550 3292 6416 3869 1354 555 1239 7654 2546 799 1139 4812 3867 3435 565 31041 15359 15153 522 932 1604 945 1026 536 2515 2604 7219 5541 3158 853 578 3510 2991 3461 2266 1173 7710 751 12258 9759 2499 7486 6649 4729 1920 3135 1151 1984 1547 1303 15565 437 1248 5108 5912 2032 3880 3345 653 2817 2105 1677 2058 2080 8289 1642 6647 1664 15682 4336 1036 1843 1346 951 488 439 1467 1985 1742 1263 1527 13934 648 1831 3084 1220 1934 670 7276 14848 4827 799 1375 5708 5090 3579 1753 750 1594 1224 10817 3807
internal_count=138367 122118 112446 16249 3140 105395 71132 34263 67622 2402 13109 31861 798 16296 9672 36581 9909 15364 3200 7097 29484 9233 1901 7051 2690 15550 3292 6416 3869 1354 555 1239 7654 2546 799 1139 4812 3867 3435 565 31041 15359 15153 522 932 1604 945 1026 536 2515 2604 7219 5541 3158 853 578 3510 2991 3461 2266 1173 7710 751 12258 9759 2499 7486 6649 4729 1920 3135 1151 1984 1547 1303 15565 437 1248 5108 5912 2032 3880 3345 653 2817 2105 1677 2058 2080 8289 1642 6647 1664 15682 4336 1036 1843 1346 951 488 439 1467 1985 1742 1263 1527 13934 648 1831 3084 1220 1934 670 7276 14848 4827 799 1375 5708 5090 3579 1753 750 1594 1224 10817 3807
cat_boundaries=0 3 6 9 12 14 17 20 21 22 24 27 28 29 30 33 34 36 37 38 39 40 41 42 43 44 45 46 47 48 51 52 53 54 55 58 59 60 61 62 63 64 67 68 69 70 71 74 75 76 77
cat_threshold=268486656 3648 11 65142784 105193472 8962048 2147820550 2147500416 4464640 0 3072 1 1 536870912 1 0 1049088 134217728 16 1048592 9 68 134217984 671088640 2097152 8192 16384 629 36 1868 8388608 71565312 32768 2 0 65536 2482 2824 10 44 2633 3087 8388640 2160 14 25 1808 1 512 16 1056 580 16 144 34 512 0 144 596 20 44041217 2147 1384 1540 256 8 2048 80 537001984 258 20 134217728 16 32 1832 2 268435456
is_linear=0
shrinkage=0.05


Tree=5
num_leaves=128
num_cat=36
split_feature=2 2 2 2 10 0 10 2 10 4 10 4 10 7 2 10 8 10 8 10 9 8 8 0 4 3 10 9 9 9 10 8 10 10 10 10 2 10 7 4 10 9 9 8 4 2 2 7 8 3 7 10 8 10 8 4 8 4 7 10 10 10 3 10 3 4 10 8 8 7 7 3 2 8 9 10 2 10 3 7 8 7 9 10 7 2 7 8 8 8 9 7 0 4 8 8 8 3 9 4 9 9 9 7 9 7 9 4 9 10 7 10 10 4 9 8 4 8 8 4 9 9 9 10 8 9 10
split_gain=16877.4 1659.42 668.311 347.068 210.606 621.201 234.857 201.598 169.884 139.137 132.837 131.54 155.369 125.723 121.264 112.367 111.64 98.2277 61.6233 68.6604 57.9308 55.8114 86.4829 50.5283 52.7827 49.0475 48.186 84.0598 53.2368 112.134 45.8467 43.0708 42.2703 43.3521 42.2297 37.8408 36.009 35.341 30.608 51.0274 39.3111 37.0104 30.118 28.6225 28.5155 65.2091 38.8088 28.0711 26.931 26.3035 26.2937 26.0552 49.1318 25.9211 25.5786 25.065 23.9424 23.5168 34.1911 26.5211 61.9901 23.3985 22.4378 29.4788 22.1381 25.1902 27.2048 22.0295 25.6625 26.0416 21.5705 42.8422 21.5685 40.1762 21.5349 21.402 59.293 20.1511 19.8949 27.1202 61.5038 20.4977 19.7893 25.5613 30.0918 19.752 19.2013 50.6027 19.0547 19.126 19.0028 18.9955 18.6616 56.3232 18.6253 18.325 18.0988 22.9402 18.0685 25.4102 18.6204 23.3924 18.0217 24.7346 17.7263 17.6589 17.3858 19.9827 18.0834 17.3394 17.018 16.9643 55.4024 29.5641 16.8606 26.7747 16.9905 16.8408 18.2094 16.8213 17.8161 17.0564 16.363 20.4263 47.1015 25.4707 16.3193
threshold=0 1 2 3 200.50000000000003 4 307.00000000000006 5 1703.0000000000002 6 1574.5000000000002 7 1808.5000000000002 19.500000000000004 8 1886.0000000000002 274.50000000000006 2020.5000000000002 334.50000000000006 1859.0000000000002 2573.0000000000005 293.50000000000006 291.50000000000006 9 10 11 1181.0000000000002 1879.5000000000002 1988.5000000000002 1962.0000000000002 61.500000000000007 187.50000000000003 1477.0000000000002 1510.5000000000002 2020.5000000000002 146.50000000000003 12 91.500000000000014 26.500000000000004 13 1569.5000000000002 2003.0000000000002 2010.0000000000002 149.50000000000003 14 15 16 10.500000000000002 294.50000000000006 17 2.5000000000000004 2049.0000000000005 202.50000000000003 149.50000000000003 271.50000000000006 18 287.50000000000006 19 10.500000000000002 1703.0000000000002 1587.5000000000002 1635.0000000000002 20 1587.5000000000002 21 22 1457.5000000000002 262.50000000000006 143.50000000000003 6.5000000000000009 14.500000000000002 23 24 170.50000000000003 1900.5000000000002 1465.0000000000002 25 267.50000000000006 26 12.500000000000002 101.50000000000001 4.5000000000000009 1926.5000000000002 1431.0000000000002 19.500000000000004 27 14.500000000000002 258.50000000000006 340.50000000000006 307.50000000000006 2027.5000000000002 25.500000000000004 28 29 115.50000000000001 328.50000000000006 326.50000000000006 30 2292.0000000000005 31 1530.5000000000002 1353.0000000000002 1941.5000000000002 22.500000000000004 1896.5000000000002 20.500000000000004 1998.5000000000002 32 2033.0000000000002 210.00000000000003 15.500000000000002 1631.5000000000002 1635.0000000000002 33 2196.0000000000005 143.50000000000003 34 84.500000000000014 109.50000000000001 35 2231.5000000000005 2181.0000000000005 1879.5000000000002 122.50000000000001 137.50000000000003 2196.0000000000005 33.500000000000007
decision_type=9 9 9 9 2 9 2 9 2 1 2 1 2 2 9 2 2 2 2 2 2 2 2 9 1 9 2 2 2 2 2 2 2 2 2 2 9 2 2 1 2 2 2 2 1 9 9 2 2 9 2 2 2 2 2 1 2 1 2 2 2 2 9 2 9 1 2 2 2 2 2 9 9 2 2 2 9 2 9 2 2 2 2 2 2 9 2 2 2 2 2 2 9 1 2 2 2 9 2 1 2 2 2 2 2 2 2 1 2 2 2 2 2 1 2 2 1 2 2 1 2 2 2 2 2 2 2
left_child=7 14 55 11 23 20 -7 8 10 15 16 12 36 -8 126 -10 26 18 19 25 64 22 78 24 -5 57 37 -28 29 74 -25 -14 -30 -34 -11 -18 82 90 39 42 -40 67 48 49 45 -16 -46 -19 -27 61 -43 52 -33 -48 -45 -3 75 -13 -59 60 -60 -42 -52 -64 91 66 85 68 69 104 71 -71 73 -57 -29 76 105 -78 -21 80 81 -80 83 -4 -85 -66 -65 -88 89 -37 -1 98 93 -74 -81 -22 97 -54 100 -100 101 -6 103 -67 -41 -44 110 108 -108 -47 -84 -77 -113 -114 116 -116 -12 -39 -119 -102 121 -121 -26 124 -124 -125 -2
right_child=1 2 3 4 5 6 13 -9 9 34 114 17 31 -15 44 -17 35 47 -20 21 95 -23 -24 30 122 38 27 28 32 -31 -32 51 33 -35 -36 88 -38 117 40 41 43 50 56 54 46 109 53 -49 -50 -51 62 -53 96 -55 -56 72 -58 58 59 -61 -62 -63 63 86 65 102 -68 -69 -70 70 -72 -73 92 -75 -76 111 77 -79 79 94 -82 -83 106 84 -86 -87 87 -89 -90 -91 -92 -93 -94 -95 -96 -97 -98 -99 99 -101 119 -103 -104 -105 -106 -107 107 -109 -110 -111 -112 112 113 -115 115 -117 -118 118 -120 120 -122 -123 123 125 -126 -127 -128
leaf_value=0.042681448568494318 -0.045188915624537251 0.015125155869408873 -0.0069580101863527801 0.015410115147322399 -0.0062870220224871196 -0.010635897571034345 -0.077517846917629821 0.032529859793999992 0.092457155510229941 0.05325167748119889 0.024070496184217405 -0.0049901777923632056 -0.014416411614389783 -0.031953362971700136 0.003389006470475929 0.062199924690077263 0.051449613967818809 -0.01031509837050143 -0.0038637728262039188 -0.0070184177326089048 0.014205753311434886 0.0048311694072611846 -0.051289448134940623 0.0043742930573180475 0.013139927943284885 -0.008401920089393446 0.033173853466793267 0.061013481063575736 0.067055453905879067 0.087309089358654113 -0.014548705256047215 0.028661006200892777 0.032506738141794708 0.050500663825157846 0.031574177512755763 0.032538038446463247 -0.014761030542449172 0.066089046413028249 -0.0084908579891385533 0.0039779435061253945 -0.0072798517823530577 0.00050472542211683772 0.013334670036107187 0.0053312075560662288 -0.01948917542306744 -0.03306587210330502 -0.04340080520117795 -0.029600263075805502 -0.023006145771240862 -0.031068940908328568 -0.0088715452592249919 1.9766310233241565e-05 0.010253723164567271 -0.029865674505462542 -0.018011926719753719 0.010715487848450481 0.0060720534765085479 -0.0082933188687355896 -0.01469162363150802 -0.0036640568432108147 -0.029454818049538783 -0.026341176059037397 -0.013576744445952549 -0.017131523870036976 0.0059868957068186339 -0.0070334739518761518 -0.0065107707704972363 -0.020602783250422883 -9.7308862601384904e-05 -0.02885488057943629 -0.0076724677683421673 -0.010260665694872727 -0.015631096734867508 -0.014158898968815345 0.039806274890178052 -0.0085401402297619142 -0.017660674654160262 -0.0026417886354436161 -0.023970645624274464 -0.01735341441643394 -0.037662705774640759 -0.0036030403609865268 0.0060007236708815286 -0.027982019792439611 -0.0074256325627915388 -0.0088181671643100101 -0.04363492607994568 -0.014341785914495645 0.026889546261462102 0.046547328159590368 0.055559863221819931 -0.0071371608712236037 0.010569830859631557 0.014223901747140281 -0.0010743978979686896 0.0021436371739783251 0.018366564957077725 -0.0062550972817650837 0.0044529034646984657 -0.0041585156021045431 -0.0075898668163393345 0.016443896884387008 0.00053979400487053802 0.0038876233521624032 -0.01008295965717828 -0.0014021176573848447 -0.0096113725001150119 -0.0071563961560665969 7.0343850562305742e-05 -0.02216890956345613 -0.0056665924754832255 0.01220763393744858 -0.016642209845369339 -0.0034267389230765583 0.058994936768918538 0.038185390851799061 0.03790775156290313 0.047766299214127179 0.061182269444645637 -0.0038628943320651123 -0.010773152758321015 0.0025012496662472029 0.01277220765086399 0.010893971121455591 -0.01628480267090255 -0.0051353641185424709 -0.064257347170572618
leaf_weight=477 220 1761 1895 1880 215 363 413 2153 505 1269 433 721 211 239 239 782 488 245 3944 432 559 249 203 1037 390 1841 681 208 258 308 463 365 472 1151 273 507 1300 956 2282 555 377 248 635 201 1056 464 389 821 381 538 791 557 545 3901 282 364 514 1468 2863 334 946 281 1105 418 850 1975 4400 350 932 428 2091 1223 271 293 282 3811 409 492 227 802 504 271 650 369 344 296 344 258 456 469 717 4825 4133 351 225 721 295 332 1526 1927 3653 239 8459 703 376 299 626 7640 2101 1712 602 472 547 1839 215 550 1688 359 856 11203 844 1162 220 772 381 365 229
leaf_count=477 220 1761 1895 1880 215 363 413 2153 505 1269 433 721 211 239 239 782 488 245 3944 432 559 249 203 1037 390 1841 681 208 258 308 463 365 472 1151 273 507 1300 956 2282 555 377 248 635 201 1056 464 389 821 381 538 791 557 545 3901 282 364 514 1468 2863 334 946 281 1105 418 850 1975 4400 350 932 428 2091 1223 271 293 282 3811 409 492 227 802 504 271 650 369 344 296 344 258 456 469 717 4825 4133 351 225 721 295 332 1526 1927 3653 239 8459 703 376 299 626 7640 2101 1712 602 472 547 1839 215 550 1688 359 856 11203 844 1162 220 772 381 365 229
internal_value=-1.0402e-05 -0.00643918 -0.00486966 -0.00586501 -0.00283413 -0.00397453 -0.0424513 0.0474107 0.0496176 0.0606318 0.0469585 -0.00855495 -0.00499542 -0.0608155 -0.0281354 0.0735013 0.0500592 -0.0101987 -0.00977598 -0.0104707 -0.00306746 -0.0178063 -0.0199222 0.00638905 0.00930582 -0.00977355 0.0530952 0.0488597 0.052847 0.0636684 -0.00145689 0.00711502 0.0482561 0.0452677 0.0490954 0.0394253 -0.00679644 0.0573244 -0.00873843 -0.00795963 -0.0127635 -0.010743 -0.00568686 -0.0185705 -0.0265881 -0.0216296 -0.0287835 -0.0251679 -0.0109061 -0.0227192 -0.0151248 0.00928462 0.0126421 -0.0310207 -0.0082977 0.00989445 -0.00440717 -0.0137137 -0.0148238 -0.0171736 -0.0183582 -0.0151892 -0.016454 -0.0191447 -0.00338545 -0.00196424 -0.00471509 -0.00843293 -0.00767299 -0.00918391 -0.0110457 -0.0153179 0.00816768 -0.000371994 0.0488085 -0.00504056 -0.000258689 -0.00935563 -0.0173349 -0.0194011 -0.0253491 -0.0128871 -0.00605404 -0.00999433 -0.0180642 0.00213819 -0.0253643 -0.0310807 0.0353276 0.03927 0.050415 -0.00430939 0.00934592 0.00117483 -0.0137869 0.00741139 0.00765334 0.00404968 -0.00365452 -0.000351979 -0.00431309 0.00567925 -0.000591369 -0.00416658 -0.00170079 0.00852572 -0.00517482 -0.00584695 -0.00214429 -0.0243805 0.00039072 -0.00635631 -0.00344428 -0.00654055 0.0376703 0.0440338 0.0353751 0.0611245 0.0572182 -0.00458212 -0.00374174 -0.00326482 0.00386608 0.00180732 -0.00564829 0.00574823 -0.0537179
internal_weight=138383 121870 113660 106487 50080 44572 1015 16513 14360 2829 11531 56407 17832 652 8210 1287 8645 38575 37509 33565 43557 2913 2664 5508 4008 30652 6725 3360 2679 798 1500 2305 1881 1623 1542 1920 15527 3365 24320 20359 3961 9119 11240 1679 7761 2415 5346 1066 2222 1196 3164 2094 1537 4290 483 7173 9018 6332 5611 4143 3809 658 2916 2125 42277 16683 5546 5955 5605 4673 3742 1651 5412 657 490 8504 1835 901 2461 2029 1002 498 14227 2608 713 1146 1020 602 1432 976 1194 25594 4755 622 1027 1280 1172 877 20769 3453 17316 454 11137 2678 931 934 11619 10367 2727 2176 1252 6669 2858 2386 2886 765 2121 2171 1215 16862 13209 12365 2128 1738 601 1137 449
internal_count=138383 121870 113660 106487 50080 44572 1015 16513 14360 2829 11531 56407 17832 652 8210 1287 8645 38575 37509 33565 43557 2913 2664 5508 4008 30652 6725 3360 2679 798 1500 2305 1881 1623 1542 1920 15527 3365 24320 20359 3961 9119 11240 1679 7761 2415 5346 1066 2222 1196 3164 2094 1537 4290 483 7173 9018 6332 5611 4143 3809 658 2916 2125 42277 16683 5546 5955 5605 4673 3742 1651 5412 657 490 8504 1835 901 2461 2029 1002 498 14227 2608 713 1146 1020 602 1432 976 1194 25594 4755 622 1027 1280 1172 877 20769 3453 17316 454 11137 2678 931 934 11619 10367 2727 2176 1252 6669 2858 2386 2886 765 2121 2171 1215 16862 13209 12365 2128 1738 601 1137 449
cat_boundaries=0 3 6 9 12 13 16 17 18 21 22 23 24 27 28 29 32 34 35 36 37 38 39 40 41 42 45 46 49 50 51 52 53 54 55 56 57
cat_threshold=268486656 2147487424 4194315 39976960 100999168 8929280 2147821062 16384 8192 142606336 138412048 1081872 136 0 3584 10 518 1796 2097152 8192 16384 1 1071 66 0 134217744 528 99 408 0 0 8912896 4194304 100925440 20 3074 64 8 11 228 1 262656 0 134217728 1081360 2 0 0 32 20 577 28 522 1024 64 2052 530
is_linear=0
shrinkage=0.05


Tree=6
num_leaves=128
num_cat=47
split_feature=2 2 2 6 2 6 2 2 2 2 4 6 6 2 9 2 6 7 4 8 4 8 8 6 2 8 4 3 7 4 2 6 2 4 7 8 7 3 0 7 7 8 8 8 8 8 7 6 7 4 4 2 6 4 7 9 7 4 4 6 9 6 4 6 8 2 8 6 9 9 8 3 4 8 8 6 8 3 7 8 6 3 4 4 0 9 7 4 7 4 8 7 8 7 9 8 4 7 6 4 4 9 4 8 1 8 8 8 8 8 8 8 3 7 7 7 9 4 8 8 9 9 6 7 4 7 7
split_gain=15241.3 1497.06 598.604 407.864 430.537 333.429 582.218 524.558 277.712 258.111 191.566 183.669 141.884 137.985 115.165 109.431 102.199 99.0481 96.916 76.7765 71.159 70.386 60.4866 59.7764 47.2037 69.0332 45.6809 43.3823 53.3304 34.7417 49.6433 32.853 64.0412 28.4818 28.1277 27.5856 27.5064 33.9464 27.0901 26.8931 55.739 50.2934 45.3406 26.5761 26.1837 56.332 24.3354 24.2441 21.7096 42.3169 24.3877 21.5247 21.2507 20.4562 20.4124 19.2031 18.9935 29.7445 21.4805 18.7512 21.3997 18.679 21.3483 20.1112 18.5941 18.386 17.5358 16.6571 16.5459 16.4144 21.7712 17.3957 22.6388 16.095 16.0193 15.9082 15.5661 15.4293 21.4769 21.3385 15.3848 15.1345 16.9099 15.0352 25.0041 14.9345 14.8105 30.087 27.3029 28.8743 21.8608 18.3098 16.9233 14.7586 14.7583 14.728 13.9356 13.9017 21.1451 15.8499 14.4735 13.7321 13.6295 13.456 13.3846 13.2637 13.4305 13.1996 16.1636 13.0656 23.3233 12.8673 12.815 12.6525 17.4832 15.2517 13.649 12.4562 12.2197 12.2179 12.0463 13.2965 12.0222 20.0037 16.952 15.6777 25.8158
threshold=0 1 2 2016.5000000000002 3 2017.5000000000002 4 5 6 7 8 2016.5000000000002 2016.5000000000002 9 2231.5000000000005 10 2017.5000000000002 20.500000000000004 11 305.50000000000006 12 348.50000000000006 218.50000000000003 2018.5000000000002 13 102.50000000000001 14 15 22.500000000000004 16 17 2018.5000000000002 18 19 4.5000000000000009 139.50000000000003 11.500000000000002 20 21 20.500000000000004 19.500000000000004 149.50000000000003 342.50000000000006 117.50000000000001 284.50000000000006 278.50000000000006 12.500000000000002 2020.5000000000002 11.500000000000002 22 23 24 2020.5000000000002 25 28.500000000000004 2003.0000000000002 24.500000000000004 26 27 2019.5000000000002 1988.5000000000002 2018.5000000000002 28 2019.5000000000002 192.50000000000003 29 334.50000000000006 2018.5000000000002 2155.0000000000005 2022.5000000000002 325.50000000000006 30 31 326.50000000000006 43.500000000000007 2018.5000000000002 95.500000000000014 32 7.5000000000000009 62.500000000000007 2020.5000000000002 33 34 35 36 2311.0000000000005 15.500000000000002 37 26.500000000000004 38 295.50000000000006 24.500000000000004 84.500000000000014 13.500000000000002 2129.5000000000005 334.50000000000006 39 6.5000000000000009 2020.5000000000002 40 41 2086.5000000000005 42 300.50000000000006 43 124.50000000000001 343.50000000000006 107.50000000000001 172.50000000000003 262.50000000000006 287.50000000000006 320.50000000000006 44 11.500000000000002 14.500000000000002 16.500000000000004 2267.5000000000005 45 225.50000000000003 17.500000000000004 1864.0000000000002 2206.5000000000005 2019.5000000000002 14.500000000000002 46 26.500000000000004 13.500000000000002
decision_type=9 9 9 2 9 2 9 9 9 9 1 2 2 9 2 9 2 2 1 2 1 2 2 2 9 2 1 9 2 1 9 2 9 1 2 2 2 9 9 2 2 2 2 2 2 2 2 2 2 1 1 9 2 1 2 2 2 1 1 2 2 2 1 2 2 9 2 2 2 2 2 9 1 2 2 2 2 9 2 2 2 9 1 1 9 2 2 1 2 1 2 2 2 2 2 2 1 2 2 1 1 2 1 2 9 2 2 2 2 2 2 2 9 2 2 2 2 1 2 2 2 2 2 2 1 2 2
left_child=3 15 23 4 21 7 38 10 66 19 11 17 13 53 20 94 22 46 36 75 27 -1 85 24 25 -3 -16 28 68 30 -25 95 97 47 -35 -6 37 -15 -7 40 42 43 44 -41 45 113 -4 -34 49 -26 -50 76 61 -9 -40 -30 57 64 -58 -36 -61 62 -18 105 112 -20 69 -57 74 71 96 72 -8 -38 -10 118 -22 -29 79 -79 102 82 -78 84 -12 -11 87 -80 90 -90 91 101 -93 -46 -2 -17 -71 100 -99 -100 -33 -88 -73 -43 111 -63 -107 -83 -109 120 -111 -59 -14 116 -115 -116 -28 -37 -5 -98 -31 -122 124 -124 125 126 -110
right_child=1 2 5 9 35 6 8 12 14 16 83 -13 56 18 26 31 52 -19 65 -21 51 -23 -24 29 48 -27 39 77 55 109 -32 32 33 34 59 117 73 -39 54 41 -42 103 -44 -45 93 -47 -48 -49 50 -51 -52 -53 -54 -55 -56 67 58 104 -60 60 -62 63 -64 -65 -66 -67 -68 -69 -70 70 -72 80 -74 -75 -76 -77 81 78 86 -81 -82 107 -84 -85 -86 -87 88 -89 89 -91 -92 92 -94 -95 -96 -97 119 98 99 -101 -102 -103 -104 -105 -106 106 -108 108 122 110 -112 -113 -114 114 115 -117 -118 -119 -120 -121 121 -123 123 -125 -126 -127 -128
leaf_value=0.081902297618876629 -0.043440555648572438 -0.0067681228732961486 -0.05158350398780142 0.05267053789548768 0.047737782469862169 0.0027638463269812051 -0.0020656419620056622 -0.023276152195432501 -0.021458346745930612 0.046367751050611618 -0.0013460565367369743 0.00026626467577916792 -0.0077306975755996989 0.0061883221911929256 -0.011231742544902577 -0.02224334757000393 0.041691937431623638 -0.024368072809579547 -0.0011784424943850661 0.037254303176155468 -0.02003308678177157 0.056573057308873 0.03582956317273453 -0.011977089412902013 -0.0061413470693815761 0.028638726801903228 -0.021200957147504442 -0.007757834303469842 -0.018246991172094239 0.022601340659396035 0.011697183559732826 -0.014313986013488223 -0.021584621850219636 -0.041005451441926855 -0.031185847799566631 0.043750299423960325 0.0057276218116392051 0.018073696096006144 0.015243753904504593 -0.010281234750507681 -0.042949759600860248 0.0070697273133234597 -0.031304593298198298 -0.028365353994848505 0.0017979145917787131 -0.039015580758258513 -0.073420136315061862 0.00065297441547919148 0.0048121542342245416 0.01623023945723899 -0.0070496053499809648 -0.015775048386376035 0.039007940998700724 -0.0079840843597850895 0.0015583147823490916 -0.02361812380532145 0.0015226655134607759 -0.0060412095166352195 -0.0083598846270488986 -0.0052602541486102767 -0.022278592962803739 0.033519618623587259 0.029532227899527572 0.034603364019815348 0.0036163713420029209 0.003794320081765298 -0.0010025433333804678 -0.039793715966256173 -0.0045903229073102026 0.0013520222220946019 -0.016972807343235287 -0.0078973876491158449 -0.0091334451890313969 0.01488604534299238 -0.011935020147430917 0.06312467396797003 -0.0084539858889580207 -0.012808839513445297 -0.010242525340163108 -0.0023342803370681943 0.00098366830077135383 0.0014514295724955828 -0.0003287057927131777 -0.016711932464315685 -0.016109050825782061 0.055845601447991847 -0.0067702875963429792 -0.021438419217501288 -0.026264443456546584 -0.011755323261340066 -0.024509917122573693 -0.0092826378501951693 0.0084408979457069495 -0.015789004284725832 -0.061583426624538674 -0.0096763792155452055 -0.0012302607074059918 -0.038779413179002964 -0.018048948189930494 -0.034935702209739565 -0.033669383129906943 -0.014041362376888836 -0.0021780707324847463 -0.0098432459830217166 0.0040258951989529902 0.022282825277083803 0.035392767322721341 -0.012083892452587775 -0.020226141619539978 0.033532770564413589 0.015920819876314992 0.0034682860757241289 -0.00047328647273806403 -0.030233188843741626 -0.0051286549873162659 -0.02371381969485236 -0.0087443631561667581 0.026841857968268136 0.062465536184815387 -0.00681015877690044 0.0098116761501605594 0.021429480561904565 -0.0014473131591211787 -0.0080696183670022521 -0.0068334819096061775 -0.026529816740230062 -0.0025858520793389035
leaf_weight=1513 233 206 231 1476 537 703 1903 410 695 795 613 223 752 1086 2363 2720 1130 233 4581 579 227 335 1013 273 338 415 317 2923 385 367 1043 230 236 221 389 263 4569 1443 2704 339 296 254 730 507 249 317 285 255 764 544 977 752 1676 536 303 294 694 4995 2682 241 791 563 1007 1571 2506 3115 2467 347 434 604 476 1529 2867 536 1211 821 1033 935 1194 1013 2269 380 1673 1164 544 871 1551 1367 560 1046 217 250 292 229 216 255 1055 1371 329 445 278 1117 3309 219 405 1183 234 1986 424 291 531 383 3040 308 214 228 718 554 406 13993 1092 318 1893 2868 2295 223 406
leaf_count=1513 233 206 231 1476 537 703 1903 410 695 795 613 223 752 1086 2363 2720 1130 233 4581 579 227 335 1013 273 338 415 317 2923 385 367 1043 230 236 221 389 263 4569 1443 2704 339 296 254 730 507 249 317 285 255 764 544 977 752 1676 536 303 294 694 4995 2682 241 791 563 1007 1571 2506 3115 2467 347 434 604 476 1529 2867 536 1211 821 1033 935 1194 1013 2269 380 1673 1164 544 871 1551 1367 560 1046 217 250 292 229 216 255 1055 1371 329 445 278 1117 3309 219 405 1183 234 1986 424 291 531 383 3040 308 214 228 718 554 406 13993 1092 318 1893 2868 2295 223 406
internal_value=-9.95795e-06 -0.00612213 -0.00463119 0.0450325 0.0610831 -0.00557234 -0.00753164 -0.00157653 -0.00858724 0.0412093 -0.0205394 -0.0391639 0.000397642 0.00365591 -0.0114829 -0.0267296 0.0370651 -0.0514263 0.00480045 0.0536143 -0.010116 0.0768946 0.0454644 0.00935627 0.00435014 0.0166257 -0.0171235 -0.0124252 -0.0175167 0.0135283 0.00673274 -0.0252597 -0.0278571 -0.0210038 -0.0242637 0.0386494 0.00879015 0.0130658 0.0117371 -0.0198872 -0.0221621 -0.0138184 -0.0203032 -0.0211189 -0.0171904 -0.0195924 -0.0636444 -0.00983525 0.00137524 0.00777139 -0.00185718 -0.00752028 0.0340598 -0.0147859 0.0138188 -0.0270733 -0.00303301 -0.00210648 -0.00634859 -0.0218307 -0.0183043 0.0326018 0.0362953 0.030379 0.000273987 0.000836624 -0.00504213 -0.0323746 -0.0134013 -0.00539979 -0.00643858 -0.00398919 -0.00632395 0.00668921 -0.0154076 0.0573171 -0.00704589 -0.0110374 -0.0120328 -0.00736185 -0.00240989 -0.00682758 -0.00345019 -0.0126052 -0.0083659 0.0513229 -0.0132468 -0.0163423 -0.0116717 -0.0170513 -0.00915071 -0.00811241 0.000265835 -0.00662762 -0.051032 -0.0211662 -0.00611822 -0.033163 -0.0350494 -0.0284423 -0.0258507 -0.00981444 -0.00400643 -0.000761015 -0.00469131 0.0270273 0.0244478 -0.00768942 -0.00804112 0.0168783 0.0221557 -0.00535403 -0.00193415 -0.016143 -0.0210881 -0.0147156 -0.0125596 0.0331489 0.0547836 -0.00641469 0.0145321 0.0124319 -0.00705099 -0.00543655 -0.00934679 -0.0146208 -0.0115973
internal_weight=138383 121856 113646 16527 3202 106487 71461 35026 67751 13325 3293 972 31733 16276 37279 8210 10043 749 15330 3282 29991 1848 2679 7159 3244 621 7288 15831 3366 3915 1316 7761 4786 2133 1642 1354 7634 2529 3710 4925 3606 1319 3310 846 2580 2102 516 491 2623 882 1741 14160 7364 946 3007 1026 15457 12081 3376 1421 1032 5688 2137 3551 6298 7696 30472 641 2340 28005 16128 11877 4770 5105 1906 2703 13408 12465 9542 1948 7107 13181 2706 2321 1157 1666 7594 2561 5033 1606 3427 3210 542 478 449 2975 15652 2653 2145 774 508 2668 4838 473 5783 1980 1417 10475 10095 2599 822 5378 3792 1785 750 442 1035 817 1882 15048 1777 1410 8109 4761 3348 1053 830
internal_count=138383 121856 113646 16527 3202 106487 71461 35026 67751 13325 3293 972 31733 16276 37279 8210 10043 749 15330 3282 29991 1848 2679 7159 3244 621 7288 15831 3366 3915 1316 7761 4786 2133 1642 1354 7634 2529 3710 4925 3606 1319 3310 846 2580 2102 516 491 2623 882 1741 14160 7364 946 3007 1026 15457 12081 3376 1421 1032 5688 2137 3551 6298 7696 30472 641 2340 28005 16128 11877 4770 5105 1906 2703 13408 12465 9542 1948 7107 13181 2706 2321 1157 1666 7594 2561 5033 1606 3427 3210 542 478 449 2975 15652 2653 2145 774 508 2668 4838 473 5783 1980 1417 10475 10095 2599 822 5378 3792 1785 750 442 1035 817 1882 15048 1777 1410 8109 4761 3348 1053 830
cat_boundaries=0 3 6 9 12 15 18 21 23 24 26 29 30 31 32 33 34 35 36 39 40 41 42 43 44 47 48 49 50 51 54 55 56 57 58 59 60 61 62 63 64 65 66 67 68 69 70 71
cat_threshold=268494848 2147487424 4194315 39976960 100999168 8929280 2147812870 16384 8192 0 0 10 1 536870912 264192 1 4194304 1081856 256 134217992 672 0 3648 9 134217984 671088640 2097152 8192 16384 629 2227 2147484676 36 2 712 263680 4194304 65536 524288 146 10 24 564 3157 0 4194320 32784 2160 1833 2068 1924 0 0 2192 67 389 16 16 516 1364 1 35 33 2 2984 1740 385 539099136 2 1028 1024
is_linear=0
shrinkage=0.05


Tree=7
num_leaves=128
num_cat=44
split_feature=2 2 10 2 6 6 2 2 2 10 6 2 6 10 2 2 2 6 4 8 8 4 8 2 4 3 4 9 6 10 8 4 2 4 8 8 8 8 2 0 3 2 9 4 10 10 6 8 4 3 8 8 8 8 8 6 4 6 8 8 6 3 3 4 2 6 6 10 8 6 3 3 6 9 4 1 10 8 3 9 9 8 10 8 8 8 10 8 8 6 9 8 8 8 10 10 6 6 8 1 2 4 10 8 9 2 9 4 8 4 8 8 8 10 8 8 8 8 10 9 4 8 10 10 3 8 8
split_gain=13758.4 1352.78 547.159 454.514 601.097 368.423 388.272 295.775 232.833 192.774 166.044 153.599 132.808 122.728 115.652 113.569 95.7119 92.1523 91.0419 69.2908 59.6469 59.3376 58.2402 57.6363 54.8747 45.174 40.5676 40.3101 39.6758 45.6315 74.6913 33.7035 28.9162 27.7098 27.0403 65.9197 67.4759 25.5662 25.2216 23.1395 21.3688 21.1329 19.829 19.6805 19.3843 19.2714 19.1393 19.0071 17.8772 24.4119 17.5669 20.4003 20.5962 29.6022 20.9365 16.9579 19.8304 18.1504 16.908 16.8673 25.1014 16.6102 15.9404 22.4526 15.7887 14.9113 16.0355 14.7435 14.7209 14.3572 13.8842 13.5985 13.5963 17.1188 12.9945 13.9033 12.5179 12.3668 12.2702 16.9248 13.9666 16.8763 12.1976 20.493 19.4981 12.0761 12.567 11.9705 12.121 11.9349 28.2954 20.2112 18.4409 11.9097 15.8126 11.8574 11.6345 20.8704 24.6719 15.8106 13.9627 28.0827 12.8713 29.0612 17.6753 15.3144 11.5561 15.2471 14.596 11.3846 11.3208 11.3046 11.0283 12.0337 14.8443 10.4118 10.4117 21.1827 12.6107 15.7197 10.057 10.0061 9.88361 9.73269 20.5075 11.1879 10.9453
threshold=0 1 200.50000000000003 2 2016.5000000000002 2016.5000000000002 3 4 5 307.00000000000006 2016.5000000000002 6 2017.5000000000002 1696.5000000000002 7 8 9 2017.5000000000002 10 305.50000000000006 353.50000000000006 11 349.50000000000006 12 13 14 15 2231.5000000000005 2018.5000000000002 68.500000000000014 162.50000000000003 16 17 18 342.50000000000006 293.50000000000006 291.50000000000006 318.50000000000006 19 20 21 22 1727.0000000000002 23 322.50000000000006 130.50000000000003 2020.5000000000002 334.50000000000006 24 25 117.50000000000001 280.50000000000006 278.50000000000006 147.50000000000003 136.50000000000003 2018.5000000000002 26 2019.5000000000002 93.500000000000014 25.500000000000004 2019.5000000000002 27 28 29 30 2019.5000000000002 2016.5000000000002 33.500000000000007 139.50000000000003 2018.5000000000002 31 32 2018.5000000000002 2165.0000000000005 33 34 1706.5000000000002 111.50000000000001 35 1926.5000000000002 2170.0000000000005 332.50000000000006 1524.5000000000002 145.50000000000003 294.50000000000006 174.50000000000003 348.00000000000006 124.50000000000001 343.50000000000006 2020.5000000000002 1988.5000000000002 22.500000000000004 43.500000000000007 285.50000000000006 1561.5000000000002 135.00000000000003 2017.5000000000002 2018.5000000000002 325.50000000000006 36 37 38 1696.5000000000002 278.50000000000006 2206.5000000000005 39 2093.5000000000005 40 267.50000000000006 41 74.500000000000014 8.5000000000000018 225.50000000000003 224.00000000000003 76.500000000000014 348.50000000000006 17.500000000000004 45.500000000000007 1250.5000000000002 1941.5000000000002 42 346.50000000000006 1555.5000000000002 1808.5000000000002 43 87.500000000000014 206.50000000000003
decision_type=9 9 2 9 2 2 9 9 9 2 2 9 2 2 9 9 9 2 1 2 2 1 2 9 1 9 1 2 2 2 2 1 9 1 2 2 2 2 9 9 9 9 2 1 2 2 2 2 1 9 2 2 2 2 2 2 1 2 2 2 2 9 9 1 9 2 2 2 2 2 9 9 2 2 1 9 2 2 9 2 2 2 2 2 2 2 2 2 2 2 2 2 2 2 2 2 2 2 2 9 9 1 2 2 2 9 2 1 2 1 2 2 2 2 2 2 2 2 2 2 1 2 2 2 9 2 2
left_child=5 15 10 9 14 6 33 12 19 -4 26 37 48 21 -5 67 31 24 111 69 93 78 -11 65 -10 89 -3 40 106 30 -30 39 61 95 35 36 50 77 44 -12 -15 43 -33 -20 59 -34 55 62 -6 120 -29 52 53 54 76 56 -19 87 70 -31 -61 -28 63 -13 -65 66 -17 -2 -35 112 -44 -27 -66 -74 -18 -76 -52 -9 80 -80 81 -14 83 116 -84 -81 -87 -57 -89 91 -91 -23 -93 94 -8 -1 -64 98 100 -99 101 -98 104 -104 -101 -106 108 -108 -25 -43 -59 -16 113 114 -7 122 -73 -118 -119 -120 -50 -49 -26 124 125 -113 -125
right_child=1 2 3 4 7 8 20 11 17 22 16 47 13 27 18 23 74 46 41 -21 -22 25 -24 28 115 71 32 34 29 38 -32 42 45 68 -36 -37 -38 -39 -40 -41 -42 109 58 -45 -46 -47 -48 121 49 -51 51 -53 -54 -55 -56 57 -58 110 -60 60 -62 -63 96 64 72 -67 -68 -69 -70 -71 -72 82 73 -75 75 -77 -78 -79 79 85 -82 -83 84 -85 -86 86 -88 88 -90 90 -92 92 -94 -95 -96 -97 97 99 -100 102 -102 -103 103 -105 105 -107 107 -109 -110 -111 -112 123 -114 -115 -116 -117 117 118 119 -121 -122 -123 -124 126 -126 -127 -128
leaf_value=0.052303294416924474 -0.040316240000961859 0.0077951176628964589 -0.0097099399671327982 -0.021475173495266411 -0.0014696198337195467 0.055901819040043155 0.073102818171095471 0.0060637729505815738 0.051797081210483854 -0.066540098853631838 0.0018214705958454907 0.0018029835227023963 -0.0050649107590415923 0.0046396223874106794 0.018570875143455907 -0.010000215723736808 -0.017846037468002857 0.042535111588287232 0.0077568331607229387 0.0353915879042861 0.053288212995007869 -0.0017833701789931541 -0.035527988005756836 -0.021303173292310299 0.032734429104789256 -0.0071072517193046473 -0.010128081480933799 -0.014879294099813676 0.0092179882856762378 -0.045674283382188728 -0.028402068242576208 0.018635056764540085 -0.0086792973444565456 0.039381780993661138 -0.026601949150235345 0.0018430163737663406 -0.047119365568304886 -0.0028951625403016807 -0.020411821351805276 0.015424429994462039 -0.012374132115622919 0.0010378046271891641 0.0056961152912208494 -5.0000292833620331e-05 -0.022386406479789966 0.0094119875660126518 0.037057544094030268 0.0031606385430410847 0.0070372261360915761 -0.008044943281162625 -0.013380597273094786 -0.0086230683286546497 -0.037327361897720644 -0.0061732146489309287 -0.03584663033974652 0.031843637722192029 0.030119344031472869 0.021977821476577564 0.0078617463868484224 -0.042602490875487259 -0.029765803564128071 -0.02453268531669307 -0.0030182543178207764 -0.01584902043862824 9.8804592514252328e-05 -0.010047877725014974 -0.020750774796539025 -0.058440668273749698 0.024047757112642842 0.05996844068380304 -0.011296516672397654 -0.0045245060042743241 -0.002813690808112535 -0.011693712027639488 0.0029414866792351071 -0.01272987643998244 -0.028595039078660695 0.017313582898813514 -0.012875028311489511 -0.010646903193195818 -0.012952369611114407 0.0077081546201846519 -0.011872108119335381 -0.0032105227311135494 -0.023044724112254718 -0.016168312432933801 -0.0052806052909618872 0.021168683768294921 0.033623129270700179 -0.010759236005133309 -0.028540273456646677 -0.026946126379665328 -0.014503345795851913 0.068673436179249606 0.084423721529543416 0.036997202925781895 -0.0034463259169967364 0.0086356759290484829 -0.024759477783643874 -0.0048672264662126203 -0.0067522568884798677 -0.029130576581942891 -0.010706748538759499 0.0036582873915048208 0.0099297903476876781 -0.002176929156772887 -0.0071606074390863934 -0.02025368205853614 -0.035705532880071819 -0.0038412984111246802 0.034526672669100207 0.0055330091655519456 0.059342260091115956 0.061278461662643571 0.044421031514319649 0.027630990723417584 -0.01689194427886374 -0.0024178169227050276 -0.017968617401669149 -0.0072741986640920894 -0.004507161814412213 -0.0027532149944905714 0.041989494462659926 0.014851916933942453 0.0092950989235360323 -0.0026074382362961499 0.008219769698398648
leaf_weight=328 220 382 363 431 4168 421 587 324 1198 413 357 2194 4601 274 264 441 203 695 1622 579 327 263 239 1058 506 2993 568 2420 201 304 384 371 394 223 898 417 203 250 644 3780 543 2441 246 1607 371 235 1676 1183 420 3237 324 255 240 254 316 563 1442 207 2941 511 1495 357 5588 275 1512 708 1625 229 525 821 218 534 1527 842 356 223 232 993 1619 1837 522 274 4457 1072 428 281 4664 1183 234 370 566 352 1933 356 650 206 228 211 218 13923 4748 210 2052 425 357 899 341 927 211 2330 1364 1087 406 205 850 304 1350 559 546 927 328 1809 671 909 2743 690 1971
leaf_count=328 220 382 363 431 4168 421 587 324 1198 413 357 2194 4601 274 264 441 203 695 1622 579 327 263 239 1058 506 2993 568 2420 201 304 384 371 394 223 898 417 203 250 644 3780 543 2441 246 1607 371 235 1676 1183 420 3237 324 255 240 254 316 563 1442 207 2941 511 1495 357 5588 275 1512 708 1625 229 525 821 218 534 1527 842 356 223 232 993 1619 1837 522 274 4457 1072 428 281 4664 1183 234 370 566 352 1933 356 650 206 228 211 218 13923 4748 210 2052 425 357 899 341 927 211 2330 1364 1087 406 205 850 304 1350 559 546 927 328 1809 671 909 2743 690 1971
internal_value=-9.96008e-06 -0.00581718 -0.00426925 -0.00539941 -0.00506057 0.0427851 0.0580399 -0.00674891 0.0391515 -0.0385336 0.00652284 -0.00360934 -0.00954057 -0.0108307 0.00379445 -0.0237524 0.00947142 0.0352154 0.00450059 0.0509336 0.0723626 -0.00949779 -0.0551722 -0.0224971 0.0431912 -0.011541 -0.00671987 -0.0171331 -0.0251551 -0.0283537 -0.0154762 0.0111125 -0.010272 0.0357462 -0.0186572 -0.0171266 -0.0189904 0.0116888 -0.0306194 0.0142578 -0.00676284 0.000765708 0.00763804 0.00388339 -0.0328726 -0.00189018 0.0323616 -0.00423977 -0.00377277 -0.00616254 -0.0175774 -0.0216054 -0.0240289 -0.0211944 -0.0255698 0.030978 0.0344972 0.0288601 0.00646226 -0.034699 -0.0330358 -0.0158904 -0.004566 -0.0022856 -0.00444316 -0.0162514 -0.018456 -0.0484804 0.0282417 0.0544512 -0.00240819 -0.0101497 -0.0035963 -0.00596987 -0.00718521 -0.00320794 -0.0197291 0.014546 -0.00706314 -0.00827191 -0.00516973 -0.004347 -0.0110639 -0.00933591 -0.012851 -0.00718526 -0.0058993 0.0256759 0.0232254 -0.0166353 -0.0215114 -0.0149094 -0.0164201 0.0767323 0.0790516 0.0455458 -0.00506522 -0.00555892 -0.0082816 -0.00473543 -0.00758893 -0.0161361 -0.00489734 -0.00824202 -0.00435477 0.00132596 -0.0203247 -0.0169488 -0.0236979 -0.00134804 0.0328732 0.00839314 0.0520444 0.050037 0.0482239 0.0356394 -0.0110127 -0.0120372 -0.00881181 -0.0112383 0.0019823 -0.00041495 0.0380107 0.00804138 0.00659395 0.00235884 0.010313
internal_weight=138383 121856 112186 101555 100540 16527 3202 84445 13325 1015 10631 39768 44677 36524 16095 9670 8695 10043 15664 3282 1920 30148 652 9221 2679 16350 1936 6376 6447 3910 585 7913 1554 1282 5559 4661 4244 1567 3325 4137 817 8000 3776 3229 2681 629 7364 38201 8153 3985 4041 1621 1366 1126 872 5688 2137 3551 3405 2310 2006 925 35209 6350 4156 2774 2066 449 748 2703 464 12866 3881 2369 782 579 556 1317 13798 8401 5397 4875 9873 4988 4885 6782 4945 1980 1417 3484 936 2548 2285 1593 1237 534 28859 23271 5404 17867 5186 438 17656 2477 15179 1256 2537 1268 1269 4771 1571 7664 1882 1476 1271 1481 3916 3382 2032 1473 748 2992 1177 7400 4520 1777 2880
internal_count=138383 121856 112186 101555 100540 16527 3202 84445 13325 1015 10631 39768 44677 36524 16095 9670 8695 10043 15664 3282 1920 30148 652 9221 2679 16350 1936 6376 6447 3910 585 7913 1554 1282 5559 4661 4244 1567 3325 4137 817 8000 3776 3229 2681 629 7364 38201 8153 3985 4041 1621 1366 1126 872 5688 2137 3551 3405 2310 2006 925 35209 6350 4156 2774 2066 449 748 2703 464 12866 3881 2369 782 579 556 1317 13798 8401 5397 4875 9873 4988 4885 6782 4945 1980 1417 3484 936 2548 2285 1593 1237 534 28859 23271 5404 17867 5186 438 17656 2477 15179 1256 2537 1268 1269 4771 1571 7664 1882 1476 1271 1481 3916 3382 2032 1473 748 2992 1177 7400 4520 1777 2880
cat_boundaries=0 3 6 7 10 13 15 18 21 24 26 27 28 31 32 33 34 35 37 38 41 42 43 46 47 48 49 50 51 52 53 56 57 58 59 60 61 62 65 66 69 70 71 72 73
cat_threshold=268494848 2147487424 4194315 48365568 105193472 8962048 1 0 2147486720 1 134217728 16 1048592 0 3648 262146 16384 8192 258 134217728 512 2097152 8192 16384 2147550215 536870912 629 1868 8388608 71565312 32768 624 2 1290 1071 134217985 536870928 1061 0 65536 8912896 16 17 512 16400 32 386 1613 1 1792 11 16 3586 0 0 128 28 16 273 25297920 20 8388608 512 0 128 1235 256 134217728 128 137 1288 416 6
is_linear=0
shrinkage=0.05


Tree=8
num_leaves=128
num_cat=43
split_feature=2 2 2 6 2 6 2 2 10 2 2 6 2 10 7 2 6 4 8 8 4 6 8 10 2 8 3 7 9 4 4 2 4 2 2 6 8 8 8 8 7 3 8 0 9 7 10 10 6 6 6 7 4 4 6 3 7 4 7 4 4 9 8 7 7 9 4 8 8 8 8 7 6 6 10 6 4 6 10 3 2 9 3 8 8 2 9 8 9 4 9 9 1 3 3 4 10 7 8 8 10 8 4 7 3 10 8 8 8 7 7 7 7 10 7 7 4 8 7 8 8 8 9 9 7 3 10
split_gain=12419.3 1222.78 488.115 332.328 351.783 274.236 478.901 424.617 283.853 225.021 206.565 115.049 114.351 108.756 97.2291 91.0596 81.4417 79.0425 63.2828 58.5213 54.5982 50.3168 50.202 43.1727 42.6668 61.4586 39.7226 40.5145 36.3494 32.189 30.5076 44.2071 28.9019 64.1185 30.2405 37.282 28.5181 24.4039 59.4925 60.897 24.1914 30.7479 23.842 22.2807 21.4152 40.5576 33.4831 29.3721 20.6335 20.0578 19.8543 19.513 37.6777 22.1448 19.4623 19.3318 18.3643 17.6002 17.0609 26.1326 19.5574 16.9879 16.3797 16.3461 32.1127 22.9681 17.9043 15.8542 18.4113 18.5881 26.716 27.6529 15.4942 15.4018 18.6281 16.3807 15.3867 27.8612 22.2192 17.9746 14.8584 14.5986 14.4848 14.4804 14.4307 14.3835 14.1375 13.8358 12.566 12.2801 12.2357 12.1832 11.8989 11.7832 11.7662 11.6681 11.6631 12.4836 11.6153 20.971 16.68 11.3656 11.3498 11.333 17.1438 20.9153 20.4347 21.9448 17.3258 12.1487 11.9316 11.7888 34.0471 25.6052 11.5098 11.2795 14.0758 11.2162 11.0332 10.8386 13.853 10.7669 10.7035 19.7713 29.2078 17.2044 10.6815
threshold=0 1 2 2016.5000000000002 3 2017.5000000000002 4 5 307.00000000000006 6 7 2016.5000000000002 8 1696.5000000000002 20.500000000000004 9 2017.5000000000002 10 305.50000000000006 332.50000000000006 11 2018.5000000000002 218.50000000000003 149.50000000000003 12 102.50000000000001 13 22.500000000000004 2231.5000000000005 14 15 16 17 18 19 2018.5000000000002 346.50000000000006 342.50000000000006 293.50000000000006 291.50000000000006 11.500000000000002 20 74.500000000000014 21 2152.0000000000005 4.5000000000000009 313.00000000000006 267.50000000000006 2018.5000000000002 2020.5000000000002 2020.5000000000002 11.500000000000002 22 23 2019.5000000000002 24 28.500000000000004 25 24.500000000000004 26 27 2086.5000000000005 194.50000000000003 10.500000000000002 14.500000000000002 2003.0000000000002 28 117.50000000000001 280.50000000000006 278.50000000000006 147.50000000000003 16.500000000000004 2018.5000000000002 2018.5000000000002 1392.0000000000002 2019.5000000000002 29 2020.5000000000002 1696.5000000000002 30 31 2003.0000000000002 32 326.50000000000006 200.50000000000003 33 2061.5000000000005 206.50000000000003 2093.5000000000005 34 1988.5000000000002 2311.0000000000005 35 36 37 38 270.00000000000006 16.500000000000004 262.50000000000006 287.50000000000006 119.50000000000001 320.50000000000006 39 7.5000000000000009 40 1524.5000000000002 85.500000000000014 137.50000000000003 145.50000000000003 25.500000000000004 16.500000000000004 14.500000000000002 18.500000000000004 1587.5000000000002 22.500000000000004 5.5000000000000009 41 95.500000000000014 19.500000000000004 143.50000000000003 178.50000000000003 166.50000000000003 1926.5000000000002 1900.5000000000002 19.500000000000004 42 255.00000000000003
decision_type=9 9 9 2 9 2 9 9 2 9 9 2 9 2 2 9 2 1 2 2 1 2 2 2 9 2 9 2 2 1 1 9 1 9 9 2 2 2 2 2 2 9 2 9 2 2 2 2 2 2 2 2 1 1 2 9 2 1 2 1 1 2 2 2 2 2 1 2 2 2 2 2 2 2 2 2 1 2 2 9 9 2 9 2 2 9 2 2 2 1 2 2 9 9 9 1 2 2 2 2 2 2 1 2 9 2 2 2 2 2 2 2 2 2 2 2 1 2 2 2 2 2 2 2 2 9 2
left_child=3 15 21 4 19 7 43 8 23 76 18 12 57 20 36 87 22 40 72 -1 85 24 91 29 25 -3 27 63 55 -4 31 -23 33 -17 54 88 -10 38 39 67 41 -14 -6 56 45 -37 47 -46 86 73 -50 52 -26 -53 -34 -15 -7 -9 59 62 -60 96 94 65 90 -22 -67 -30 69 70 71 -69 -5 74 -18 119 78 126 -8 102 -19 -29 -31 95 -64 117 118 -2 -36 -76 -65 -12 101 -62 -13 -42 97 -47 100 -100 -32 -61 -79 -28 -105 108 109 -108 -106 114 -110 -109 -113 -114 -107 -43 -117 -11 -35 -75 -121 -77 123 125 -125 -119 -78
right_child=1 2 5 10 42 6 9 11 14 13 16 58 17 28 -16 32 49 80 -20 -21 26 30 -24 -25 51 -27 103 81 37 82 98 -33 34 48 35 44 -38 -39 -40 -41 83 115 -44 -45 46 61 -48 -49 50 -51 -52 53 -54 -55 -56 -57 -58 -59 60 92 93 -63 84 64 -66 66 -68 68 -70 -71 -72 -73 -74 75 89 121 77 79 -80 -81 -82 -83 -84 -85 -86 -87 -88 -89 -90 -91 -92 -93 -94 -95 -96 -97 -98 -99 99 -101 -102 -103 -104 104 105 106 107 111 110 -111 -112 112 113 -115 -116 116 -118 122 -120 120 -122 -123 -124 124 -126 -127 -128
leaf_value=0.07463811331881523 -0.039180394035253314 -0.0065289200064319293 0.015476646894709237 0.049442192495641711 0.047690312147329925 0.013925237459076964 -0.0047642682949999588 -0.02136097147240348 -0.045331313420842539 -0.017199480204664646 0.041903019136801924 -0.0071697241694206899 0.0054169121928155945 0.0044158095057765159 -0.019451227423433269 0.0036300354187510362 0.018938976841970184 -0.0010545397996543913 0.03362200814387753 0.053423990280037831 -0.015558327184511915 -0.011706087938369504 0.032263694628569789 -0.015474669615746348 -0.0060057192140301674 0.026878990251346525 -0.0068769098803183734 -0.01620345331950598 -0.014135329322381936 0.00021831533581563839 0.021690315937545772 0.010624143444107809 -0.022609856254704925 -0.025175216656832679 -0.026232290095793614 -0.054084333816285225 -0.067723669428525021 -0.025271851674369423 0.001750865846211247 -0.044763397038203159 0.00088760530299646697 0.011565304756423122 0.031617518979176612 0.0025481047793872772 -0.020345014853282245 -0.016941553505119712 -0.014819875623011236 -0.042349317547127695 -0.029802582273635293 0.035572849505724841 -0.016567565122512978 -0.0084693354657474941 0.015097073674460854 0.0028684521156453913 -0.0089096263538983901 -0.011766613533168402 0.00094449187741978352 -0.0071944145320304038 0.001635291391357896 -0.0055436841752419756 -0.0034788878924934155 -0.042207398922651761 0.014379613939002693 -0.0185308329078889 -0.010102817218453424 0.0076293275490622661 -0.010732743915615846 -0.012711567833824197 -0.0081919147045004595 -0.035460995398461821 -0.0058645538817064498 -0.031137782631120749 0.057904867206274371 0.029726501449730398 0.04130089224408335 0.026130238651799472 -0.015736778202621191 0.014899488761177894 -0.01017060103336811 -0.0020013378553023434 0.0034158061688579623 -0.028292709053375595 -0.013821230325133497 0.013743880814907433 0.002249057220385299 -0.012489868779180471 -0.0066905842140494364 -0.056831461913010285 -0.01780030306596446 0.030184316405756129 -0.033636686417232019 0.050463465168724908 0.0039420987734099825 -0.010412084372921186 -0.00025083032475716361 0.0065943688229846906 -0.035524277742275505 -0.030418303799192151 0.031196539047017337 0.014496339885114557 0.010449863712614072 0.0033936885388582633 0.0022940940433134045 -0.0067823891544369509 -0.010981029047001246 -0.0097952841736824101 -0.029755682554464827 -0.0076978509299411085 -0.012003970164346435 -0.019391953461603557 5.694560410795211e-05 -0.028544750175795438 -0.019699088886698472 -0.0050332949302848333 0.0032175582689072551 0.0081133961347449168 0.02426258411909368 -0.00053831946385829042 -0.011545451027773051 0.010069488169475331 0.024029853492180696 0.034589580512913429 -0.0054697420499511618 -0.025737569023523123 -0.0057547756141114442 -0.010366731882030602 -0.0047070552763554749
leaf_weight=1427 248 206 207 1882 295 2704 7647 410 323 235 795 752 1086 274 284 309 218 4581 579 421 448 273 1013 1340 338 415 2692 392 2420 393 438 1043 599 370 744 222 254 898 417 203 1244 597 1059 703 270 313 455 346 806 1738 437 745 544 996 457 543 303 536 694 4995 1023 268 278 299 968 304 220 324 255 240 254 548 759 643 657 624 223 233 2529 4684 3115 688 342 536 2076 1053 315 201 1088 1262 243 871 405 1659 3192 3325 351 381 291 531 1339 383 721 2500 3271 1043 303 405 289 269 706 474 624 569 203 215 631 772 248 211 1126 947 10495 376 356 1069 14004
leaf_count=1427 248 206 207 1882 295 2704 7647 410 323 235 795 752 1086 274 284 309 218 4581 579 421 448 273 1013 1340 338 415 2692 392 2420 393 438 1043 599 370 744 222 254 898 417 203 1244 597 1059 703 270 313 455 346 806 1738 437 745 544 996 457 543 303 536 694 4995 1023 268 278 299 968 304 220 324 255 240 254 548 759 643 657 624 223 233 2529 4684 3115 688 342 536 2076 1053 315 201 1088 1262 243 871 405 1659 3192 3325 351 381 291 531 1339 383 721 2500 3271 1043 303 405 289 269 706 474 624 569 203 215 631 772 248 211 1126 947 10495 376 356 1069 14004
internal_value=-9.57887e-06 -0.00552696 -0.00416045 0.0406496 0.0551379 -0.00501201 -0.00678775 -0.00137841 -0.0188781 -0.00774607 0.0371986 0.000360691 0.0032947 -0.0103229 -0.0434007 -0.0238914 0.0335348 0.00433665 0.0484418 0.0694295 -0.00911196 0.00846949 0.0410413 -0.00970846 0.00387636 0.0155465 -0.0110424 -0.0157766 -0.0162771 -0.00150601 0.012297 0.00593846 -0.022588 -0.017791 -0.0247215 -0.0266304 -0.0551886 -0.0177244 -0.0162702 -0.0180409 0.00793972 0.0119491 0.0348619 0.0106873 -0.0305328 -0.0343188 -0.0251065 -0.0327046 -0.0208356 0.0308719 -0.0251496 0.00105017 0.00711314 -0.00201533 -0.0165244 -0.00642943 0.0125754 -0.0134935 -0.00272854 -0.00185041 -0.00587092 -0.0309769 0.000380483 -0.0123034 -0.0155589 -0.00724594 -0.000139165 -0.0166985 -0.0205251 -0.0228274 -0.0201347 -0.0242913 0.0518743 0.0294355 0.0327894 0.0274171 -0.00451491 -0.0036993 -0.00610189 -0.000726627 0.000756943 -0.0239048 -0.0064122 0.00596905 0.00368164 -0.00682558 -0.0153115 -0.0460563 -0.0212246 0.0343628 -0.0253034 0.0463785 -0.00427325 -0.00779029 -0.00158887 0.00505697 -0.0280967 -0.0243402 0.0154344 0.0204085 0.0132204 -0.00489809 0.00549539 -0.00976823 -0.0105078 -0.0116272 -0.014293 -0.0171874 -0.0092236 -0.00975561 -0.00344617 -0.0153494 -0.0172084 -0.0127043 -0.00767521 0.0167118 0.0205412 -0.00636818 -0.0197057 0.0243921 0.0218267 0.0312295 -0.00617827 -0.00906828 -0.0160192 -0.00630455 -0.00487994
internal_weight=138383 121856 113428 16527 3202 106269 71393 34876 3143 67683 13325 31733 16276 37642 861 8428 10105 15330 3220 1848 31266 7159 2679 2282 3244 621 16910 3562 6376 942 3915 1316 7979 2485 5494 4438 577 5559 4661 4244 7634 2529 1354 3710 2606 1535 1071 616 2176 7426 1243 2623 882 1741 1056 817 3007 946 15457 12081 3376 1313 6298 2482 1510 972 524 4041 1621 1366 1126 872 2641 5688 2137 3551 30041 19865 10176 5638 7696 1080 735 5105 2354 14356 933 449 1832 1919 542 1666 5783 2682 3944 4569 1045 694 2599 822 1777 5378 954 13348 10656 8156 3890 2375 4266 1515 995 2072 1667 1193 1246 1443 846 13303 618 1980 1337 1571 13068 2573 732 1841 14227
internal_count=138383 121856 113428 16527 3202 106269 71393 34876 3143 67683 13325 31733 16276 37642 861 8428 10105 15330 3220 1848 31266 7159 2679 2282 3244 621 16910 3562 6376 942 3915 1316 7979 2485 5494 4438 577 5559 4661 4244 7634 2529 1354 3710 2606 1535 1071 616 2176 7426 1243 2623 882 1741 1056 817 3007 946 15457 12081 3376 1313 6298 2482 1510 972 524 4041 1621 1366 1126 872 2641 5688 2137 3551 30041 19865 10176 5638 7696 1080 735 5105 2354 14356 933 449 1832 1919 542 1666 5783 2682 3944 4569 1045 694 2599 822 1777 5378 954 13348 10656 8156 3890 2375 4266 1515 995 2072 1667 1193 1246 1443 846 13303 618 1980 1337 1571 13068 2573 732 1841 14227
cat_boundaries=0 3 6 9 12 15 18 21 23 25 28 29 30 31 32 33 34 35 36 39 41 42 43 44 45 46 47 48 49 50 51 52 55 56 59 60 61 62 63 64 65 66 67 68
cat_threshold=268494848 2147487424 4194315 39976960 100999168 8962048 2147812870 16384 8192 0 0 10 1 536870912 264192 1 4194304 1049088 256 134217992 1048736 0 3584 134217984 671088640 2097152 8192 16384 629 1868 2147484676 2 1097 712 263680 408 0 0 8945664 4194304 100925440 10 1 564 936 17 2160 1833 2068 2049 240 16 0 0 2192 13 0 4194304 528 1792 539099136 82 2 36 520 16 64 20
is_linear=0
shrinkage=0.05


Tree=9
num_leaves=128
num_cat=35
split_feature=2 2 2 2 10 0 10 10 4 7 4 10 0 2 10 10 8 4 8 10 10 9 0 8 2 10 10 9 9 7 10 4 7 9 8 3 4 10 9 9 7 7 10 8 4 2 2 9 7 9 10 10 7 4 3 8 9 10 1 8 10 8 7 7 9 10 3 4 7 7 7 8 9 8 0 10 9 7 10 7 7 8 7 8 7 7 7 3 9 2 8 8 9 7 4 9 4 2 3 10 7 8 8 9 4 9 10 10 9 4 8 9 9 8 7 7 3 10 7 8 3 7 9 8 7 3 8
split_gain=11214.9 1109.41 477.741 229.237 137.862 423.033 158.703 124.343 97.9688 93.3427 90.0695 101.644 87.4868 82.1831 77.6487 65.4043 64.7884 42.8535 42.0975 44.5713 54.5222 50.0838 40.3064 36.3584 35.9629 43.0302 48.6973 35.9314 35.2007 32.5634 62.5815 42.8481 56.4609 36.1261 32.891 32.4625 31.5449 28.2675 27.8062 40.0162 39.8302 27.3968 29.7479 26.9573 26.0906 57.8966 27.292 27.9785 34.8435 28.4969 25.0807 32.4002 24.6296 24.4338 23.9305 23.8892 31.7771 23.5072 23.1994 22.2677 21.0464 21.0368 20.332 19.6539 19.6433 30.0965 18.1554 20.7156 17.9971 17.9734 19.1566 17.8865 17.6997 22.7637 18.4389 17.4111 17.301 16.7425 16.5769 24.0415 16.2865 16.0201 35.1415 36.5234 45.0664 21.1037 20.7273 17.7901 15.95 15.6391 15.6264 17.3432 15.5784 18.4963 24.8412 17.8728 15.4757 26.0938 15.42 15.3798 15.2645 15.1324 14.8141 14.7281 14.502 14.4343 29.5461 19.413 14.3686 16.6894 14.3062 14.1842 17.6913 14.1204 25.4268 22.8394 14.0977 13.9684 14.9537 21.7079 15.3087 14.9974 13.7708 22.5806 19.4079 13.7392 13.7375
threshold=0 1 2 3 200.50000000000003 4 307.00000000000006 1703.0000000000002 5 19.500000000000004 6 1808.5000000000002 7 8 1886.0000000000002 2020.5000000000002 304.50000000000006 9 334.50000000000006 1487.5000000000002 263.50000000000006 2010.0000000000002 10 187.50000000000003 11 1574.5000000000002 1561.5000000000002 1530.5000000000002 2573.0000000000005 25.500000000000004 1859.0000000000002 12 13.500000000000002 2292.0000000000005 149.50000000000003 13 14 2020.5000000000002 2206.5000000000005 2159.5000000000005 28.500000000000004 22.500000000000004 1561.5000000000002 78.500000000000014 15 16 17 2152.0000000000005 4.5000000000000009 2422.0000000000005 1631.5000000000002 1635.0000000000002 25.500000000000004 18 19 202.50000000000003 2515.5000000000005 94.500000000000014 20 87.500000000000014 1436.5000000000002 326.50000000000006 11.500000000000002 28.500000000000004 1852.0000000000002 1392.0000000000002 21 22 10.500000000000002 7.5000000000000009 22.500000000000004 270.50000000000006 2363.5000000000005 313.50000000000006 23 299.50000000000006 1994.5000000000002 25.500000000000004 1431.0000000000002 13.500000000000002 3.5000000000000004 101.50000000000001 20.500000000000004 291.50000000000006 12.500000000000002 21.500000000000004 6.5000000000000009 24 2814.5000000000005 25 295.50000000000006 95.500000000000014 2102.0000000000005 11.500000000000002 26 1988.5000000000002 27 28 29 200.50000000000003 28.500000000000004 328.50000000000006 183.50000000000003 1727.0000000000002 30 1949.0000000000002 1477.0000000000002 1510.5000000000002 2292.0000000000005 31 143.50000000000003 1530.5000000000002 1353.0000000000002 43.500000000000007 10.500000000000002 23.500000000000004 32 392.50000000000006 12.500000000000002 313.50000000000006 33 26.500000000000004 2143.5000000000005 10.500000000000002 11.500000000000002 34 249.50000000000003
decision_type=9 9 9 9 2 9 2 2 1 2 1 2 9 9 2 2 2 1 2 2 2 2 9 2 9 2 2 2 2 2 2 1 2 2 2 9 1 2 2 2 2 2 2 2 1 9 9 2 2 2 2 2 2 1 9 2 2 2 9 2 2 2 2 2 2 2 9 1 2 2 2 2 2 2 9 2 2 2 2 2 2 2 2 2 2 2 2 9 2 9 2 2 2 2 1 2 1 9 9 2 2 2 2 2 1 2 2 2 2 1 2 2 2 2 2 2 9 2 2 2 9 2 2 2 2 9 2
left_child=7 13 22 10 17 28 -7 12 14 -8 11 60 16 -2 62 18 57 72 19 20 99 27 -3 -13 25 26 36 -22 66 30 31 32 76 34 38 104 -14 88 39 54 -40 42 -34 -23 45 -15 -46 48 -48 -49 90 -52 113 -53 63 56 -25 -1 -19 -56 78 -57 -9 -31 110 -66 77 92 -17 -18 -71 -36 74 -74 102 96 -21 108 117 -80 -20 85 83 84 86 87 -83 -32 -10 -77 91 122 93 -68 -95 -96 97 -24 -78 -12 -50 -30 -5 -47 -29 -67 -107 -108 111 -110 -38 112 -6 114 -37 -115 -35 -4 119 120 -119 -120 124 125 -33 -124 -69
right_child=1 2 3 4 5 6 9 8 37 -11 15 23 24 44 -16 68 69 58 80 29 21 43 75 55 -26 -27 -28 35 101 33 81 50 41 116 71 52 64 -39 40 -41 -42 -43 -44 -45 46 103 47 49 100 -51 51 53 -54 -55 59 61 -58 -59 -60 -61 -62 -63 -64 -65 65 105 67 126 -70 70 -72 -73 73 -75 -76 89 98 -79 79 -81 -82 82 -84 -85 -86 -87 -88 -89 -90 -91 -92 -93 -94 94 95 -97 -98 -99 -100 -101 -102 -103 -104 -105 -106 106 107 -109 109 -111 -112 -113 -114 115 -116 -117 -118 118 121 -121 -122 -123 123 -125 -126 -127 -128
leaf_value=0.041558056890254574 -0.043753526747670059 -0.01106187145488749 -0.010660744352033034 0.023221497098242658 -0.005248529595691105 -0.0088562464182452404 -0.064497410604328856 0.08250392475072911 0.038829171999272723 -0.025236529668317683 -0.02369401983051023 -0.014014391380172417 0.029877339083496181 0.0034542232793449285 0.049509556058970221 -0.0086771150397098786 0.019771247532351217 0.002166187506480035 0.0067920228487278744 0.0051174856437867294 0.0023397122387314676 0.0063359516486927604 -0.0064136331087377464 0.025485818980210653 0.026293432087033525 0.03080764392271286 0.06005181841166371 -0.0017219113254033234 0.011668562813694671 -0.0060055235186346661 -0.00026022399095101999 -0.020680671405016018 -0.0081863407787303253 0.00086486045575194363 -0.0012887966036106702 -0.012814545182198912 0.038107704390530926 0.024945716513402216 -0.015894778168589717 0.0001898264061160309 -0.042020186009816829 -0.0074769839426449313 -0.02327051514253925 -0.0035808402627790677 -0.015698173494225868 -0.031513543531860512 -0.044028601327488211 -0.017879416954452537 -0.025063908728806136 -0.03404188914663437 0.0084372470341785646 -0.01338959593316855 -0.00038040520294624217 -0.0022569868188050258 -0.039365089974571464 0.00050341517085281812 0.0048020666913577807 0.049890225036195023 -0.014440096924367377 -0.019784857881953253 -0.0042355720063677205 0.015605751892109797 0.062772971335798497 -0.024498947061904711 0.060534970263226164 0.032966045694159292 0.0055856584552150916 -0.0013798864787944989 -0.024118822897998812 0.041736439923695523 0.023099614914000324 -0.013758266457021349 -0.010439920226692044 0.011577451297790121 0.0032207855315831905 0.008160127689764542 -0.0035890549768084045 -0.006224020084589949 -0.025801260693961842 -0.0072662686308224995 -0.0041267113700682164 -0.015654301847122156 -0.0019017942169140944 -0.04252522667420322 -0.0045187135339331101 -0.022149407835528365 -0.034193262462198323 -0.015156180970978685 0.05067802432323959 -0.0081211221605008849 -0.020117224259111957 -0.0036636943359146463 -0.0052202499768078002 -0.017120462835874355 -0.0057175195099201789 0.0050814917256601271 0.011471816113039154 0.008580988000860568 -0.012867787884024076 -0.011988302560778893 -0.038197921824652752 0.00086061672065407052 0.011755269563634513 -0.018429647747388943 -0.0080022617503801036 0.05449819179915788 0.02909749551268416 0.043713221082720549 0.0037853006230297798 -0.0031354645591250585 0.022280470530036837 -0.0037963925423885403 0.014519316553056367 -0.0089675273099227067 -0.031397443308808629 -0.025398614556994287 -0.012444865219647799 0.0055693784036533276 -0.010205600167211327 0.014383275604597404 -0.0087725310297914385 0.0028780686110955727 0.0090831819501501036 -0.009910771287797689 -0.0052204483789156132 -0.0063296224602995667 0.0025569376872717851
leaf_weight=1506 449 252 1597 360 215 363 413 302 998 239 355 211 1338 309 831 245 253 2711 379 311 924 1274 340 365 1618 2886 251 1732 570 380 432 538 423 505 405 501 499 286 284 291 300 590 1438 1483 1056 242 326 1549 1983 331 572 611 374 2458 254 1056 378 1933 218 339 10402 295 230 231 225 416 863 6119 821 417 206 992 228 242 529 311 1073 4908 308 405 3454 245 231 203 340 344 392 373 397 263 245 2144 4691 266 845 701 4455 1810 793 1339 249 750 1295 1934 1996 432 338 693 1558 1950 200 17109 239 1373 291 250 320 282 1219 209 513 267 277 2173 326 282 3474
leaf_count=1506 449 252 1597 360 215 363 413 302 998 239 355 211 1338 309 831 245 253 2711 379 311 924 1274 340 365 1618 2886 251 1732 570 380 432 538 423 505 405 501 499 286 284 291 300 590 1438 1483 1056 242 326 1549 1983 331 572 611 374 2458 254 1056 378 1933 218 339 10402 295 230 231 225 416 863 6119 821 417 206 992 228 242 529 311 1073 4908 308 405 3454 245 231 203 340 344 392 373 397 263 245 2144 4691 266 845 701 4455 1810 793 1339 249 750 1295 1934 1996 432 338 693 1558 1950 200 17109 239 1373 291 250 320 282 1219 209 513 267 277 2173 326 282 3474
internal_value=-8.88364e-06 -0.00520282 -0.00390421 -0.00476149 -0.00233627 -0.00325091 -0.0350086 0.0389937 0.048128 -0.0501058 -0.00698644 -0.00401355 0.0369185 -0.0226966 0.0586281 -0.00835806 0.0430495 0.0050765 -0.00800697 -0.00858295 -0.00613466 -0.00475482 0.00834544 0.00576823 0.0338583 0.0355017 0.0386669 -0.00688769 -0.00251411 -0.00996183 -0.00896874 -0.00767601 -0.0116355 -0.0138441 -0.0160766 -0.00819598 0.0373707 0.0390332 -0.0200635 -0.0164494 -0.0293154 -0.0168655 -0.0198419 0.00100167 -0.0214584 -0.0169007 -0.0234854 -0.0252989 -0.0287593 -0.020725 -0.00575429 -0.00248807 -0.0122762 -0.00452433 -0.0204711 0.00776161 0.014963 0.0462414 0.000885286 -0.0277045 -0.00549935 0.00380111 0.0739736 -0.012788 0.0406959 0.0432536 -0.00276192 -0.00148641 -0.0205698 0.03101 0.035574 -0.0101433 0.00966226 0.000896684 0.0115929 0.00904112 -0.00580075 -0.00359261 -0.00823806 -0.015273 -0.00304709 -0.0161666 -0.0197359 -0.0232272 -0.0192174 -0.0117835 -0.0270629 -0.00735383 0.0422012 0.000700931 -0.00775092 -0.00722309 -0.00347915 -0.00043888 -0.00330818 -0.000815667 0.0097796 0.00619103 -0.00762046 -0.0144414 -0.0265291 0.00552768 0.0141639 -0.0197938 -0.00509687 0.0411843 0.0435211 0.0389216 -0.00298139 -5.99085e-05 0.0335792 -0.00356493 0.00515789 -0.0141693 -0.0196424 -0.0114985 -0.00443806 -0.00701078 -0.00466982 4.41528e-05 -0.0037255 -0.00785477 -0.00934526 -0.00760523 -0.0148473 0.00135711 4.57436e-05
internal_weight=138383 122128 113700 106269 50856 45273 1015 16255 3044 652 55413 17507 13211 8428 1363 37906 4315 5583 36840 33007 11892 10198 7431 2305 8896 7278 4392 7441 44258 21115 16814 14254 4628 4301 3476 6517 4141 1681 2079 1495 584 2451 1861 2757 7979 2485 5494 4438 2558 1880 9626 3641 2789 3069 1204 2094 743 3439 2929 593 15202 1351 532 611 2803 2104 42938 16959 1066 876 623 1397 2654 470 2184 7179 2177 25979 4800 713 3833 2560 1411 1180 977 1149 637 805 1395 574 5985 5740 7366 2675 1812 1546 6605 2150 1866 1694 2232 1320 1655 2176 3728 1879 1463 1031 21071 3508 699 17563 454 2415 792 1623 825 4087 2490 1004 795 1486 3596 2732 864 559 9593
internal_count=138383 122128 113700 106269 50856 45273 1015 16255 3044 652 55413 17507 13211 8428 1363 37906 4315 5583 36840 33007 11892 10198 7431 2305 8896 7278 4392 7441 44258 21115 16814 14254 4628 4301 3476 6517 4141 1681 2079 1495 584 2451 1861 2757 7979 2485 5494 4438 2558 1880 9626 3641 2789 3069 1204 2094 743 3439 2929 593 15202 1351 532 611 2803 2104 42938 16959 1066 876 623 1397 2654 470 2184 7179 2177 25979 4800 713 3833 2560 1411 1180 977 1149 637 805 1395 574 5985 5740 7366 2675 1812 1546 6605 2150 1866 1694 2232 1320 1655 2176 3728 1879 1463 1031 21071 3508 699 17563 454 2415 792 1623 825 4087 2490 1004 795 1486 3596 2732 864 559 9593
cat_boundaries=0 3 6 9 12 13 14 15 16 19 20 21 24 25 26 27 28 31 33 34 35 36 37 38 39 40 42 43 44 45 46 47 48 49 50 51
cat_threshold=268484608 3776 11 39976960 100999168 8962048 2147823110 2147500032 4202496 142606336 138412032 1049104 136 518 1796 68 2097152 8192 16384 1551 16 0 64 10 2176 28 2571 408 0 0 8945664 4194304 100925440 64 21 16777217 11 229 1 22 0 16384 64 720 1536 11 2177 522 14 12 19
is_linear=0
shrinkage=0.05


Tree=10
num_leaves=128
num_cat=29
split_feature=2 2 10 2 6 6 2 2 0 10 1 1 2 6 6 10 7 2 6 8 4 8 4 2 6 10 4 0 4 0 8 9 8 6 4 8 8 8 9 8 7 9 10 7 7 10 8 8 7 4 1 9 9 8 7 10 8 6 4 8 7 7 8 8 4 8 8 8 10 9 8 9 8 9 9 10 8 9 8 8 7 4 2 10 6 9 7 10 8 6 2 8 8 8 10 2 9 4 4 6 4 10 9 8 8 7 7 8 8 7 8 7 8 6 7 8 10 7 9 10 7 8 6 8 8 8 8
split_gain=10266.9 1008 395.098 315.24 462.003 277.586 286.684 225.401 175.835 141.937 127.906 110.496 109.394 95.8171 86.1014 85.2547 78.9757 75.9904 69.4544 56.8548 54.5606 50.9042 43.7954 41.4008 50.65 51.7619 91.484 40.8418 42.8518 38.812 37.6781 32.7441 32.2218 29.039 29.0346 27.4947 46.5866 56.1894 22.2204 20.5513 20.5429 27.2683 23.6023 20.0812 25.068 32.4522 33.4747 23.6823 19.9102 19.7762 19.5292 18.4809 17.9184 17.5756 17.1578 16.9957 17.8992 19.2402 20.578 16.5803 18.5033 33.9744 28.0211 27.127 16.0643 15.9491 22.7567 15.9433 15.676 15.5613 15.4831 17.6319 15.0066 16.6123 18.4894 16.8614 14.8812 14.7862 16.1727 14.5471 16.6006 21.5995 13.9895 13.9325 16.1951 13.3146 13.1644 13.001 12.8734 21.1088 19.2796 19.1825 19.772 19.1584 15.7219 15.063 14.5853 14.5922 12.7081 12.4493 12.4206 11.9546 11.7621 17.1322 14.6123 14.3325 28.0163 43.68 13.3037 28.8736 17.8941 12.8843 11.6411 11.5447 11.4017 11.3449 11.259 10.5597 10.5317 11.3274 16.543 10.8471 10.1207 13.8301 9.7902 10.0111 11.5258
threshold=0 1 200.50000000000003 2 2016.5000000000002 2016.5000000000002 3 4 5 307.00000000000006 6 7 8 2017.5000000000002 2016.5000000000002 1696.5000000000002 19.500000000000004 9 2017.5000000000002 348.50000000000006 10 306.50000000000006 11 12 2018.5000000000002 68.500000000000014 13 14 15 16 218.50000000000003 2231.5000000000005 128.50000000000003 2020.5000000000002 17 342.50000000000006 293.50000000000006 291.50000000000006 1727.0000000000002 302.50000000000006 10.500000000000002 1994.5000000000002 1506.0000000000002 27.500000000000004 15.500000000000002 1587.5000000000002 253.50000000000003 294.50000000000006 11.500000000000002 18 19 1994.5000000000002 1988.5000000000002 93.500000000000014 19.500000000000004 322.50000000000006 25.500000000000004 2020.5000000000002 20 117.50000000000001 16.500000000000004 8.5000000000000018 141.50000000000003 278.50000000000006 21 43.500000000000007 41.500000000000007 84.500000000000014 210.00000000000003 1852.0000000000002 237.50000000000003 2093.5000000000005 12.500000000000002 2353.0000000000005 2311.0000000000005 143.50000000000003 339.50000000000006 2086.5000000000005 145.50000000000003 18.500000000000004 21.500000000000004 22 23 296.00000000000006 2019.5000000000002 2048.5000000000005 14.500000000000002 31.500000000000004 164.50000000000003 2020.5000000000002 24 185.50000000000003 252.50000000000003 172.50000000000003 255.00000000000003 25 2102.0000000000005 26 27 2017.5000000000002 28 29.500000000000004 2093.5000000000005 256.50000000000006 249.50000000000003 28.500000000000004 24.500000000000004 299.50000000000006 348.50000000000006 18.500000000000004 286.50000000000006 26.500000000000004 93.500000000000014 2020.5000000000002 20.500000000000004 326.50000000000006 128.50000000000003 5.5000000000000009 1926.5000000000002 1431.0000000000002 13.500000000000002 319.50000000000006 2018.5000000000002 239.50000000000003 105.50000000000001 143.50000000000003 158.50000000000003
decision_type=9 9 2 9 2 2 9 9 9 2 9 9 9 2 2 2 2 9 2 2 1 2 1 9 2 2 1 9 1 9 2 2 2 2 1 2 2 2 2 2 2 2 2 2 2 2 2 2 2 1 9 2 2 2 2 2 2 2 1 2 2 2 2 2 1 2 2 2 2 2 2 2 2 2 2 2 2 2 2 2 2 1 9 2 2 2 2 2 2 2 9 2 2 2 2 9 2 1 1 2 1 2 2 2 2 2 2 2 2 2 2 2 2 2 2 2 2 2 2 2 2 2 2 2 2 2 2
left_child=5 17 10 9 11 6 19 13 21 -4 67 20 39 98 29 22 -11 87 30 -1 32 122 40 24 68 26 -26 50 72 -12 -10 86 -5 76 116 36 37 59 -30 54 41 52 65 44 45 -44 -47 77 112 -31 64 -45 -15 -40 -9 56 -27 58 -58 -33 61 63 -62 -61 -16 66 -42 -3 -19 -20 -70 -72 -29 74 75 101 82 78 -46 -79 81 -81 100 -84 -85 -71 -17 -2 90 94 124 93 -93 -91 -90 -96 97 -92 -6 114 -25 -74 103 104 -34 106 108 -108 110 -110 -104 -105 -22 -67 -97 -50 -8 -114 119 121 -121 -24 123 -7 -14 -126 -127
right_child=1 2 3 4 7 8 34 12 18 16 14 -13 88 15 27 31 -18 23 69 -21 48 -23 118 33 25 55 -28 28 38 49 -32 35 102 -35 -36 -37 -38 -39 53 -41 42 -43 43 51 47 46 -48 -49 115 -51 -52 -53 -54 -55 -56 -57 57 -59 -60 60 62 -63 -64 -65 -66 113 -68 -69 70 85 71 -73 73 -75 -76 -77 -78 79 -80 80 -82 -83 83 84 -86 -87 -88 -89 89 91 96 92 -94 -95 95 99 -98 -99 -100 -101 -102 -103 105 111 -106 -107 107 -109 109 -111 -112 -113 117 -115 -116 -117 -118 -119 -120 120 -122 -123 -124 -125 125 126 -128
leaf_value=0.067775291240852575 -0.032490438056891939 -0.028876871031932805 -0.0083500000497043446 0.020536825685412624 -0.0014342234753762725 0.043791555370793593 0.047656852004482692 0.0082208370622269024 0.042243782509965792 -0.059701067998969584 0.010420402387360811 -0.020443410165963849 -0.0041701398992812092 -0.0096289121862113101 0.01045890662347821 0.0028060175730318477 -0.022784377002474005 -0.029017818441492656 0.021279678961183116 0.045002341805488122 0.014223391707446777 0.031213578794412444 -0.0051335012863025793 -0.0056679592566407661 0.013937134954186393 -0.042226733026715618 -0.030518989754718475 0.025497033371357249 0.018157573573081353 0.0059507867321372037 0.030126388585902789 -0.012097909242292558 -0.0024862296422293265 -0.00552305548809088 0.024515658305403185 -0.024072197314644019 0.0015257451330670663 -0.041433876310137736 -0.0048746473506659695 -8.2461041795598716e-05 -0.0097610951601401225 -0.0038139449199204607 -0.0087088549741852397 -0.0075727419280179889 -0.0093665858868379071 -0.017887634167867102 -0.04062482108185158 -0.021303623601653318 0.004358691272248162 -0.0099573805110550646 -0.013066034989559484 -0.021523457731100287 -0.02306432059296129 0.0062292620721853551 0.020525628109389033 -0.019574381226949319 -0.022215234997615185 -0.022375220568456745 -0.037615017556948453 -0.0086763908226327249 -0.032931093389340936 -0.0005284282702434891 -0.013195501548196577 -0.030698060867928412 -0.0028928496502062663 -0.0088499754722835416 -0.028977330702592032 -0.011487518703498843 -0.010794991062854559 0.03196681531309991 -0.030564020128388492 -0.013994380679372469 0.0038352458405791334 0.019684154317824814 -0.0020352925052672314 0.0059023787749168397 -0.0061441443209643704 0.0021052851811098798 0.0032069778618766896 -0.0078913753877405731 -0.007624395635987942 -0.023322833035258089 -0.024259568044682336 -0.0214098370038866 -0.0042109475974748383 0.027319809253717037 -0.010272329926872961 -0.049679383470718999 -0.014169603490451238 -0.0013219864899512242 0.0055714035987219209 -0.0052191565077293004 0.0022073987661127684 0.018877983075378912 0.0079000305429538144 0.00099185678749416119 0.0068450714154049564 -0.01116661755179528 -0.0053905280017021873 -0.004390382509156166 -0.017107966848540209 0.016325492844784247 -0.0018623009289892103 -0.014675187425547992 0.0088954971325873999 -0.0079258999634681439 0.027602896421888564 0.0022942682126915435 -0.01943332093509556 0.0055775403793502064 0.0062750010088889101 -0.0010259182029163717 0.0029177228077007841 -0.0028465643103428775 -0.0044442779926569045 0.011997345977541166 0.032950950559210837 0.010642126523564117 -0.0054944874828098435 -0.023089436411067941 -0.0077529057374169279 -0.014324411027719001 0.052761729303722138 0.055554720965845274 -0.0083030083372900732 -0.0016292901042206842 -0.010301925958201993
leaf_weight=1507 201 206 382 200 4195 1471 345 702 1659 417 390 461 10968 1920 401 312 222 214 731 335 1081 564 1563 367 203 300 249 256 346 231 1046 2413 1196 602 769 886 415 207 408 388 571 2611 701 305 514 730 208 380 5316 1150 224 1071 285 2816 475 392 462 691 857 249 421 313 314 319 494 2785 211 366 1026 2382 266 405 216 733 240 713 269 216 509 462 1230 516 1298 365 219 4368 502 243 343 212 213 1509 2207 263 284 2431 624 311 3968 11614 901 1694 1473 426 369 354 265 478 238 224 1248 291 713 1124 1599 535 209 1166 11179 309 408 404 737 301 3622 1471 518
leaf_count=1507 201 206 382 200 4195 1471 345 702 1659 417 390 461 10968 1920 401 312 222 214 731 335 1081 564 1563 367 203 300 249 256 346 231 1046 2413 1196 602 769 886 415 207 408 388 571 2611 701 305 514 730 208 380 5316 1150 224 1071 285 2816 475 392 462 691 857 249 421 313 314 319 494 2785 211 366 1026 2382 266 405 216 733 240 713 269 216 509 462 1230 516 1298 365 219 4368 502 243 343 212 213 1509 2207 263 284 2431 624 311 3968 11614 901 1694 1473 426 369 354 265 478 238 224 1248 291 713 1124 1599 535 209 1166 11179 309 408 404 737 301 3622 1471 518
internal_value=1.24652e-05 -0.00498669 -0.00366208 -0.00463289 -0.00434978 0.0371119 0.0504389 -0.00582702 0.0339586 -0.0321466 0.00539108 0.00343078 -0.00308492 -0.00826175 0.00666824 -0.00935709 -0.0468756 -0.020592 0.0306618 0.06329 0.00414798 0.0446413 -0.00825011 -0.019552 -0.0226442 -0.0265809 -0.0109199 0.00875517 0.0100908 -0.0033587 0.0375581 -0.014623 0.00076551 -0.0156104 0.0318275 -0.0159996 -0.0144618 -0.0160281 0.00609924 0.0098341 -0.010008 -0.0072714 -0.0111594 -0.0130324 -0.0116733 -0.0168474 -0.0229296 -0.00945734 0.00674004 -0.00727277 -0.000192062 -0.0184312 -0.0113655 0.00482405 0.0131867 -0.0292007 -0.0308342 -0.0291339 -0.0326746 -0.0147228 -0.0186423 -0.0137554 -0.0244998 -0.0210442 0.0031388 -0.00842774 -0.014946 -0.0174451 -0.0162654 0.0282092 -0.0146573 -0.020563 0.0137647 0.0129678 0.0112482 0.0124637 -0.0174322 -0.0081514 -0.00311053 -0.0102788 -0.0114903 -0.0163523 -0.0183962 -0.0212609 -0.0149603 0.0289597 -0.0052595 -0.040975 -0.00361678 -0.00276327 -0.00460402 0.000401019 -0.00080839 0.00986242 -0.00357831 -0.00335023 0.00166603 -0.00446958 -0.00336573 -0.00355724 -0.0138671 0.014913 0.000164076 -0.002735 0.000197385 0.0017098 0.00257863 0.0113209 0.000537942 -0.00730684 0.00186991 -0.00913553 0.0100894 -0.00712375 -0.00116506 0.00505715 0.0413623 0.00771105 -0.00616532 -0.00898232 -0.0143624 -0.00702121 0.0478377 0.0457897 -0.00503615 -0.00673794 -0.00388793
internal_weight=138373 121949 112419 101535 100514 16424 3165 84480 13259 1021 10884 16034 39754 44726 10312 36563 639 9530 10186 1842 15573 3073 30212 9086 5065 3154 452 8541 7422 1771 2705 6351 6762 4021 1323 5537 4651 4236 3570 1565 16349 4816 11533 6842 5466 1639 938 3827 8811 1381 1119 1376 2205 3224 1177 2702 2310 2010 1319 4029 1616 881 735 568 895 4691 782 572 1911 7481 1697 671 3852 3596 2863 2623 3419 3447 1023 2424 2208 978 3150 1882 584 6750 814 444 38189 20462 17727 4191 3716 475 16271 15928 1148 524 8163 15644 1268 1910 6562 2282 1565 4280 3926 743 3183 462 2721 717 2960 3909 4030 5851 554 1879 13863 2684 717 1967 2509 1772 16579 5611 1989
internal_count=138373 121949 112419 101535 100514 16424 3165 84480 13259 1021 10884 16034 39754 44726 10312 36563 639 9530 10186 1842 15573 3073 30212 9086 5065 3154 452 8541 7422 1771 2705 6351 6762 4021 1323 5537 4651 4236 3570 1565 16349 4816 11533 6842 5466 1639 938 3827 8811 1381 1119 1376 2205 3224 1177 2702 2310 2010 1319 4029 1616 881 735 568 895 4691 782 572 1911 7481 1697 671 3852 3596 2863 2623 3419 3447 1023 2424 2208 978 3150 1882 584 6750 814 444 38189 20462 17727 4191 3716 475 16271 15928 1148 524 8163 15644 1268 1910 6562 2282 1565 4280 3926 743 3183 462 2721 717 2960 3909 4030 5851 554 1879 13863 2684 717 1967 2509 1772 16579 5611 1989
cat_boundaries=0 3 6 7 10 13 14 15 16 18 21 22 23 26 27 28 29 30 31 32 34 35 36 37 40 43 45 46 47 48
cat_threshold=268494852 3776 11 56754176 105193472 8962048 1 0 0 10 134217728 16 1048592 64 268607488 545423360 262146 16640 2097152 8192 16384 3210 2227 0 65536 8912896 2448 16 1071 44 1061 266 16777216 4 779 3522 32 0 4456448 32768 0 0 672 512 134217728 16 1613 1216
is_linear=0
shrinkage=0.05


Tree=11
num_leaves=128
num_cat=56
split_feature=2 2 2 6 2 6 2 2 2 2 6 4 6 2 7 2 6 9 8 6 4 2 4 4 8 2 6 3 7 8 4 4 2 7 7 8 8 8 4 9 9 6 2 4 7 4 4 7 2 7 3 6 4 3 3 9 7 7 7 6 4 4 4 7 4 4 7 8 4 7 6 4 0 7 4 8 1 3 7 7 7 7 2 4 7 8 9 9 4 2 6 8 3 7 4 9 8 8 6 4 7 8 2 8 8 7 7 4 8 3 6 3 9 4 4 6 8 8 7 2 9 7 3 8 7 8 7
split_gain=9256.1 913.049 359.936 247.46 256.968 226.964 366.239 273.862 174.105 154.807 152.84 118.28 93.1364 95.1555 78.2649 68.5414 63.8915 63.7179 51.6588 48.561 47.7367 44.9446 62.7367 42.9585 39.9068 37.9505 56.4035 36.2105 35.3346 35.1865 33.7777 29.4559 42.562 28.0198 40.2677 35.4896 35.2798 26.2756 26.2352 23.3622 21.8457 23.6123 21.8384 21.2721 19.3856 25.9293 24.7044 19.3599 18.4985 17.4603 22.2228 17.378 30.5116 32.0735 16.7958 26.0315 19.3498 16.7042 15.9211 15.8666 50.22 17.6208 15.5303 15.5072 23.0902 15.2052 15.078 14.9836 14.6062 14.473 14.362 27.1147 14.3689 14.0255 20.7665 13.8139 13.4007 13.1082 26.5467 13.1749 29.439 14.0186 19.9111 24.2483 17.4756 15.5019 13.1005 13.2637 13.0774 12.789 12.7439 12.7083 12.3691 12.2999 12.0071 15.9946 11.6225 13.8717 11.4212 14.8876 11.2622 10.9987 10.9885 10.8115 10.5962 19.3879 10.548 13.3962 11.6736 10.5442 10.4123 10.3468 10.0231 15.2688 9.99768 9.96955 11.4416 9.87201 9.87129 9.81826 9.77347 9.59613 9.48151 10.0314 13.2051 9.46941 9.3529
threshold=0 1 2 2016.5000000000002 3 2017.5000000000002 4 5 6 7 2016.5000000000002 8 2016.5000000000002 9 20.500000000000004 10 2017.5000000000002 2231.5000000000005 334.50000000000006 2018.5000000000002 11 12 13 14 306.50000000000006 15 2018.5000000000002 16 10.500000000000002 218.50000000000003 17 18 19 20.500000000000004 19.500000000000004 149.50000000000003 342.50000000000006 117.50000000000001 20 2003.0000000000002 2003.0000000000002 2020.5000000000002 21 22 8.5000000000000018 23 24 26.500000000000004 25 11.500000000000002 26 2020.5000000000002 27 28 29 2470.5000000000005 12.500000000000002 4.5000000000000009 12.500000000000002 2020.5000000000002 30 31 32 24.500000000000004 33 34 16.500000000000004 272.50000000000006 35 12.500000000000002 2018.5000000000002 36 37 6.5000000000000009 38 170.50000000000003 39 40 25.500000000000004 24.500000000000004 25.500000000000004 9.5000000000000018 41 42 2.5000000000000004 274.50000000000006 1852.0000000000002 2048.5000000000005 43 44 2016.5000000000002 78.500000000000014 45 27.500000000000004 46 1900.5000000000002 194.50000000000003 199.50000000000003 2020.5000000000002 47 2.5000000000000004 326.50000000000006 48 313.50000000000006 252.50000000000003 22.500000000000004 5.5000000000000009 49 93.500000000000014 50 2018.5000000000002 51 1941.5000000000002 52 53 2019.5000000000002 239.50000000000003 139.50000000000003 11.500000000000002 54 2022.5000000000002 8.5000000000000018 55 83.500000000000014 21.500000000000004 225.50000000000003 6.5000000000000009
decision_type=9 9 9 2 9 2 9 9 9 9 2 1 2 9 2 9 2 2 2 2 1 9 1 1 2 9 2 9 2 2 1 1 9 2 2 2 2 2 1 2 2 2 9 1 2 1 1 2 9 2 9 2 1 9 9 2 2 2 2 2 1 1 1 2 1 1 2 2 1 2 2 1 9 2 1 2 9 9 2 2 2 2 9 1 2 2 2 2 1 9 2 2 9 2 1 2 2 2 2 1 2 2 9 2 2 2 2 1 2 9 2 9 2 1 1 2 2 2 2 9 2 2 9 2 2 2 2
left_child=3 15 19 4 18 7 70 10 51 24 11 14 13 62 69 88 29 23 -1 21 49 22 -3 48 110 26 -17 28 39 -11 122 42 -33 34 36 37 54 -35 -6 -25 58 47 -21 -12 46 90 -23 91 -10 50 106 -8 111 -54 55 -32 126 89 -30 61 -61 115 -9 64 96 -65 -58 92 -13 -4 71 -7 -72 74 -28 -73 104 78 118 81 -81 84 83 -83 -79 -86 -18 -88 -2 -27 -46 -42 -44 -47 -74 -96 -14 -98 -75 -100 -55 -51 -52 -102 105 -66 108 -108 -15 -67 125 -53 -34 -114 -92 116 -59 -40 -22 -63 -50 -113 123 124 -19 -5 -56
right_child=1 2 5 9 38 6 8 12 17 16 43 68 63 20 -16 25 86 30 -20 31 77 44 -24 27 -26 57 73 -29 40 -31 33 32 112 35 -36 -37 -38 -39 117 -41 41 -43 67 -45 45 93 -48 -49 120 101 102 52 53 100 56 -57 66 59 -60 60 -62 119 -64 65 76 109 -68 -69 -70 -71 72 75 94 98 -76 -77 -78 79 -80 80 -82 82 -84 -85 85 -87 87 -89 -90 -91 114 -93 -94 -95 95 -97 97 -99 99 -101 103 -103 -104 -105 -106 -107 107 -109 -110 -111 -112 121 113 -115 -116 -117 -118 -119 -120 -121 -122 -123 -124 -125 -126 -127 -128
leaf_value=0.064960462555301662 -0.050848115708235365 -0.0058359102179284823 -0.044164439143881726 0.040735261256196663 0.03939001649356267 0.018466780484781009 -0.0045631573511594808 -0.018066211298903241 -0.0054820924800835016 0.040378894783757793 0.011197403724308707 -0.020422150824425951 -0.0011140768971470243 0.015557227509990121 -0.017063218881857807 -0.015452153819157733 0.020256625950792209 -0.0094829583259852628 0.044900843883968061 0.028962738530104816 -0.0047838001006578167 0.021331297243233606 0.026771966983719031 -0.014335608935436686 0.03021269803481369 -0.033264399326626996 -0.0071255591931779693 -0.008449950007998263 -0.023423346425053608 0.028514405795897181 -0.013511052358071336 -0.0079440331017778688 0.016096834959075733 -0.0047271050366847278 -0.035486762975130197 0.0017421103875909342 -0.02582734038007152 -0.022667224938511879 0.032361793195621838 0.0015853108281886016 -0.003632560860989246 -0.035411771035971311 0.0062345682913306005 -0.0055448923624370752 -0.003924932311856119 -0.004249151030278342 0.00066794247920342698 -0.027531862960511702 -0.022448129611939094 0.0043239533102154689 0.010513765205255619 -0.0029580615546173574 -0.0045690422213552273 0.012964327728926637 -0.015065708409725542 0.0046745302144256306 0.00028868988901376724 -0.01871575371596338 -0.009800197224402311 -0.024526831712956908 0.00011898905303551117 -0.021545545902511842 -0.0049540159248960582 0.0011354888921290432 -0.0077496081027556623 -0.0039958066585838205 -0.017094219650280285 0.022970950359833809 -0.0069642545214993251 -0.061970812271377351 0.0020755873839991791 0.0045127640364587109 0.016452781240483175 -0.031362069985347067 -0.028288740886292331 -0.011841567539920411 0.0047748558269483403 -0.0040770370726074491 -0.01400412463687826 0.021998642915557139 0.0031803369233702225 0.0011405945240980046 0.0034982857651270991 -0.011061528109574972 0.011616153992920956 0.00067865511072896323 0.030490406279644618 0.025769122029919201 -0.027444990877459642 -0.014932162331295587 0.015364542872125865 -0.01893728151212748 0.017027910678616615 -0.016438850629538138 0.019506833944002364 0.0057333424471740363 0.015719954239982136 0.0021344169773077778 -0.013881729427430678 -0.029833110752567817 0.00083583549849075263 0.011904831380174261 0.00023525012325753113 0.0086414157713139532 -0.0019597526415416257 0.0057568609519690582 0.023426938118341307 0.009409974584544914 0.0018015148820832963 -0.010374387485207991 0.049324441710657918 -0.018189178375457093 -0.0043307683719571548 0.010135976338172759 0.00080517673200962165 -0.0014453653261783754 -0.0053100950307334253 0.019889317832880251 0.0047312590534020222 -0.014083931886228786 -0.0099649434956783738 -0.0077577571390300172 -0.0040177650902052317 -0.0052185599391068359 -0.022309159749457914 0.049378944642160041 -0.024212246126143682
leaf_weight=1428 201 233 201 1469 543 210 21517 520 13600 1626 266 440 3959 348 203 1911 705 569 414 273 451 206 393 444 580 218 233 12489 277 1015 626 388 518 343 296 469 742 504 225 479 227 269 716 597 261 1080 452 367 227 4527 445 873 2563 246 498 287 250 376 950 306 607 1248 439 712 2760 1384 249 312 432 264 365 303 1264 1335 279 225 413 455 400 250 1232 828 1254 794 812 539 2296 4225 243 281 295 337 458 256 279 862 206 2138 319 435 3201 535 619 515 2307 294 483 335 277 1290 831 292 214 1173 206 259 276 538 689 1003 507 900 929 515 310 404 637
leaf_count=1428 201 233 201 1469 543 210 21517 520 13600 1626 266 440 3959 348 203 1911 705 569 414 273 451 206 393 444 580 218 233 12489 277 1015 626 388 518 343 296 469 742 504 225 479 227 269 716 597 261 1080 452 367 227 4527 445 873 2563 246 498 287 250 376 950 306 607 1248 439 712 2760 1384 249 312 432 264 365 303 1264 1335 279 225 413 455 400 250 1232 828 1254 794 812 539 2296 4225 243 281 295 337 458 256 279 862 206 2138 319 435 3201 535 619 515 2307 294 483 335 277 1290 831 292 214 1173 206 259 276 538 689 1003 507 900 929 515 310 404 637
internal_value=1.13725e-05 -0.00471482 -0.00345549 0.0353901 0.0480041 -0.00420768 -0.00581807 -0.000855119 -0.00663629 0.0323976 -0.0170927 -0.0266035 0.000381226 0.00302677 -0.0423321 -0.0195676 0.0291343 -0.00891573 0.0601255 0.00717106 0.00398678 0.00275736 0.0147342 -0.00790825 0.0419858 -0.0185798 -0.0219255 -0.00970764 -0.0143573 0.0358191 -0.0131361 0.0108726 0.00703309 -0.0155005 -0.0178227 -0.00929227 -0.016233 -0.0154022 0.0302162 -0.00607329 -0.0175669 -0.0223637 0.0157483 -0.000318964 -1.64797e-05 -0.00236498 0.00747135 -0.0185936 -0.00590904 0.0068062 0.0102276 -0.00380289 -0.00190294 -0.000220518 -0.013438 -0.00771 -0.0164904 -0.0152389 -0.0128757 -0.0142148 -0.00840861 -0.0158913 -0.0121769 -0.00239564 -0.00155723 -0.00538601 -0.00838535 0.0131432 -0.0139095 -0.0542739 0.00991741 0.00374757 0.011597 -0.0267659 -0.0193495 -0.00241075 -0.00383779 0.00121153 -0.00290278 0.00224248 0.00635481 0.000945588 -0.00122247 -0.00486376 0.00439815 0.00725249 0.0267314 0.0274315 -0.0389263 -0.0239069 0.00496852 -0.0127774 0.0106434 -0.00653598 0.0129795 0.0090222 0.000537156 0.00332837 -0.0285836 -0.0236642 0.00259694 0.00512517 0.00459193 0.00191761 -0.00450895 -0.00644938 0.0142525 0.0180879 0.0094607 -0.00710017 0.0446663 -0.00718322 0.0101091 0.00794576 0.00970081 -0.0096385 -0.013041 0.0232624 0.000966968 -0.0182978 -0.0136397 -0.0102273 -0.00804624 -0.0106832 -0.0140064 0.0425997 -0.0201991
internal_weight=138373 122074 112544 16299 3148 105110 71012 34098 67504 13151 2403 1540 31695 16232 668 9530 9867 37397 1842 7434 15273 3382 626 30173 3284 9086 4512 15839 3350 2641 7224 4052 2293 4901 3585 1316 3289 847 1306 923 2427 1200 1759 863 2756 2098 658 931 14334 7569 2507 30107 8590 6525 2547 913 1634 4574 1227 4075 913 3162 959 15463 12077 3386 499 1486 872 465 3508 738 2770 2601 512 528 5774 7704 1540 6164 1482 4682 2876 1622 1806 1351 7226 6521 444 499 762 564 1174 1336 2405 1141 6303 2344 2089 754 3962 5062 1064 3716 5361 3054 1443 818 625 2674 2704 2065 1905 1387 501 911 652 763 1140 2251 734 1192 2323 1394 879 1873 1135
internal_count=138373 122074 112544 16299 3148 105110 71012 34098 67504 13151 2403 1540 31695 16232 668 9530 9867 37397 1842 7434 15273 3382 626 30173 3284 9086 4512 15839 3350 2641 7224 4052 2293 4901 3585 1316 3289 847 1306 923 2427 1200 1759 863 2756 2098 658 931 14334 7569 2507 30107 8590 6525 2547 913 1634 4574 1227 4075 913 3162 959 15463 12077 3386 499 1486 872 465 3508 738 2770 2601 512 528 5774 7704 1540 6164 1482 4682 2876 1622 1806 1351 7226 6521 444 499 762 564 1174 1336 2405 1141 6303 2344 2089 754 3962 5062 1064 3716 5361 3054 1443 818 625 2674 2704 2065 1905 1387 501 911 652 763 1140 2251 734 1192 2323 1394 879 1873 1135
cat_boundaries=0 3 6 9 12 15 18 21 23 24 26 29 30 31 32 33 36 37 38 39 42 43 46 47 48 49 52 53 54 55 56 57 58 59 60 61 62 63 64 65 66 67 70 71 72 75 76 77 78 81 82 83 84 85 86 89 90
cat_threshold=268484608 3648 11 56754176 105193472 8962048 2147823110 2147500416 4194304 0 0 10 1 536870912 8192 1 0 1049088 256 134217736 264352 0 3648 9 134217984 671088640 2097152 8192 16384 629 2147484676 2129 1868 0 65536 524288 2 36 3107 263172 0 4194304 1061 1536 2147483648 4194304 69 3153 1290 0 16 528 21 1120 3 6 1033 1160 3185 1833 2068 166 3144 16 1740 537001984 1 0 0 16 1282 1669 131072 0 8388608 7 2599 3496 0 0 32 548 19 10 144 1089 33685504 100663296 8388608 7
is_linear=0
shrinkage=0.05


Tree=12
num_leaves=128
num_cat=59
split_feature=2 2 2 6 2 6 2 2 2 0 6 4 6 2 7 2 9 6 8 6 4 8 2 4 4 2 6 3 4 7 8 4 0 4 7 7 8 8 6 4 8 4 2 6 2 4 6 9 2 8 8 7 3 6 4 3 9 7 4 6 1 6 4 4 7 4 7 7 9 4 4 7 8 7 9 9 2 8 8 2 2 9 4 3 9 4 9 7 7 3 9 0 8 8 4 2 8 7 7 4 3 7 7 3 7 8 8 8 2 8 4 3 7 4 8 3 8 3 8 8 3 3 8 4 9 8 6
split_gain=8354.45 825.577 325.284 223.522 231.647 204.808 331.321 247.297 156.262 140.504 138.073 106.615 84.0788 86.0244 70.634 62.3631 57.6418 54.3671 46.9022 43.7973 43.1358 41.8698 40.8299 54.5614 37.1137 34.357 41.8299 33.0214 31.8705 31.8034 30.3267 26.6839 40.5594 26.306 25.3668 37.2558 33.3605 31.6521 24.3582 23.8676 23.3746 20.8763 27.5388 22.995 19.8299 19.3 17.5742 16.572 16.4382 16.0459 28.5424 15.8145 20.0833 15.2657 26.1344 30.2723 15.1545 30.3975 18.2807 29.2356 14.7778 15.6833 32.4712 14.0419 14.0118 20.8348 13.8303 27.4294 20.0431 13.7349 13.5213 17.0581 13.4999 13.0619 12.4791 16.3629 12.1819 12.1668 11.9907 11.9665 11.7016 11.6369 11.3984 11.194 11.027 10.8578 14.4351 10.804 16.5933 11.4154 11.4796 10.7501 34.3629 15.5936 10.6442 10.6189 10.7242 12.2417 12.3746 10.5215 10.4777 10.3365 10.3224 11.5333 10.1266 10.0221 9.9741 9.96013 9.94019 9.92632 9.57307 22.0025 9.56624 12.1065 10.5354 9.52423 9.52264 9.41082 9.37529 15.7654 9.3019 9.26273 9.23327 9.20281 9.18703 9.09104 9.0686
threshold=0 1 2 2016.5000000000002 3 2017.5000000000002 4 5 6 7 2016.5000000000002 8 2016.5000000000002 9 20.500000000000004 10 2231.5000000000005 2017.5000000000002 348.50000000000006 2018.5000000000002 11 306.50000000000006 12 13 14 15 2018.5000000000002 16 17 23.500000000000004 218.50000000000003 18 19 20 20.500000000000004 19.500000000000004 342.50000000000006 149.50000000000003 2020.5000000000002 21 117.50000000000001 22 23 2016.5000000000002 24 25 2019.5000000000002 2129.5000000000005 26 284.50000000000006 278.50000000000006 11.500000000000002 27 2020.5000000000002 28 29 2152.0000000000005 4.5000000000000009 30 2020.5000000000002 31 2018.5000000000002 32 33 24.500000000000004 34 10.500000000000002 14.500000000000002 2003.0000000000002 35 36 11.500000000000002 272.50000000000006 12.500000000000002 1908.0000000000002 2048.5000000000005 37 139.50000000000003 339.50000000000006 38 39 2086.5000000000005 40 41 1828.0000000000002 42 1900.5000000000002 11.500000000000002 14.500000000000002 43 2470.5000000000005 44 302.50000000000006 317.50000000000006 45 46 194.50000000000003 20.500000000000004 15.500000000000002 47 48 2.5000000000000004 17.500000000000004 49 16.500000000000004 187.50000000000003 185.50000000000003 313.50000000000006 50 326.50000000000006 51 52 5.5000000000000009 53 93.500000000000014 54 192.50000000000003 55 207.50000000000003 134.50000000000003 56 57 223.50000000000003 58 1941.5000000000002 111.50000000000001 2020.5000000000002
decision_type=9 9 9 2 9 2 9 9 9 9 2 1 2 9 2 9 2 2 2 2 1 2 9 1 1 9 2 9 1 2 2 1 9 1 2 2 2 2 2 1 2 1 9 2 9 1 2 2 9 2 2 2 9 2 1 9 2 2 1 2 9 2 1 1 2 1 2 2 2 1 1 2 2 2 2 2 9 2 2 9 9 2 1 9 2 1 2 2 2 9 2 9 2 2 1 9 2 2 2 1 9 2 2 9 2 2 2 2 9 2 1 9 2 1 2 9 2 9 2 2 9 9 2 1 2 2 2
left_child=3 15 19 4 18 7 60 10 53 21 11 14 13 63 73 105 24 30 -1 22 51 -5 41 -24 48 26 -17 29 -18 66 118 44 -33 46 35 36 49 40 78 -6 -36 43 91 -3 -21 -12 -28 -31 -10 50 87 52 112 -8 121 -56 57 -35 -58 -60 -7 62 -62 -9 65 95 68 -68 -26 -66 -13 -72 83 -4 -19 123 -67 -41 80 -22 82 126 -27 -46 -82 -63 -87 89 -89 90 -30 92 -43 94 -93 -14 100 98 -98 102 -97 -57 -81 -104 -90 -2 -102 110 -54 -53 111 -103 114 -114 -15 -71 -50 -101 119 -11 -48 -55 -25 -76 -34 -126 -59
right_child=1 2 5 9 39 6 8 12 16 17 45 70 64 20 -16 25 28 74 -20 31 79 -23 23 122 27 38 33 -29 34 47 -32 32 124 56 37 -37 -38 -39 -40 77 -42 42 -44 -45 72 -47 120 -49 116 -51 -52 109 108 54 55 101 58 81 59 -61 61 85 -64 -65 69 76 67 -69 -70 115 71 -73 -74 -75 75 -77 -78 -79 -80 99 84 -83 -84 -85 -86 86 -88 88 104 -91 -92 93 -94 -95 -96 96 97 -99 -100 117 106 107 103 -105 -106 -107 -108 -109 -110 -111 -112 -113 113 -115 -116 -117 -118 -119 -120 -121 -122 -123 -124 -125 125 -127 -128
leaf_value=0.06119108123438434 -0.03058932910983761 -0.0038298062612695328 -0.041956216169159809 0.043219150649532141 0.039812196728630657 0.0024138688501064124 -0.0043808663524817215 -0.017179944157547686 -0.0052617436579239889 0.040578592399153568 -0.0088967945429574077 -0.0037875597096365139 -0.010183418235932809 0.014779366212013853 -0.016210058194916614 -0.014679546145700828 -0.0075869362005422996 0.0206587763946793 0.040507184031433358 0.027565772125322425 -0.00047438288559807407 0.028142264825254778 -0.008713245266672531 0.016309135951352523 -0.013549399890302686 -0.0046760754086650333 -0.029066545841565664 -0.0080220599181186573 -0.0094459046483012475 -0.016176763464047342 0.027222270443490255 -0.014392548563690592 0.014243035509139794 -0.048389677670670719 -0.0045545302932840917 -0.034149894700941881 -0.02497982810577442 0.0015805373270040453 -0.0048335102957246384 0.030702345999724129 -0.021548253900289863 0.012208364686230197 -0.019562851080944368 0.015932796789178003 0.0059271338438908966 0.0060583095101168242 -0.018881361891648601 -0.029943598099563221 -0.0063036293124948684 -0.0044809649056042119 -0.028302960766856473 0.0041077556289972747 0.009999630558355661 -0.0027882684527254101 -0.0045616443492144196 0.012316111366385669 -0.010003988927551846 -0.0294623707133932 -0.03842911538547026 -0.017192053570472012 0.018043251123956657 0.015636599141578691 -0.0057117197451589169 -0.0047118317959060603 0.0010795009639260869 0.0055260580980630468 -0.023504979286785577 -0.0089916461860252202 0.0012518897856721254 -0.0037974495948629285 -0.027365029832709428 -0.010272164572048806 0.021822402437623498 -0.058872271950046219 0.024689437172992892 0.024728231620531251 -0.0042177016236333376 0.018894851263236 -0.0056080683861551017 0.0028614507436028908 -0.01037480230795226 -0.037031650069154431 -0.015563537579174967 0.016194707695563904 -0.020960684370775366 0.018531492579885411 0.0054466752493980922 -0.025719619856261818 -0.0027762803751714181 -0.015507630923040382 0.0047451815570036977 -0.00061266707407003494 -0.012743327102041804 0.0087701515528556123 -0.01117266580041293 -0.005953339809607678 0.0023035552499239909 -0.0031515205109578916 0.010950021398708661 0.0088853344154943316 0.0016560452959792458 0.0034606263080165702 0.0019542327603399075 0.015712598631483304 -0.018268692078373321 -0.045618923524118685 -0.0070466073997318751 0.0081783737115853801 0.00022367496988832337 0.011309589953727533 0.0018410453949847271 -0.017922561622075388 0.02227935066775364 0.0089531134004009541 0.0017114393655143492 -0.0098596584678072342 -0.017882590595838535 -0.0012349908560997287 0.045687347450129839 0.029411032255509298 -0.0069164281205157749 -0.0096409688871598453 0.029703047385979273 0.03383390552422802 -0.0017957041497570589 0.0085152555677404495 -0.019102183955756927
leaf_weight=1507 228 249 201 2509 401 712 21802 520 13336 813 365 281 214 348 203 1911 2304 1087 335 273 4588 564 208 325 442 367 215 12311 408 545 1044 200 565 205 339 293 727 463 602 367 502 445 208 360 716 498 333 365 301 469 326 4527 445 880 2574 246 268 454 308 342 221 1264 374 439 712 334 482 1003 474 1384 263 328 312 264 850 4304 5440 538 269 883 291 244 901 458 1591 279 862 305 214 387 219 457 200 209 508 753 1077 514 672 270 2698 276 249 443 208 216 375 517 619 535 2748 202 483 335 277 1290 433 1271 327 517 390 1199 213 1136 257 1271 395
leaf_count=1507 228 249 201 2509 401 712 21802 520 13336 813 365 281 214 348 203 1911 2304 1087 335 273 4588 564 208 325 442 367 215 12311 408 545 1044 200 565 205 339 293 727 463 602 367 502 445 208 360 716 498 333 365 301 469 326 4527 445 880 2574 246 268 454 308 342 221 1264 374 439 712 334 482 1003 474 1384 263 328 312 264 850 4304 5440 538 269 883 291 244 901 458 1591 279 862 305 214 387 219 457 200 209 508 753 1077 514 672 270 2698 276 249 443 208 216 375 517 619 535 2748 202 483 335 277 1290 433 1271 327 517 390 1199 213 1136 257 1271 395
internal_value=1.03644e-05 -0.00447974 -0.00328225 0.0336218 0.0456102 -0.00399731 -0.00552709 -0.000812598 -0.00632883 0.0307777 -0.0162425 -0.0252822 0.000362255 0.00287587 -0.0402155 -0.0186031 -0.00851958 0.0278002 0.0571193 0.00681984 0.00378866 0.0403208 0.00262823 0.0128674 -0.00755061 -0.0176611 -0.0204766 -0.00923292 -0.0125475 -0.0136974 0.033897 0.0103352 0.00668097 -0.0240539 -0.0148529 -0.017071 -0.0155374 -0.00891827 -0.0140727 0.0287204 -0.0146982 -0.000317103 -0.00275957 0.00772566 0.0149757 -0.000299741 -0.016342 -0.0216986 -0.00567214 -0.0128305 -0.014725 0.00646877 0.00972491 -0.00367475 -0.0018976 -0.000344066 -0.0271221 -0.0307218 -0.0223278 -0.0268422 0.00900157 0.0105518 0.00331881 -0.01158 -0.00227613 -0.00147918 -0.010722 -0.0137024 -0.00589022 -0.00511867 -0.0132295 -0.0175812 0.0124939 -0.0515602 0.0256057 0.0264606 -0.00364549 0.0234243 -0.0157407 0.00115054 -0.016606 -0.0274081 -0.0124736 0.0101211 -0.0192217 0.0123852 0.00857109 -0.0121825 -0.0168342 -0.0088474 -0.00441874 -0.000741683 0.00440314 -0.00358158 -0.00629384 0.000510298 0.000902213 0.00363211 0.0056257 0.00353694 -0.000710106 0.00238203 0.00640417 0.0110173 -0.0104124 -0.0370662 0.000592129 0.0017355 0.00436734 0.00486891 0.000702963 -0.00575788 0.0135512 0.0172036 0.00898766 -0.00674784 -0.0129577 0.000584056 0.0381024 0.0362375 -0.0127841 -0.00676759 0.0212176 0.0302148 0.00875355 0.00678102 -0.0246423
internal_weight=138373 122074 112544 16299 3148 105110 71012 34098 67300 13151 2403 1540 31695 16232 668 9530 36856 10078 1842 7434 15273 3073 3382 746 29692 9086 5065 15622 7164 3311 2701 4052 2293 3154 4860 3556 3263 1304 4021 1306 841 2636 2027 609 1759 863 938 910 14070 2536 2067 7569 2507 30444 8642 6563 2216 1298 918 650 3712 3000 595 959 15463 12077 2401 1485 916 3386 872 591 1486 465 7377 6290 5774 905 3419 7704 3150 1093 1268 1174 1882 2405 1141 1741 727 1014 627 1819 645 1174 965 6303 6089 2263 1749 3116 3826 3989 1575 692 422 444 3073 3743 1064 5062 3226 478 1443 818 625 2674 734 1541 1657 1330 723 2079 538 1986 2093 1528 849
internal_count=138373 122074 112544 16299 3148 105110 71012 34098 67300 13151 2403 1540 31695 16232 668 9530 36856 10078 1842 7434 15273 3073 3382 746 29692 9086 5065 15622 7164 3311 2701 4052 2293 3154 4860 3556 3263 1304 4021 1306 841 2636 2027 609 1759 863 938 910 14070 2536 2067 7569 2507 30444 8642 6563 2216 1298 918 650 3712 3000 595 959 15463 12077 2401 1485 916 3386 872 591 1486 465 7377 6290 5774 905 3419 7704 3150 1093 1268 1174 1882 2405 1141 1741 727 1014 627 1819 645 1174 965 6303 6089 2263 1749 3116 3826 3989 1575 692 422 444 3073 3743 1064 5062 3226 478 1443 818 625 2674 734 1541 1657 1330 723 2079 538 1986 2093 1528 849
cat_boundaries=0 3 6 9 12 15 18 21 22 23 25 28 29 32 33 34 37 38 39 40 41 42 43 44 46 49 50 53 54 55 56 57 58 59 60 61 62 63 66 69 72 73 74 75 76 77 78 81 82 83 84 87 88 89 90 91 92 93 94 95
cat_threshold=268484608 3648 11 56754176 105193472 8962048 2147823110 2147500416 4194304 0 0 10 1 536870912 272384 1 0 1049088 256 134217736 672 64 9 134217984 671088640 2097152 8192 16384 629 262658 16384 4194304 2113 1868 0 65536 8912896 2 36 3107 20 408 1029 1089 2 16384 1536 2147483648 4194304 440 0 16 16 21 1120 3 517 18874368 3145 3185 1833 2068 1808 134217984 0 2048 0 0 2192 0 4456448 32768 1216 7 2599 14 8 2322 0 0 128 386 2 9 0 0 32 516 20 548 19 16 5 10 210
is_linear=0
shrinkage=0.05


Tree=13
num_leaves=128
num_cat=27
split_feature=2 2 10 2 6 6 2 2 0 10 6 2 2 6 10 7 1 2 6 8 8 3 2 6 10 8 2 7 8 9 8 8 7 8 8 7 8 8 8 6 8 8 8 7 3 3 0 3 10 10 7 10 7 8 10 8 9 8 2 8 5 9 8 3 10 3 7 8 7 2 8 8 7 7 7 8 7 6 10 9 6 7 8 8 6 7 8 10 5 8 7 10 10 7 8 2 10 6 2 10 7 9 8 9 7 10 6 9 8 10 7 8 10 6 9 8 9 3 8 7 8 9 9 3 7 9 10
split_gain=7541.3 745.275 313.189 232.04 339.749 201.846 208.806 166.794 126.739 105.96 90.8934 90.7039 82.7136 68.4976 63.4237 59.8546 59.183 56.8934 49.0169 42.6173 37.7875 32.869 32.6545 37.7996 40.916 56.0578 31.0627 28.0128 27.3699 24.512 23.1625 27.9074 28.2371 23.4107 23.2832 29.2293 20.4709 35.8404 46.4713 20.434 18.7335 18.289 17.9261 21.1332 17.0892 17.0452 16.9554 16.6047 16.5774 15.7422 14.8686 14.6545 19.4444 14.2344 14.1476 13.9735 15.9128 13.9324 13.9178 20.7755 13.8031 16.6193 13.7653 14.953 13.6923 13.3139 13.2697 17.6154 17.0461 12.919 14.5657 15.7863 12.6229 12.2281 12.1087 12.0588 27.6312 11.9659 11.8253 11.694 11.6735 14.2235 11.5772 12.3542 11.5755 11.5351 23.3884 20.6894 11.5979 11.2992 24.8309 11.1771 11.0919 10.8035 10.564 11.9329 12.635 13.8795 10.464 20.5641 10.3081 23.0244 16.4454 14.6184 12.3856 20.5159 17.8906 10.8631 10.2059 15.2738 10.0948 22.4348 10.0297 12.8358 20.6205 10.18 9.98562 9.90063 10.9354 9.87994 9.87478 9.7146 16.4499 9.67428 9.62224 9.39486 11.9209
threshold=0 1 200.50000000000003 2 2016.5000000000002 2016.5000000000002 3 4 5 307.00000000000006 2016.5000000000002 6 7 2017.5000000000002 1696.5000000000002 19.500000000000004 8 9 2017.5000000000002 334.50000000000006 306.50000000000006 10 11 2018.5000000000002 68.500000000000014 209.50000000000003 12 24.500000000000004 218.50000000000003 2231.5000000000005 206.50000000000003 200.50000000000003 8.5000000000000018 286.50000000000006 348.50000000000006 18.500000000000004 342.50000000000006 293.50000000000006 291.50000000000006 2020.5000000000002 302.50000000000006 87.500000000000014 256.50000000000006 2.5000000000000004 13 14 15 16 1706.5000000000002 163.50000000000003 19.500000000000004 189.00000000000003 6.5000000000000009 80.500000000000014 210.00000000000003 237.50000000000003 2093.5000000000005 117.50000000000001 17 12.500000000000002 18 2353.0000000000005 272.50000000000006 19 259.50000000000006 20 27.500000000000004 237.50000000000003 8.5000000000000018 21 141.50000000000003 105.50000000000001 14.500000000000002 4.5000000000000009 2.5000000000000004 220.50000000000003 16.500000000000004 2020.5000000000002 33.500000000000007 2422.0000000000005 2018.5000000000002 3.5000000000000004 74.500000000000014 55.500000000000007 2020.5000000000002 2.5000000000000004 181.50000000000003 1534.0000000000002 22 89.500000000000014 6.5000000000000009 322.50000000000006 1436.5000000000002 16.500000000000004 339.50000000000006 23 296.00000000000006 2019.5000000000002 24 102.50000000000001 26.500000000000004 1896.5000000000002 241.50000000000003 2152.0000000000005 22.500000000000004 1569.5000000000002 2020.5000000000002 2206.5000000000005 119.50000000000001 1510.5000000000002 8.5000000000000018 200.50000000000003 1207.0000000000002 2019.5000000000002 2422.0000000000005 294.50000000000006 2061.5000000000005 25 311.50000000000006 29.500000000000004 17.500000000000004 2048.5000000000005 1908.0000000000002 26 5.5000000000000009 2311.0000000000005 143.50000000000003
decision_type=9 9 2 9 2 2 9 9 9 2 2 9 9 2 2 2 9 9 2 2 2 9 9 2 2 2 9 2 2 2 2 2 2 2 2 2 2 2 2 2 2 2 2 2 9 9 9 9 2 2 2 2 2 2 2 2 2 2 9 2 1 2 2 9 2 9 2 2 2 9 2 2 2 2 2 2 2 2 2 2 2 2 2 2 2 2 2 2 1 2 2 2 2 2 2 9 2 2 9 2 2 2 2 2 2 2 2 2 2 2 2 2 2 2 2 2 2 9 2 2 2 2 2 9 2 2 2
left_child=5 17 10 9 11 6 19 13 20 -4 26 -5 40 117 21 -11 58 78 28 -1 -7 27 23 54 25 -25 46 74 -10 65 31 32 47 42 -35 -36 37 38 44 94 50 -8 43 -32 48 69 73 -13 -31 -18 -9 -26 -53 -46 -19 -56 -57 -29 121 -60 98 125 63 -44 -54 -16 67 -45 -69 -14 71 -71 -28 -3 -15 76 -75 80 -2 -47 108 -82 83 -34 -72 86 -23 -88 -87 -50 -91 -66 -49 -92 95 -24 -97 -98 99 -61 104 -102 103 123 107 106 -106 -90 -20 -110 -43 -112 -83 114 -114 -115 -101 -6 -119 -105 -109 122 -12 -103 -81 126 -62
right_child=1 2 3 4 7 8 41 12 18 15 16 30 45 14 29 -17 49 22 77 -21 -22 85 39 24 51 -27 72 57 -30 36 33 -33 82 34 35 -37 -38 -39 -40 -41 -42 110 62 66 53 79 -48 92 89 -51 -52 52 64 -55 55 56 -58 -59 59 60 61 -63 -64 -65 91 -67 -68 68 -70 70 84 -73 -74 75 -76 -77 -78 -79 -80 124 81 112 -84 -85 -86 88 87 -89 100 90 93 -93 -94 -95 -96 96 97 -99 -100 116 101 102 -104 119 105 -107 -108 120 109 -111 111 -113 113 115 -116 -117 -118 118 -120 -121 -122 -123 -124 -125 -126 -127 -128
leaf_value=0.058652885273426353 -0.028063725436661854 -0.016654247942806413 -0.0070168708986237021 -0.019357444166641334 0.000641691133497095 0.041058193169878 0.037481882628335905 0.0072072155709039278 0.036197271106654931 -0.051469062963317484 -0.0020721174431283301 0.013837840309629982 -0.0075875449218124587 0.00092938851772901847 0.0044198220991610651 -0.019330638459739948 -0.019270369055149603 -0.026060342593727828 0.020069763162190973 0.040433097646598692 0.026735151462638357 -0.0090113041906386554 -0.011670564637381071 0.0076163031541121506 -0.03717271944092259 -0.027668171015541723 0.01505491802495379 -0.023358024465837263 0.025861156989831009 -0.018849631814526865 -0.011010494218057684 0.020738285943904582 0.0044596099086010752 0.0060581775567251916 -0.018139551381557054 0.0027497721079760644 -0.02071737086907046 0.0015980112973421096 -0.036903261058572411 -0.0048018969783376426 -0.00088645052624968771 0.014775916213776899 -0.0017841845677930832 0.0010987466265645776 -0.0044478871483694419 -0.0038653782948575525 -0.020719168665010699 0.0098125348809255733 -0.01316626910013507 -0.0012431534953356027 0.018716730364057018 -0.01491603033652731 -0.020670738683107204 -0.016494265640140091 -0.0087486565389468928 -0.027529233869137172 -0.011788076379186947 -0.012860079304487213 0.022682881912212991 -0.010039851347896823 0.010731534920338893 0.016194389464563932 -0.0011991731425176465 -0.018493738754334823 -0.031731044086952452 -0.0089550011162177895 -0.0054419498806084071 0.0017208306919556202 0.018896119300808228 -0.00082034539256680664 0.00045391999383012161 -0.009819611209587983 -0.00039517220512468574 0.0055931832112590257 -0.0091861766594320896 0.0054595682374641019 -0.014511252885021543 0.028026212522124439 -0.044389455687875556 0.006776990284302945 0.011733798562713407 0.03105256837302639 0.0015861612040602481 0.015257691947223357 0.007508628723741544 -0.0051141181067344381 -0.0071834356055303743 0.0095550266726349403 -0.0081368854935221641 -0.01294950305052915 0.013573540981858971 -0.020327190814005476 -0.0017340333380741237 -0.0013603438673304329 -0.0056483716557236162 -0.021105676146788686 -0.018220662194374338 -0.0022987725634178889 0.0087488673720766252 0.012562454074910127 -0.00024097952109789758 -0.0093869202881733064 -0.0032626787917716124 -0.0034926761242360634 -0.011668616415294958 0.0027388333358135709 0.0030099013657802747 0.0058327196260097997 0.022332572149490276 0.032120596930957868 0.015866884656602166 0.033753218561375954 0.014520478955719297 0.022213913260424368 0.02721922666846734 0.031586485581236348 0.00066513774195968477 -0.004634777381570877 0.0011600974430139132 -0.016795441166870297 -0.0060201120502152393 -0.0022591339518237136 0.017838728355820337 -0.023081197873101506 -0.0016847054383041073 -0.001121784626575541 0.0049859086993816991
leaf_weight=1428 228 222 382 434 1556 2509 340 692 1657 417 205 1163 640 316 277 222 234 214 528 414 564 645 1370 240 233 212 211 491 1044 294 310 288 1413 3278 238 565 886 415 207 603 382 227 236 1080 275 29034 232 451 349 251 472 471 716 2265 1026 266 405 887 262 294 3002 821 620 336 1009 537 380 246 350 1947 3076 650 354 273 4637 265 457 1688 216 417 340 309 3941 326 717 9312 283 531 8274 339 200 273 386 307 292 1298 365 219 804 303 429 224 337 316 779 829 283 267 681 961 286 453 1048 944 460 418 422 5656 951 250 514 519 210 608 1729 242 1291
leaf_count=1428 228 222 382 434 1556 2509 340 692 1657 417 205 1163 640 316 277 222 234 214 528 414 564 645 1370 240 233 212 211 491 1044 294 310 288 1413 3278 238 565 886 415 207 603 382 227 236 1080 275 29034 232 451 349 251 472 471 716 2265 1026 266 405 887 262 294 3002 821 620 336 1009 537 380 246 350 1947 3076 650 354 273 4637 265 457 1688 216 417 340 309 3941 326 717 9312 283 531 8274 339 200 273 386 307 292 1298 365 219 804 303 429 224 337 316 779 829 283 267 681 961 286 453 1048 944 460 418 422 5656 951 250 514 519 210 608 1729 242 1291
internal_value=9.89062e-06 -0.0042561 -0.00311022 -0.00397412 -0.00373124 0.0319438 0.043336 -0.00499825 0.0292411 -0.0275795 0.0049542 0.00293926 -0.00263952 -0.00709269 -0.00801883 -0.0403036 0.00713368 -0.0175798 0.0264131 0.0542633 0.0383048 -0.00706404 -0.0166927 -0.0194563 -0.0228569 -0.00893305 -0.00463381 -0.0102789 0.0322021 -0.0125608 0.0035694 0.00545771 0.00488469 0.00160444 0.00418895 -0.00344158 -0.0137518 -0.0124249 -0.0137987 -0.0132787 0.00866521 0.0272995 -0.00135998 0.00115909 -0.0126116 -0.00309906 -0.00847786 0.00999395 -0.00815852 -0.00974 0.0118743 -0.0251861 -0.0240549 -0.0151305 -0.0139456 -0.0124178 -0.0180282 -0.0166006 0.00811279 0.00884135 0.00834851 0.00963045 -0.00636009 -0.0119541 -0.0262093 -0.00445933 0.002994 0.00490669 0.011807 -0.000871011 -0.000187502 -0.00307276 0.00528121 -0.00599443 -0.00854081 -0.0036763 -0.00699274 0.0243293 -0.0352129 -0.00360097 0.0232324 0.0214539 0.00308565 0.00648386 0.00178749 -0.00620487 -0.00189958 0.00373563 -0.00648779 -0.00559651 -0.00247376 -0.0293026 0.00443461 0.00453073 -0.0147584 -0.0155764 -0.0182606 -0.01225 0.00450462 0.0011034 -0.00745391 -0.0106128 -0.0131774 -0.0155674 -0.00683621 -0.00315577 -0.00775711 -0.00760481 0.0261167 0.0280611 0.0239982 0.026831 0.0224934 0.0215719 0.0183941 0.0250904 0.0056374 -0.0029531 -0.00379493 -0.00936846 -0.00196799 0.00227633 0.00800325 -0.0197845 -4.0471e-05 0.00846337 0.0090037
internal_weight=138373 122074 112418 101544 100523 16299 3148 84482 13151 1021 10874 16041 39756 44726 36563 639 8860 9656 10078 1842 3073 30212 9212 5065 3154 452 2014 6331 2701 6351 15607 7968 7680 7639 4081 803 5537 4651 4236 4147 1546 1306 3558 2366 4029 38210 1449 2000 1489 485 1164 2702 2469 2540 1911 1697 671 1378 8375 7441 7179 5356 1192 572 1998 814 2056 1676 596 7030 6390 2597 565 1217 4953 995 730 7377 444 31180 5689 3519 5680 1739 3793 23881 1459 814 22422 1195 846 1282 837 507 3544 3252 1882 584 1823 1019 13110 2164 1735 1398 10946 1891 1062 9055 2170 1642 966 739 3179 2870 1508 1362 725 8163 6607 566 781 934 415 832 2146 4535 4293
internal_count=138373 122074 112418 101544 100523 16299 3148 84482 13151 1021 10874 16041 39756 44726 36563 639 8860 9656 10078 1842 3073 30212 9212 5065 3154 452 2014 6331 2701 6351 15607 7968 7680 7639 4081 803 5537 4651 4236 4147 1546 1306 3558 2366 4029 38210 1449 2000 1489 485 1164 2702 2469 2540 1911 1697 671 1378 8375 7441 7179 5356 1192 572 1998 814 2056 1676 596 7030 6390 2597 565 1217 4953 995 730 7377 444 31180 5689 3519 5680 1739 3793 23881 1459 814 22422 1195 846 1282 837 507 3544 3252 1882 584 1823 1019 13110 2164 1735 1398 10946 1891 1062 9055 2170 1642 966 739 3179 2870 1508 1362 725 8163 6607 566 781 934 415 832 2146 4535 4293
cat_boundaries=0 3 6 7 10 13 14 17 19 21 24 25 28 30 31 32 33 34 37 38 39 40 43 44 47 49 50 51
cat_threshold=268484608 3648 11 65142784 105193472 8962048 1 0 0 10 134217728 16 1048592 64 258 134217728 512 262146 16384 83952161 4 2097152 8192 16384 66 0 65536 8912896 134217987 536870928 6 80 17 21 65536 536870920 2048 2 18 17 0 0 640 10 8388608 4456448 32768 1025 2147483648 1 16
is_linear=0
shrinkage=0.05


Tree=14
num_leaves=128
num_cat=41
split_feature=2 2 10 2 2 10 2 1 10 2 4 7 4 10 10 2 10 4 10 4 9 8 2 9 10 10 8 8 8 4 10 3 9 7 0 4 10 8 8 8 8 8 8 9 9 4 4 9 9 0 10 3 2 10 9 8 9 8 9 4 3 7 9 8 7 8 7 7 3 9 10 10 8 7 3 4 7 4 7 3 2 10 4 9 10 10 9 9 4 9 8 8 4 7 4 7 9 7 8 3 9 7 2 10 9 3 7 7 8 8 9 7 9 4 3 9 8 2 10 10 10 9 7 7 3 7 7
split_gain=6813.64 672.192 279.93 209.41 143.222 95.6286 85.4318 83.4869 63.6979 56.1499 55.2217 54.0187 52.2039 61.9559 51.6407 51.3423 50.9715 46.1839 43.8831 51.8979 36.2899 29.5698 29.4555 29.2358 23.8312 41.1715 38.9103 36.6264 24.4594 28.4795 23.2735 23.2549 22.7238 21.9754 21.3054 21.2694 25.3269 20.624 33.3457 19.9471 19.357 26.154 18.4566 17.7908 33.7766 53.348 25.9938 45.4274 21.2837 17.7808 17.4087 17.1239 19.3265 16.7736 16.4505 18.7976 16.6504 25.0855 18.5029 26.926 34.5706 17.3564 22.8295 16.3853 16.3539 17.8529 16.0679 19.9876 15.9595 15.8245 16.2701 15.8013 15.1499 14.1313 14.0941 13.9347 13.7257 13.5652 13.5606 13.9748 13.5182 13.0265 30.981 19.4251 22.3224 19.713 17.0116 16.8118 22.0237 16.7381 24.569 23.0929 14.4617 13.1551 12.9374 12.848 24.9724 12.7062 12.5918 12.4366 12.277 12.2477 12.1843 11.9231 11.919 11.6662 12.0196 15.7921 11.6948 11.4526 11.2951 14.3801 11.2847 11.0589 12.9985 16.9371 16.1656 12.8846 11.0061 10.972 16.9095 15.9599 10.8578 10.8086 25.5469 23.5435 18.8244
threshold=0 1 200.50000000000003 2 3 307.00000000000006 4 5 1703.0000000000002 6 7 19.500000000000004 8 1808.5000000000002 1886.0000000000002 9 2020.5000000000002 10 1181.0000000000002 11 1530.5000000000002 334.50000000000006 12 2545.0000000000005 1635.0000000000002 1631.5000000000002 293.50000000000006 80.500000000000014 295.50000000000006 13 1514.0000000000002 14 2206.5000000000005 26.500000000000004 15 16 68.500000000000014 291.50000000000006 284.50000000000006 323.50000000000006 187.50000000000003 204.50000000000003 326.50000000000006 1879.5000000000002 2033.0000000000002 17 18 2093.5000000000005 1994.5000000000002 19 107.00000000000001 20 21 2020.5000000000002 1879.5000000000002 321.50000000000006 1994.5000000000002 81.500000000000014 2174.5000000000005 22 23 4.5000000000000009 2385.5000000000005 279.50000000000006 7.5000000000000009 305.50000000000006 19.500000000000004 10.500000000000002 24 2385.5000000000005 1620.5000000000002 68.500000000000014 301.50000000000006 3.5000000000000004 25 26 13.500000000000002 27 20.500000000000004 28 29 1431.0000000000002 30 1973.5000000000002 280.50000000000006 1250.5000000000002 1727.0000000000002 2165.0000000000005 31 1879.5000000000002 27.500000000000004 136.50000000000003 32 13.500000000000002 33 10.500000000000002 2074.5000000000005 13.500000000000002 339.50000000000006 34 1926.5000000000002 11.500000000000002 35 163.50000000000003 2033.0000000000002 36 17.500000000000004 6.5000000000000009 328.50000000000006 153.50000000000003 2102.0000000000005 17.500000000000004 2311.0000000000005 37 38 2093.5000000000005 235.50000000000003 39 143.50000000000003 210.00000000000003 255.00000000000003 2165.0000000000005 24.500000000000004 11.500000000000002 40 8.5000000000000018 22.500000000000004
decision_type=9 9 2 9 9 2 9 9 2 9 1 2 1 2 2 9 2 1 2 1 2 2 9 2 2 2 2 2 2 1 2 9 2 2 9 1 2 2 2 2 2 2 2 2 2 1 1 2 2 9 2 9 9 2 2 2 2 2 2 1 9 2 2 2 2 2 2 2 9 2 2 2 2 2 9 1 2 1 2 9 9 2 1 2 2 2 2 2 1 2 2 2 1 2 1 2 2 2 2 9 2 2 9 2 2 9 2 2 2 2 2 2 2 1 9 2 2 9 2 2 2 2 2 2 9 2 2
left_child=6 15 7 5 12 -4 -1 -3 18 39 14 -7 13 100 101 77 20 32 19 50 -14 24 35 31 25 28 27 -26 29 30 74 75 49 -28 71 36 -17 38 63 -6 -15 68 78 -20 45 48 47 -46 109 -9 104 52 95 -12 -36 56 99 -58 59 60 -59 -60 112 123 65 -21 67 -18 -42 70 -48 -19 -30 -23 -22 -11 118 -2 79 -43 -32 82 89 85 -85 86 -84 92 -89 90 -33 -91 -83 -87 -61 96 -31 -90 -25 -56 105 -10 -93 -37 -8 -5 107 -107 -108 -45 111 -97 -63 114 115 -102 -116 -115 -51 -38 -121 -122 -77 124 125 -29 -125
right_child=1 2 3 4 9 11 8 17 10 23 53 -13 16 40 -16 22 66 34 43 64 21 73 -24 98 26 -27 33 37 72 51 80 81 -34 -35 54 103 119 -39 -40 -41 41 42 -44 44 46 -47 69 -49 -50 76 -52 -53 -54 -55 55 -57 57 58 61 94 -62 62 -64 -65 -66 -67 -68 -69 -70 -71 -72 -73 -74 -75 -76 122 -78 -79 -80 -81 -82 87 83 84 -86 93 -88 88 97 91 -92 102 -94 -95 -96 110 -98 -99 -100 -101 113 -103 -104 -105 -106 106 108 -109 -110 -111 -112 -113 -114 117 116 -117 -118 -119 -120 120 121 -123 -124 126 -126 -127 -128
leaf_value=0.019713359221455482 -0.044793666221678116 -0.018385815591885291 -0.0066660271141999921 -0.0004742932608047905 0.010010384079134951 -0.048895609068429678 0.02919793350996169 -0.0021293247841543796 0.066421258770632791 -0.0026640469283496812 0.033875593172989764 -0.018364106004571053 0.0035637449371279219 -0.0095990930355453336 0.039019318152898996 -0.0011078867060213451 -0.0078962824122908604 -5.9622648343782937e-05 0.020106220769501484 0.029017603965594049 0.0035922148230019958 0.0069571684610959241 -0.012616130303729163 0.0092334418160200937 -0.0044866335058491606 0.0055759599561480896 0.011288246571596234 -0.0075448892824962312 -0.017905891717889283 -0.011983462758983328 0.0051265631253096522 -0.013178450346615599 0.017932389622602022 -0.0076648927504747895 0.01030397205261353 -0.030198218808842908 -0.02641352194088294 -0.024416305698874978 0.0027049272459009617 -0.0052881071317581047 0.018276723690367151 0.012340353073754399 0.012248254209453802 0.041622183613539879 0.022904843668282753 0.026076311978359752 0.024531659825471827 0.048416477524452661 0.034738755212834732 0.018613192562175147 0.04299549132066241 -0.0060818253347388572 0.00011764750819703244 0.020408554040291845 -0.0088978484421903398 0.016158537950734294 0.015010563257116942 0.0067370666192095134 -0.013330173941547455 0.016393532192899431 -0.016683247000675836 0.00033152395497906384 0.011542267398874595 -0.023025445768532035 0.029942977753237107 0.0094847065434908069 -0.0042227224224028696 -0.024313952490700345 0.0039614128953659204 0.03582696065306664 0.015723310292455519 -0.014670633546360848 -0.0067042385330196566 -0.0030392518308586997 -0.0036953935905495944 0.0032502860463119567 0.0066259381637072809 -0.022671366516701333 -0.0076884655308674501 -0.003014272619643917 -0.0063005245417123894 -0.0013819191592882483 -0.00073556833040407479 -0.019971338969151084 -0.0042934700800411783 -0.011157722721422413 0.012565030301588453 0.0036004165640166779 -9.0861001438857385e-05 0.0083546532752466797 0.0012804561871827499 0.002466191183001642 -0.0051567018951397649 -0.0018767596009454516 0.005941694477600068 -0.017196551651707782 0.0079645265041468957 -0.0044383621825813515 0.00051751384680205788 0.0039633651908481003 -0.00084923770795525115 0.050362174201921878 -0.0089131830640537882 -0.020552151391163533 0.039375203040336385 -0.0043453499656865794 -0.0026361390829812287 -0.01637981999463662 -0.015665921107644126 0.056517509986776349 -0.019803198348501912 -0.0078282375610124258 -0.012180509680782802 -0.0036612734156887539 -0.0012079440770354673 0.010373928469726859 -0.014049055813606283 -0.0098932259701683522 0.0066440953745653761 -0.0084529986298786334 -0.02542238515984039 -0.014458149425587869 -0.0024867541700688278 -0.017343768065253916 -0.017107938266275241 0.010360883122438224 -0.0096775585587126449
leaf_weight=1818 201 370 382 564 1410 417 539 366 286 2273 1284 222 992 224 778 287 260 857 719 237 1570 392 4147 815 2358 769 358 839 696 508 274 371 769 267 985 377 266 310 402 251 505 248 315 230 351 1324 2423 347 407 589 1346 12726 414 282 491 267 446 356 273 417 268 534 341 330 1683 231 209 646 345 245 669 236 533 3603 1134 3955 1315 243 487 344 3626 3355 1700 362 609 747 280 1713 2786 1590 1412 736 10740 781 1127 670 227 4236 843 296 1365 203 334 2132 617 422 957 770 210 294 532 1054 272 9165 878 446 340 913 285 585 530 888 1042 1472 522 235 1756
leaf_count=1818 201 370 382 564 1410 417 539 366 286 2273 1284 222 992 224 778 287 260 857 719 237 1570 392 4147 815 2358 769 358 839 696 508 274 371 769 267 985 377 266 310 402 251 505 248 315 230 351 1324 2423 347 407 589 1346 12726 414 282 491 267 446 356 273 417 268 534 341 330 1683 231 209 646 345 245 669 236 533 3603 1134 3955 1315 243 487 344 3626 3355 1700 362 609 747 280 1713 2786 1590 1412 736 10740 781 1127 670 227 4236 843 296 1365 203 334 2132 617 422 957 770 210 294 532 1054 272 9165 878 446 340 913 285 585 530 888 1042 1472 522 235 1756
internal_value=9.04018e-06 -0.0040479 -0.00295951 -0.00377578 -0.00354505 -0.0262005 0.0303484 0.00467007 0.0316678 -0.00133186 0.0384146 -0.0382884 -0.00515516 -0.00295683 0.0466539 -0.0167014 -0.00617887 0.00549558 0.030056 0.0338204 -0.00587575 -0.00612495 -0.0158587 -0.00170049 -0.00660872 -0.00581201 -0.00883552 -0.00974953 -0.00617745 -0.00580605 -0.00302458 -0.0019772 0.0103657 0.00319147 0.00322524 -0.0184835 -0.0150435 -0.0118651 -0.0111648 0.0076525 0.00441625 0.00581528 0.0016002 0.027557 0.0284087 0.0333099 0.0256696 0.0350849 0.0428565 0.00812885 0.0389746 -0.00693859 -0.0101135 0.0312509 0.00438233 0.00324455 0.00252934 0.00382722 0.00243709 0.00534297 -0.00342615 -0.0019995 0.000697339 -0.0122466 0.027516 0.0193764 -0.0167196 -0.0196025 0.012728 0.0235246 0.0226258 -0.00318528 -0.0130479 -0.00205838 0.000535566 0.000574404 0.00980893 -0.0334522 -0.00150836 0.00357561 -0.00550071 -0.0025608 -0.000941586 -0.00387106 -0.0101384 -0.00214733 0.00114532 -0.00319471 -0.00147115 0.0020158 -0.0017281 0.00453291 -0.00426284 -0.00641398 0.00885183 -0.0115254 -0.00582266 -0.00270962 0.00480188 -0.00412329 -0.00409385 0.0597546 -0.00114613 -0.0219142 0.0346299 -0.00702397 -0.00855164 -0.0121193 -0.00498083 0.0499795 -0.0134344 -0.0114691 -0.0038909 -0.0034404 -0.00077976 0.00190421 -0.00475346 -0.00423509 0.0147102 -0.0168725 -0.0156054 -0.0185562 0.00204987 -0.0115092 -0.00814334 -0.0035935 -0.0131734
internal_weight=138373 122060 112404 101544 100523 1021 16313 10860 14495 42341 2833 639 58182 18498 1267 9656 39684 10490 11662 4653 38569 37577 9212 40680 33582 24733 8849 8224 23964 22735 6604 39022 3324 625 7166 5065 2556 5866 5556 1661 2468 2244 1394 7009 6290 2255 4035 698 931 2555 2502 16131 3405 1566 6073 5088 4821 4034 3588 2168 624 1420 1147 5154 2151 468 1115 906 850 3337 3092 1093 1229 3995 2704 7270 2189 444 1079 592 3900 31752 8922 4479 971 3508 1980 22830 8735 4443 1783 2660 14095 1528 1544 2991 735 7022 1658 787 16030 489 1070 2509 1156 2923 2359 1192 1167 524 2256 1724 806 13107 3029 1811 1218 10078 874 2269 2003 1418 4997 4824 1596 1074 3228
internal_count=138373 122060 112404 101544 100523 1021 16313 10860 14495 42341 2833 639 58182 18498 1267 9656 39684 10490 11662 4653 38569 37577 9212 40680 33582 24733 8849 8224 23964 22735 6604 39022 3324 625 7166 5065 2556 5866 5556 1661 2468 2244 1394 7009 6290 2255 4035 698 931 2555 2502 16131 3405 1566 6073 5088 4821 4034 3588 2168 624 1420 1147 5154 2151 468 1115 906 850 3337 3092 1093 1229 3995 2704 7270 2189 444 1079 592 3900 31752 8922 4479 971 3508 1980 22830 8735 4443 1783 2660 14095 1528 1544 2991 735 7022 1658 787 16030 489 1070 2509 1156 2923 2359 1192 1167 524 2256 1724 806 13107 3029 1811 1218 10078 874 2269 2003 1418 4997 4824 1596 1074 3228
cat_boundaries=0 3 6 7 10 13 14 16 17 18 21 22 23 26 27 28 29 30 31 32 33 34 37 38 39 40 41 42 43 44 47 48 49 50 51 52 55 56 57 58 61 62
cat_threshold=268486656 3648 11 65142784 105193472 8962048 1 134217730 16 1049232 268453888 0 1 268468224 262144 16640 518 1796 2097152 8192 16384 1035 3249 0 65536 8912896 98 80 16 444 2464 1088 16 66 0 0 16 288 11 7 19 180 1669 25 0 0 128 1253 514 257 68 19 512 0 262176 4 1024 28 134217728 0 528 14
is_linear=0
shrinkage=0.05


Tree=15
num_leaves=128
num_cat=44
split_feature=2 2 2 6 2 6 2 2 10 2 2 7 10 6 1 2 4 6 0 4 8 4 4 4 4 6 2 8 6 6 2 4 10 2 4 4 7 9 7 6 4 2 2 4 8 7 7 8 8 7 6 4 4 7 4 6 4 10 7 9 8 8 6 8 9 7 2 7 4 8 10 4 8 8 4 7 8 7 8 8 8 10 10 10 4 6 9 8 8 7 10 6 4 7 7 10 7 8 10 8 4 2 7 8 8 4 10 7 4 7 9 7 7 8 4 4 7 8 8 8 7 2 8 8 6 8 8
split_gain=6064.5 620.15 252.571 176.31 191.543 154.627 240.72 201.8 154.268 121.783 108.823 59.3892 58.3143 54.0811 65.8944 49.6238 40.9493 38.2544 34.5901 31.249 31.0354 28.9236 27.6162 25.5575 24.7449 24.625 31.5549 24.8763 32.5578 22.4551 27.8937 30.7362 35.1123 23.0523 50.068 22.7856 19.3117 17.3574 16.0486 19.7496 15.9242 30.401 18.3432 15.7488 15.1234 15.0593 14.9802 14.5225 21.537 14.4239 13.8334 13.7868 13.7338 13.6972 18.2081 13.3249 25.1366 13.4641 13.2793 18.2233 24.592 16.8606 24.0779 13.3793 13.1644 12.945 14.5566 12.6337 12.627 12.5504 12.3917 12.1529 12.1417 12.064 11.8768 11.875 33.585 33.2765 25.4756 15.2875 31.3479 11.68 11.6486 22.1981 15.3665 13.0098 11.2668 12.9251 17.9849 11.115 10.605 10.5974 10.2005 17.618 10.0694 10.0596 13.9639 9.90134 9.84092 15.2979 9.45177 9.29643 12.1528 9.8602 9.24274 8.98943 8.89472 8.80918 12.0566 11.0591 11.6539 10.4003 8.74536 14.671 8.71806 8.47587 8.26247 8.22073 19.3665 8.24452 9.32241 8.19672 8.12262 7.96691 13.243 13.9375 29.5728
threshold=0 1 2 2016.5000000000002 3 2017.5000000000002 4 5 307.00000000000006 6 7 20.500000000000004 1696.5000000000002 2016.5000000000002 8 9 10 2017.5000000000002 11 12 285.50000000000006 13 14 15 16 2018.5000000000002 17 22.500000000000004 2019.5000000000002 2018.5000000000002 18 19 200.50000000000003 20 21 22 28.500000000000004 2231.5000000000005 10.500000000000002 2021.5000000000002 23 24 25 26 262.50000000000006 14.500000000000002 6.5000000000000009 128.50000000000003 119.50000000000001 19.500000000000004 2016.5000000000002 27 28 24.500000000000004 29 2020.5000000000002 30 1706.5000000000002 12.500000000000002 2003.0000000000002 18.500000000000004 261.50000000000006 2018.5000000000002 25.500000000000004 1864.0000000000002 7.5000000000000009 31 14.500000000000002 32 6.5000000000000009 128.50000000000003 33 287.50000000000006 258.50000000000006 34 20.500000000000004 149.50000000000003 19.500000000000004 342.50000000000006 284.50000000000006 278.50000000000006 259.50000000000006 1510.5000000000002 1548.0000000000002 35 2020.5000000000002 2470.5000000000005 117.50000000000001 83.500000000000014 12.500000000000002 1561.5000000000002 2020.5000000000002 36 20.500000000000004 15.500000000000002 29.500000000000004 11.500000000000002 139.50000000000003 107.00000000000001 187.50000000000003 37 38 2.5000000000000004 147.50000000000003 31.500000000000004 39 1587.5000000000002 14.500000000000002 40 18.500000000000004 1727.0000000000002 23.500000000000004 27.500000000000004 267.50000000000006 41 42 19.500000000000004 172.50000000000003 188.50000000000003 252.50000000000003 22.500000000000004 43 355.50000000000006 332.50000000000006 2019.5000000000002 319.50000000000006 313.50000000000006
decision_type=9 9 9 2 9 2 9 9 2 9 9 2 2 2 9 9 1 2 9 1 2 1 1 1 1 2 9 2 2 2 9 1 2 9 1 1 2 2 2 2 1 9 9 1 2 2 2 2 2 2 2 1 1 2 1 2 1 2 2 2 2 2 2 2 2 2 9 2 1 2 2 1 2 2 1 2 2 2 2 2 2 2 2 2 1 2 2 2 2 2 2 2 1 2 2 2 2 2 2 2 1 9 2 2 2 1 2 2 1 2 2 2 2 2 1 1 2 2 2 2 2 9 2 2 2 2 2
left_child=3 15 18 4 24 7 36 8 19 55 23 89 22 14 51 43 -16 21 -3 50 90 -12 38 -5 70 -17 46 -28 -29 30 31 -20 114 34 -31 -32 -7 67 39 104 42 -42 -30 -2 64 -23 52 48 49 -18 -4 -9 -27 65 -55 -8 57 -57 -40 -60 -61 62 -62 -64 -35 66 71 -14 -66 -41 -1 -15 -46 106 -43 77 86 78 79 80 100 -48 84 -84 -19 -85 87 88 -77 -10 -6 -76 93 -67 -83 -37 -97 -26 99 -25 -39 103 -103 -49 -11 -21 -65 108 -94 -109 -111 116 113 -63 -33 -68 -112 -58 -119 120 -120 -121 -22 124 -24 126 -126
right_child=1 2 5 10 20 6 9 13 11 12 17 -13 37 53 16 25 47 82 29 105 122 45 123 98 97 26 27 28 40 33 35 32 -34 44 -36 95 -38 75 58 69 41 74 -44 -45 72 -47 81 101 -50 -51 -52 -53 -54 54 -56 56 117 -59 59 60 61 112 63 73 68 92 115 -69 -70 -71 -72 -73 -74 -75 91 76 -78 -79 -80 -81 -82 94 83 85 -86 -87 -88 -89 -90 -91 -92 -93 107 -95 -96 96 -98 -99 -100 -101 -102 102 -104 -105 -106 -107 -108 109 -110 110 111 -113 -114 -115 -116 -117 -118 118 119 121 -122 -123 -124 -125 125 -127 -128
leaf_value=0.038928282521099755 -0.04368982168369636 -0.012274392210286457 -0.020361275577762867 0.027087800906087131 0.049433014328860117 0.010249302498902362 -0.0036042256081101247 -0.015459067929790495 -0.034604697398698106 0.00026917173538202721 0.034072989000167024 -0.01281212079880417 0.0031694569518651902 -0.0016258307352751357 0.0069451405876007587 -0.012289084554986701 0.0065761003306527678 0.025887224051761082 0.010465646219195034 0.0081675512956701658 0.04578932262905825 0.029523152343472078 -0.0068158328879724785 0.029072416598798518 0.025978774429073832 -0.022241674835147156 -0.028006898534473419 -0.021502518917412474 -0.0094772758115363592 0.018925330595572623 -0.0015404092581319426 0.0088159347526644439 -0.019531496606508651 0.016848885447879828 -0.01119324613277151 0.019984355927482881 -0.0029602230957281512 -0.0042533505231771582 -0.016852738646966785 -0.023799899158517032 -0.021996423150378752 0.0053396972066499914 0.010739885087929328 -0.020688516757832176 0.025129656854703891 0.018738383624307537 -0.018731873860017883 -0.0080113411529274692 0.019512978770879208 -0.0010690479177783881 -0.0057554687810534898 -0.003408426827520752 -0.0043634670801460749 0.00026524773013371247 -0.0072950981384015236 -0.0011028687358379844 -0.0015430385662690935 -0.0092512324443857642 -0.0064303721482830761 -0.0014446980239359766 -0.0037167146509903188 -0.011210736445007989 -0.011643319128139715 -0.019046272700141628 -0.00068551349169798962 0.0046825540295218531 0.0054700118664659687 -0.009626296600400229 0.0090811703303629102 -0.0067647540389279438 0.02331614464208066 -0.010372199314392127 0.012758065333156791 -0.01520464543665778 -0.0155519938596708 -0.01955514717847109 0.0025775328887730352 -0.030763620079876926 -0.021300745588637846 -0.002135185334852643 -0.026899451705914158 -0.020800921517933155 0.030758623600656589 0.019724072105944918 0.016422564122537713 0.026346955772520348 -0.0028904479750713639 -0.022371239905222887 -0.0026301184647970579 -0.049310153633878945 0.058760139531287274 -0.0021471130975330268 0.007779900142713069 -0.0043546917542739783 -0.03000784710887941 0.018742339655126294 0.0039627216520812143 0.013093061637299275 0.041734156751805883 0.040476018111948606 -0.012069566198908248 -0.0087237258886525854 0.0034132631170513887 -0.00031509572338684982 -0.0059686457175955844 -0.0028821818495135374 -0.031247411719390817 -0.0060562536041569815 -0.00062592488089510949 -0.011744334972531037 0.0076521625461018821 0.0088494355326071156 -0.015817400547540814 0.004343643639003858 -0.0024290490422609039 -0.0028108225234590302 -0.0022618038432953578 0.013618301393868069 -0.0073361913023357525 0.003528731285565924 0.0050597825747110692 -0.0048445444962802219 0.034821365142745586 -0.0019298047917600111 -0.0042104324591519821 -0.011532716676477374 0.012511855660673914
leaf_weight=313 211 237 397 1170 586 2802 21744 530 234 845 1327 245 311 689 5126 4171 1425 666 458 232 386 522 10067 575 211 214 259 608 219 209 383 210 299 412 363 338 307 564 623 224 401 201 210 227 267 852 810 464 222 1088 274 459 240 1287 2100 839 3212 1281 3015 474 289 390 382 237 426 2243 482 508 1559 209 214 977 771 351 289 309 453 278 708 440 318 485 776 2797 2036 1009 215 410 319 285 635 301 539 710 766 254 431 508 956 602 1550 223 2746 4037 1998 759 404 1430 1912 207 245 329 276 248 786 821 1478 324 533 1903 212 337 300 1639 8381 605 273
leaf_count=313 211 237 397 1170 586 2802 21744 530 234 845 1327 245 311 689 5126 4171 1425 666 458 232 386 522 10067 575 211 214 259 608 219 209 383 210 299 412 363 338 307 564 623 224 401 201 210 227 267 852 810 464 222 1088 274 459 240 1287 2100 839 3212 1281 3015 474 289 390 382 237 426 2243 482 508 1559 209 214 977 771 351 289 309 453 278 708 440 318 485 776 2797 2036 1009 215 410 319 285 635 301 539 710 766 254 431 508 956 602 1550 223 2746 4037 1998 759 404 1430 1912 207 245 329 276 248 786 821 1478 324 533 1903 212 337 300 1639 8381 605 273
internal_value=9.06868e-05 -0.00375122 -0.00270804 0.0285883 0.0392352 -0.00333753 -0.00467124 -0.000576823 -0.0144459 -0.00529577 0.0260835 -0.0331019 -0.00721023 0.000486663 0.00249397 -0.015935 0.00330148 0.023377 0.00621299 -0.00595684 0.0492444 0.0284827 -0.00631422 0.0340914 0.0233336 -0.0151097 -0.0174915 -0.0132864 -0.0116356 0.00684067 0.00369794 -0.00053092 -0.00447045 0.00933538 -5.22911e-05 0.00891089 0.00891624 -0.0115633 -0.00848839 -0.00562971 -0.00793472 -0.0108608 0.000438448 -0.0324969 0.0108671 0.0226707 -0.021513 0.00146626 0.0045849 0.00326614 -0.0141856 -0.00995641 -0.0133767 -0.0016335 -0.00444306 -0.0029432 -0.0012832 -0.00599819 -0.00990115 -0.0091872 -0.0119115 -0.0138367 -0.016835 -0.0195942 0.00871557 -0.000844579 -0.00371114 -0.00476735 0.00702744 -0.0155774 0.0319818 -0.00678629 0.0159404 -0.022656 -0.0050114 -0.0125637 -0.00909002 -0.0140997 -0.0128057 -0.0107115 -0.0122631 -0.0234096 0.0215158 0.0230513 0.018912 0.0214798 -0.0133082 -0.015466 -0.0109579 -0.0426799 0.0542837 -0.00856801 9.13948e-05 0.00250123 -0.0264384 0.0128008 0.00944305 0.0166431 0.0377886 0.034905 -0.0100615 0.000326389 0.00249326 -0.00110603 -0.00411463 -0.000239611 -0.0267362 -0.00106993 0.00125179 -0.0026154 -0.000437264 0.000703362 -0.00838136 -0.00516452 6.00663e-06 0.000270718 -0.000852099 0.000258457 0.00200792 0.000747702 -0.00380875 0.00226313 0.0409928 -0.00527424 -0.0055606 -0.00419583 -0.00368291
internal_weight=138458 122017 112405 16441 3153 105002 70807 34195 2426 67698 13288 764 37313 31769 16320 9612 15331 9985 7403 1662 1907 2701 30930 3303 1246 9174 5003 2488 2229 7166 3159 1753 1295 4007 572 1406 3109 6383 9965 3276 1621 1192 429 438 3435 1374 2515 10205 2735 2513 671 989 454 15449 3387 30385 8641 2120 6689 6066 3051 2577 1663 1374 2397 12062 2969 819 1985 433 527 1666 1038 992 791 5564 1706 3858 3580 2872 2432 2061 7284 4582 2702 3806 1253 1038 628 519 1221 590 9093 2953 1251 1023 685 719 2133 1177 2114 7470 2969 4501 2843 991 641 6140 2451 3689 2259 2052 914 638 996 1303 1723 6521 3309 2985 745 2240 686 20965 19326 9259 8654
internal_count=138458 122017 112405 16441 3153 105002 70807 34195 2426 67698 13288 764 37313 31769 16320 9612 15331 9985 7403 1662 1907 2701 30930 3303 1246 9174 5003 2488 2229 7166 3159 1753 1295 4007 572 1406 3109 6383 9965 3276 1621 1192 429 438 3435 1374 2515 10205 2735 2513 671 989 454 15449 3387 30385 8641 2120 6689 6066 3051 2577 1663 1374 2397 12062 2969 819 1985 433 527 1666 1038 992 791 5564 1706 3858 3580 2872 2432 2061 7284 4582 2702 3806 1253 1038 628 519 1221 590 9093 2953 1251 1023 685 719 2133 1177 2114 7470 2969 4501 2843 991 641 6140 2451 3689 2259 2052 914 638 996 1303 1723 6521 3309 2985 745 2240 686 20965 19326 9259 8654
cat_boundaries=0 3 6 9 12 15 18 21 23 24 27 28 29 30 31 32 33 34 36 38 39 42 43 44 45 48 50 51 52 53 54 55 58 59 60 61 62 63 64 67 68 69 70 71 74
cat_threshold=268494852 3776 11 48365568 105193472 8962048 2147812866 2147500288 4464640 4 3072 1 1 0 2048 1 0 1049088 256 671088648 160 0 3648 287342592 2097152 8192 16384 533 16 2210 2672 2065 332 1061 0 65536 262658 2147483648 1096 263168 256 262144 3121 73 2192 0 33554432 8388608 131072 71565312 1549 2417 2402 2164 1120 256 0 144 2192 1384 1536 2180 1545 34 0 0 144 5 34 257 428 0 536870912 32
is_linear=0
shrinkage=0.05


Tree=16
num_leaves=128
num_cat=61
split_feature=2 2 2 6 2 6 2 2 2 6 2 4 6 1 9 2 4 6 7 0 3 8 4 7 4 8 4 6 2 8 6 6 2 4 3 4 2 4 4 4 7 7 8 7 7 8 8 8 7 4 4 4 1 3 8 9 9 4 2 2 9 7 8 3 3 7 4 4 7 4 6 4 3 8 8 3 4 7 2 7 3 3 4 3 7 8 2 6 8 8 8 6 8 9 3 7 7 6 6 4 6 8 8 9 8 4 7 6 6 4 7 2 4 6 9 2 8 8 2 3 3 7 7 3 3 7 7
split_gain=5474.51 560.173 228.018 159.021 172.868 139.543 217.254 182.089 109.92 98.6243 98.2163 83.2872 48.8065 59.5611 46.739 45.1777 36.9664 34.5601 31.8562 31.3113 30.6417 28.0094 26.3791 37.6565 26.2846 23.6173 22.9833 22.2618 28.4943 22.4409 29.3618 20.2626 25.1439 27.7736 23.1827 43.4895 21.0507 19.0904 18.961 18.4745 20.3616 25.8806 23.6628 18.1002 17.4288 17.2944 18.2632 22.6322 17.136 19.4255 19.047 15.9592 15.8117 15.3833 15.2341 15.201 15.1672 14.3941 27.5414 16.6326 14.2154 13.4366 13.3053 13.2826 12.8541 12.6346 12.4657 12.4548 12.3999 12.1953 12.0249 22.685 25.3501 12.004 11.6218 11.5423 11.1043 11.3733 15.0265 11.3204 15.1111 11.7226 10.7399 10.7301 10.2814 10.2601 9.98195 9.88041 13.64 9.83232 14.0126 38.9493 18.5787 17.2394 18.2253 14.5708 13.424 12.3372 14.6159 9.77607 9.94077 9.4608 9.16555 9.77147 9.36986 9.23418 9.11585 8.83076 11.3269 13.2777 12.4369 10.6514 8.77889 8.69858 11.2729 13.1206 9.28344 8.5129 8.49063 8.42503 8.40374 8.15273 8.10014 8.0957 8.06123 7.73264 15.7757
threshold=0 1 2 2016.5000000000002 3 2017.5000000000002 4 5 6 2016.5000000000002 7 8 2016.5000000000002 9 2231.5000000000005 10 11 2017.5000000000002 18.500000000000004 12 13 285.50000000000006 14 25.500000000000004 15 306.50000000000006 16 2018.5000000000002 17 22.500000000000004 2019.5000000000002 2018.5000000000002 18 19 20 21 22 23 24 25 20.500000000000004 19.500000000000004 149.50000000000003 14.500000000000002 28.500000000000004 339.50000000000006 285.50000000000006 278.50000000000006 18.500000000000004 26 27 28 29 30 139.50000000000003 2086.5000000000005 2159.5000000000005 31 32 33 2119.5000000000005 6.5000000000000009 72.500000000000014 34 35 12.500000000000002 36 37 25.500000000000004 38 2020.5000000000002 39 40 295.50000000000006 117.50000000000001 41 42 7.5000000000000009 43 14.500000000000002 44 45 46 47 5.5000000000000009 346.50000000000006 48 2018.5000000000002 187.50000000000003 290.50000000000006 256.50000000000006 2020.5000000000002 72.500000000000014 2159.5000000000005 49 15.500000000000002 18.500000000000004 2019.5000000000002 2018.5000000000002 50 2017.5000000000002 20.500000000000004 262.50000000000006 1864.0000000000002 287.50000000000006 51 10.500000000000002 2020.5000000000002 2018.5000000000002 52 3.5000000000000004 53 54 2019.5000000000002 2422.0000000000005 55 285.50000000000006 33.500000000000007 56 57 58 6.5000000000000009 26.500000000000004 59 60 11.500000000000002 14.500000000000002
decision_type=9 9 9 2 9 2 9 9 9 2 9 1 2 9 2 9 1 2 2 9 9 2 1 2 1 2 1 2 9 2 2 2 9 1 9 1 9 1 1 1 2 2 2 2 2 2 2 2 2 1 1 1 9 9 2 2 2 1 9 9 2 2 2 9 9 2 1 1 2 1 2 1 9 2 2 9 1 2 9 2 9 9 1 9 2 2 9 2 2 2 2 2 2 2 9 2 2 2 2 1 2 2 2 2 2 1 2 2 2 1 2 9 1 2 2 9 2 2 9 9 9 2 2 9 9 2 2
left_child=3 15 19 4 26 7 44 9 70 11 25 18 13 66 20 60 -15 24 85 -3 38 -6 23 73 122 87 54 64 61 -30 -31 32 33 -21 51 -36 -33 -11 -10 -16 41 45 53 -26 -7 46 47 125 50 -50 -35 -34 -53 74 -1 -25 -57 59 -59 -32 -2 67 -18 -13 -17 -65 -9 -29 76 123 -8 75 -73 89 -42 -72 119 78 117 80 -79 -81 -60 -84 -77 -4 112 88 99 90 92 95 93 94 -22 -92 -97 98 -96 100 -5 -99 103 -38 -104 120 121 108 109 -19 -110 -109 -82 114 115 -112 -115 -78 -107 -14 -105 -103 -12 -70 -95 -41 -127
right_child=1 2 5 10 21 6 8 12 14 37 17 63 68 16 39 27 62 107 -20 31 22 -23 -24 55 43 -27 -28 28 29 30 57 36 34 48 35 -37 102 -39 -40 40 42 -43 -44 -45 -46 -47 -48 -49 49 -51 -52 52 -54 -55 -56 56 -58 58 82 -61 -62 -63 -64 65 -66 -67 -68 -69 69 -71 71 72 -74 -75 -76 84 77 79 -80 81 86 -83 83 -85 -86 -87 -88 -89 -90 -91 91 -93 -94 124 97 96 -98 101 -100 -101 -102 106 104 105 -106 118 -108 111 110 -111 113 -113 -114 116 -116 -117 -118 -119 -120 -121 -122 -123 -124 -125 -126 126 -128
leaf_value=0.024679835933212067 -0.022434709495299052 -0.011685519637954743 -0.034236412098010385 0.02702193090811188 0.051569544285169501 0.0097368373762487543 -0.0034240143637408234 -0.014700428442941943 0.00062292902105777893 0.0092034480584032349 0.029450562159931977 -0.00022351818594547649 0.0029324912080563727 0.0065985596031010165 -0.006662862368626319 -0.01553592030247038 0.010702429154031986 0.015494029693666186 -0.020445748833737461 0.0099535453016620992 -0.0027193370830355728 0.038943198276208527 -0.0052312878326920397 -0.010856869386079836 0.02921532015663196 0.023403896237537424 0.02852640786132592 -0.021179237772386325 -0.026606554180674948 -0.020427392928142676 -0.0090241049423480345 -0.0066965837852522164 0.0040878312101384866 0.013270587503185237 -0.01464231432381758 0.012727417384661644 0.014710136810975636 -0.0059278178007484321 -0.0051594311267191056 -0.0075880958183455879 -0.008065546411447801 -0.028588167156453022 0.0019027626940872353 0.016226489246334876 -0.00281221199422735 -0.019319560876664744 -0.00091478296437963241 -0.024173989291589024 -0.021521573780161996 -0.0030142210547562651 -0.004432588715926296 0.010115530227931838 0.028465308393387834 -0.0026389331398208628 0.0076054540701731817 -0.024437359881544243 -0.011453360764154544 -0.020923362267849438 0.0050853658012628682 0.010227299948085355 -0.040454727481742989 -0.022239161467215017 0.0010441318453428296 -0.023307173855905649 -0.0094961268136547552 -0.0059795325983526887 -0.0032416391672431505 -0.004154020467400551 -0.0024142304125987497 -0.001706804266470149 -0.0012922469934438195 0.004122988539283062 -0.0022534683412608757 -0.018936224579589354 -0.023182963128543434 -0.018427649935930157 -0.0043528568911038049 -0.002119335006187161 -0.00044378814304046844 0.0010176693267904993 0.019626226679587338 -0.0053260208142893797 -0.00012435370756205745 -0.013861242524680815 -0.0067088644789874696 -0.048742397892083365 0.0010561195911427193 0.038974649062171011 0.038738812720876634 0.0030776228330293559 -0.0034230111047215423 -0.031668569337062795 -0.0011827849671474054 -0.0058851658872464633 -0.011804364364205594 -0.019405371028911864 -0.0067249105593748838 -0.012767572143728185 -0.027052677489464751 0.023634136151190772 0.040190778551809025 -0.0057595006216988555 0.021130950518782398 0.0076504396640717292 0.01080769147292134 0.016063756215111819 -0.0028641660423670084 0.014015772336280104 0.008905101830029882 0.025234342912849945 0.023668579395071061 0.02576458987512343 0.004690772431798663 0.018806757050819599 0.022444106573381157 0.01045774074213425 0.027291169628927799 -0.015371369200362925 0.006627568538276906 -0.00084835808673281972 -0.0056430196858937264 -0.016609189299795823 0.037394427215501534 -0.01127397250666486 0.0031272226023620385 -0.022918075160652571 -0.0080200123489790037
leaf_weight=211 214 237 285 223 1221 2802 21744 530 2466 319 1072 297 2425 5126 2302 1463 370 651 332 458 963 686 13123 1278 416 588 692 214 259 608 219 203 300 211 251 317 460 559 3331 1028 208 287 482 755 307 803 388 358 229 378 477 290 248 307 343 562 375 401 201 210 224 2061 9835 206 2708 215 459 240 408 1674 885 2553 3968 210 327 230 281 1071 605 1132 204 2036 250 340 1005 213 401 837 590 243 763 203 1507 497 538 412 423 995 222 664 401 383 294 205 871 299 807 333 356 1447 259 1327 223 982 524 925 480 466 1419 3725 256 316 458 798 478 308 420
leaf_count=211 214 237 285 223 1221 2802 21744 530 2466 319 1072 297 2425 5126 2302 1463 370 651 332 458 963 686 13123 1278 416 588 692 214 259 608 219 203 300 211 251 317 460 559 3331 1028 208 287 482 755 307 803 388 358 229 378 477 290 248 307 343 562 375 401 201 210 224 2061 9835 206 2708 215 459 240 408 1674 885 2553 3968 210 327 230 281 1071 605 1132 204 2036 250 340 1005 213 401 837 590 243 763 203 1507 497 538 412 423 995 222 664 401 383 294 205 871 299 807 333 356 1447 259 1327 223 982 524 925 480 466 1419 3725 256 316 458 798 478 308 420
internal_value=8.60902e-05 -0.00356415 -0.0025727 0.027162 0.0372734 -0.00317081 -0.0044378 -0.000548214 -0.00503111 -0.0137225 0.0247832 -0.0213714 0.000461998 0.00236891 -0.00684994 -0.0151437 0.00313664 0.022212 -0.0320565 0.00590363 -0.00598513 0.0467822 -0.00676433 -0.00855832 0.0270649 0.0323909 0.0221669 -0.0143565 -0.0166211 -0.0126252 -0.0110573 0.00650083 0.00351547 -0.000499595 0.0084648 0.000588618 0.00887062 -0.000392932 -0.00270282 -0.0104652 -0.0122073 -0.0141858 -0.00693193 0.0206643 0.00847043 -0.0129351 -0.0108861 -0.0127162 -0.00424448 -0.0104006 0.00112519 0.0137334 0.0189392 -0.0119893 0.0138584 -0.0144036 -0.019241 -0.00754273 -0.0103247 0.000417963 -0.0309439 -0.0204426 0.00139295 -0.00845535 -0.0116746 -0.0141227 -0.00946803 -0.0127371 -0.00155212 -0.00451138 -0.00279606 -0.00121912 0.000245433 -0.00712287 -0.016988 -0.00569828 -0.000874053 -0.00232664 -0.00640469 -0.00124311 0.00180939 -0.00307287 -0.0047575 -0.00813961 -0.00881989 -0.0404408 0.00683416 0.0344565 0.0324429 -0.00683935 -0.00712262 -0.0110384 -0.00607098 -0.00748789 -0.00887118 -0.00841765 -0.0129816 -0.0106469 -0.0162585 0.0295589 0.0349249 -0.00898421 0.00969349 0.00808828 0.0134129 0.00669036 -0.00648458 0.0204429 0.0194971 0.0224061 0.0177662 0.0236474 0.012112 0.0187614 0.0163381 0.0136358 0.0215923 -0.0110782 0.0083533 0.000644805 0.000305311 -0.0106644 0.0316219 -0.00832115 -0.00149507 -0.0103803 -0.014323
internal_weight=138458 122017 112405 16441 3153 105002 70807 34195 67698 2426 13288 1548 31769 16320 37313 9612 15331 9985 830 7403 30095 1907 24298 11175 2701 3303 1246 9174 5003 2488 2229 7166 3159 1753 1406 568 4007 878 5797 7218 4916 3592 1324 1171 3109 3305 2502 2114 1295 607 688 838 538 842 554 2215 937 1621 1192 429 438 2515 10205 718 4171 421 989 454 15449 2880 30385 8641 6521 8960 535 2120 12569 6419 1352 5067 1899 3168 791 590 1235 498 828 2715 1878 8750 8507 1801 6706 5199 4224 1598 835 3261 760 1288 624 2501 3804 2639 1165 2179 1506 7284 5624 2098 3526 1660 427 3170 1708 1184 1462 747 1718 6150 461 699 1530 1206 975 1756 728
internal_count=138458 122017 112405 16441 3153 105002 70807 34195 67698 2426 13288 1548 31769 16320 37313 9612 15331 9985 830 7403 30095 1907 24298 11175 2701 3303 1246 9174 5003 2488 2229 7166 3159 1753 1406 568 4007 878 5797 7218 4916 3592 1324 1171 3109 3305 2502 2114 1295 607 688 838 538 842 554 2215 937 1621 1192 429 438 2515 10205 718 4171 421 989 454 15449 2880 30385 8641 6521 8960 535 2120 12569 6419 1352 5067 1899 3168 791 590 1235 498 828 2715 1878 8750 8507 1801 6706 5199 4224 1598 835 3261 760 1288 624 2501 3804 2639 1165 2179 1506 7284 5624 2098 3526 1660 427 3170 1708 1184 1462 747 1718 6150 461 699 1530 1206 975 1756 728
cat_boundaries=0 3 6 9 12 15 18 21 23 24 25 28 29 30 31 32 33 34 36 38 39 40 41 43 44 45 46 47 48 49 50 51 52 55 57 58 59 60 61 62 63 64 65 66 69 70 71 72 73 76 77 78 79 80 83 84 87 89 90 91 92 93
cat_threshold=268494852 3776 11 48365568 105193472 8962048 2147812866 2147500288 4464640 4 3072 1 1 0 2048 1 0 1049088 256 671088648 160 0 3648 11 287342592 2097152 8192 16384 533 16 16 2099 2673 2520 0 65536 262658 2147483648 1096 11 2153 1024 256 581 1386 36 896 259 83 8388608 26 2192 0 33554432 8388608 131072 71565312 9 67 2417 2402 1921 1120 84 10 1896 0 0 144 19 17 1536 9 0 0 144 8 145 2192 2147 268443648 0 1 7 268435456 0 1 0 2147500032 5 6 18 9
is_linear=0
shrinkage=0.05


Tree=17
num_leaves=128
num_cat=58
split_feature=2 2 2 6 2 6 1 2 10 2 2 10 7 6 1 2 4 6 0 8 3 7 10 8 4 3 8 4 10 6 2 10 10 3 4 2 4 4 6 2 8 6 4 4 4 10 4 7 6 7 10 8 4 1 7 4 8 3 7 7 10 8 3 6 7 10 6 4 8 0 4 7 4 7 7 2 3 6 4 10 4 3 8 6 2 6 4 4 4 2 10 7 10 7 4 7 7 8 3 10 8 8 7 8 4 7 2 7 3 10 3 10 10 4 4 8 10 8 8 4 7 10 3 4 7 2 8
split_gain=4942.55 506.156 208.876 143.5 155.849 115.059 196.904 189.94 121.162 95.6339 88.5965 47.4642 43.5798 42.4088 67.5938 36.6529 34.7215 31.1125 28.3485 26.1279 25.7099 25.0473 28.826 25.9034 23.8681 22.7581 21.3323 20.8095 20.618 18.2633 22.7779 27.7116 22.1048 21.0127 39.3929 19.6364 45.2542 18.2239 16.7351 20.4231 19.073 27.8912 16.1236 15.6814 15.2654 18.9072 15.0955 14.7289 24.7505 16.9426 15.6166 15.5441 14.462 14.3341 14.2988 13.7965 23.2767 24.4346 29.9538 14.6534 13.7766 13.7488 13.6731 19.014 19.4431 18.9298 12.8394 12.6299 12.5817 12.5375 16.031 12.425 12.2624 12.1068 12.0517 12.027 11.6356 11.6119 11.6055 15.037 11.2949 10.7035 17.8195 17.2396 16.3003 12.4526 14.4305 12.215 11.7373 13.5826 12.8989 10.9168 10.5412 10.3992 22.7985 12.3815 24.4613 22.9013 18.0942 17.6783 15.3035 14.6874 28.4476 24.612 10.2275 10.2976 13.605 10.2518 14.2202 13.4197 11.4561 10.1773 19.0112 13.496 12.3543 10.0165 10.0146 10.6132 16.2014 9.79617 9.67286 9.30605 9.30338 9.69893 19.1895 11.7582 16.0496
threshold=0 1 2 2016.5000000000002 3 2017.5000000000002 4 5 299.50000000000006 6 7 1696.5000000000002 20.500000000000004 2016.5000000000002 8 9 10 2017.5000000000002 11 353.50000000000006 12 26.500000000000004 1630.0000000000002 29.500000000000004 13 14 306.50000000000006 15 202.50000000000003 2018.5000000000002 16 166.00000000000003 259.50000000000006 17 18 19 20 21 2018.5000000000002 22 22.500000000000004 2019.5000000000002 23 24 25 51.500000000000007 26 7.5000000000000009 2021.5000000000002 15.500000000000002 1497.5000000000002 295.50000000000006 27 28 28.500000000000004 29 256.50000000000006 30 11.500000000000002 11.500000000000002 33.500000000000007 139.50000000000003 31 2020.5000000000002 22.500000000000004 1611.0000000000002 2018.5000000000002 32 262.50000000000006 33 34 25.500000000000004 35 14.500000000000002 6.5000000000000009 36 37 2019.5000000000002 38 1250.5000000000002 39 40 141.50000000000003 2018.5000000000002 41 2018.5000000000002 42 43 44 45 1706.5000000000002 26.500000000000004 259.50000000000006 3.5000000000000004 46 20.500000000000004 19.500000000000004 149.50000000000003 47 2020.5000000000002 355.50000000000006 284.50000000000006 15.500000000000002 278.50000000000006 48 7.5000000000000009 49 14.500000000000002 50 1283.5000000000002 51 1510.5000000000002 1534.0000000000002 52 53 287.50000000000006 1924.5000000000002 117.50000000000001 83.500000000000014 54 10.500000000000002 277.00000000000006 55 56 20.500000000000004 57 158.50000000000003
decision_type=9 9 9 2 9 2 9 9 2 9 9 2 2 2 9 9 1 2 9 2 9 2 2 2 1 9 2 1 2 2 9 2 2 9 1 9 1 1 2 9 2 2 1 1 1 2 1 2 2 2 2 2 1 9 2 1 2 9 2 2 2 2 9 2 2 2 2 1 2 9 1 2 1 2 2 9 9 2 1 2 1 9 2 2 9 2 1 1 1 9 2 2 2 2 1 2 2 2 9 2 2 2 2 2 1 2 9 2 9 2 9 2 2 1 1 2 2 2 2 1 2 2 9 1 2 9 2
left_child=3 15 18 4 27 7 54 8 28 81 26 20 25 14 -9 60 -16 24 -3 -6 46 37 23 -23 -12 -10 -5 61 67 30 31 43 -33 52 -35 36 -31 -22 -17 74 -41 -42 -25 -20 -43 -46 75 48 50 55 -39 62 -32 -54 69 77 57 58 -57 -59 -2 -1 65 66 -65 -51 72 -4 -37 -7 -71 104 -64 -26 80 -11 -45 -49 -68 -80 -40 82 83 -8 87 86 91 -84 121 90 -90 -83 -76 94 -13 96 99 116 -99 101 -100 103 -103 -95 -15 106 -106 108 109 -107 -109 113 -113 -19 -114 -70 117 118 -97 -73 -89 -87 -18 124 -124 126 -125
right_child=1 2 5 10 19 6 9 13 12 11 17 93 -14 71 16 38 122 111 29 -21 21 22 -24 42 73 -27 -28 -29 -30 35 33 32 -34 34 -36 68 -38 47 39 40 41 44 -44 76 45 -47 -48 49 -50 51 -52 -53 53 -55 -56 56 -58 59 -60 -61 -62 -63 63 64 -66 -67 78 -69 115 70 -72 119 -74 -75 92 -77 -78 -79 79 -81 -82 85 84 -85 -86 88 -88 120 89 -91 -92 -93 -94 95 -96 97 -98 98 100 -101 -102 102 -104 -105 105 107 -108 110 -110 -111 -112 112 114 -115 -116 -117 -118 -119 -120 -121 -122 -123 123 125 -126 -127 -128
leaf_value=0.023445844438183011 -0.021200357118757552 -0.011124898538159336 0.0087551968275428795 0.032738056866172101 0.047358276449935156 0.0096050968425687912 0.0041569995775166532 -0.013104865219035328 -0.022467344904318454 0.001234272307614522 0.030785099643123426 0.0075342965198680768 -0.012584832233179168 0.00064560289783043511 0.0061784768965704034 -0.011586066286634462 0.004383923468375339 0.023495075679936112 0.012465176173309991 0.031905534191147125 -0.0040703465333952931 -0.021778746082183987 -0.02646625591515904 0.0024078648556224661 0.026583840544076844 -0.046971102918164351 0.022233700726797399 0.027120405942283873 -0.012568525419735724 0.017816776853080276 0.0038900327420748407 -0.021404258345173281 0.00083044297444287711 -0.013938249380977189 0.012110507208141941 0.007880415874886559 -0.010817480845158064 -0.0065136703516928494 -0.020167550873676582 -0.025623142517851819 -0.020952462108281247 -0.0006695244636990966 -0.0088071063579159212 -0.0045783179585093484 -0.023075422526647647 -0.0072519384887251379 -0.0049014717691980257 -0.0030456494399399132 -0.01824665881769531 -0.0065936398506141677 0.0014898760775204616 -0.018063308693686237 0.0096266130283474919 0.027097208319275187 -0.0025322754880833316 -0.03245867298683152 -0.029079079636221018 -0.0028935185955483878 -0.0075989036169765451 -0.01354876036896966 -0.038935452953967609 0.0072251807389856915 0.0058082850485452978 -0.0040640518450128721 0.0097272492322910999 -0.020585637047816338 0.0026605251669324062 -0.0047053328741950597 0.022816626579336793 0.012605580957232049 -0.0043269414359397781 -0.0015037996431152053 -0.0068261780464484254 0.016913930134444134 -0.016683322057533253 -0.010972469822583694 0.006406761794503996 -0.011086975158884365 0.002524209823251914 -0.012127306969538417 -0.003954627899825573 -0.0070900365314717209 0.010976408626188407 -0.0063448107707573644 -0.0065351150832992358 -0.0092046936960471001 -0.0033473128563217764 0.0064345278347782619 0.0026418523039796701 -0.0043676862765802639 -0.010750265744666272 -0.01717108143482585 -0.024004536488182401 -0.0092448378149378192 -0.013182913644363048 -0.018244247533935561 -0.025929498496633143 0.0087466155245253668 0.0031931329733062607 -0.018002873956352288 -0.014285696758779279 0.0066058483876481741 -0.015742009741538936 -0.024345779779173859 -0.010524306860580165 0.0094439882796439473 -0.00048691548246523956 0.0011368583531520138 0.0066003873840019701 -0.0047670232168224441 -0.0050878622359674438 0.028578896451577109 0.023024566483615016 0.014681059845154307 0.016698971878997909 0.011579777449568743 -0.0023133473845501971 -0.020426743248841021 -0.0021803310711730889 -0.0072921279399266545 -0.00059003076261919714 -0.00083031061621580225 0.0021031921270594574 -0.015244663723807532 -0.011862038323391121 0.0015912116714243705 0.0034640905615030589
leaf_weight=211 219 237 202 2715 1576 2679 499 685 240 2312 1327 240 258 6248 5187 3250 1853 666 329 331 9199 357 252 361 522 308 588 692 854 209 300 243 207 251 317 2397 363 1149 214 252 527 534 2945 573 255 727 3498 848 269 1018 1298 261 290 248 346 276 215 685 216 610 219 343 358 604 443 317 203 989 267 203 398 1489 392 852 810 211 401 954 202 1316 240 1698 425 1802 492 346 3667 740 1287 9427 209 319 1251 1781 276 309 322 281 216 810 298 346 242 318 747 205 623 1146 833 876 2073 680 1677 2036 2225 771 215 410 319 1461 1451 8050 547 251 447 7193 211
leaf_count=211 219 237 202 2715 1576 2679 499 685 240 2312 1327 240 258 6248 5187 3250 1853 666 329 331 9199 357 252 361 522 308 588 692 854 209 300 243 207 251 317 2397 363 1149 214 252 527 534 2945 573 255 727 3498 848 269 1018 1298 261 290 248 346 276 215 685 216 610 219 343 358 604 443 317 203 989 267 203 398 1489 392 852 810 211 401 954 202 1316 240 1698 425 1802 492 346 3667 740 1287 9427 209 319 1251 1781 276 309 322 281 216 810 298 346 242 318 747 205 623 1146 833 876 2073 680 1677 2036 2225 771 215 410 319 1461 1451 8050 547 251 447 7193 211
internal_value=8.21543e-05 -0.00338621 -0.00250434 0.025809 0.0354143 -0.00307099 -0.00422448 -0.000720694 -0.0130649 -0.0048334 0.0235493 -0.00653611 -0.0295292 0.000380477 0.00216093 -0.0151497 0.002834 0.0211071 0.00561124 0.0444431 -0.00572388 -0.0064369 -0.0101089 -0.00898354 0.0257116 -0.0375067 0.0307749 0.0210699 -0.00663963 0.00617948 0.00334524 -0.000476244 -0.0111763 0.00805595 0.000557531 0.00842934 -0.000228602 -0.00574995 -0.01434 -0.0162306 -0.0125898 -0.0110438 -0.00760184 0.00321544 -0.00759935 -0.0112464 -0.00277786 -0.00706843 -0.00385077 -0.0080563 -0.00226823 -0.0061767 0.0130719 0.0180275 0.00711538 -0.0105832 -0.0134686 -0.0116658 -0.0211155 -0.00785196 -0.0293967 0.0131654 -0.00553742 -0.00386484 0.00177124 -0.00984236 -0.00626857 -0.00238835 0.00984308 0.00815479 0.00150507 -0.00147605 -0.0008089 0.0204389 -0.0194255 0.000174127 -3.65653e-05 -0.00726252 -0.00864785 -0.010111 -0.0121282 -0.00275187 -0.000730666 -0.00406736 0.0017373 -0.00318866 -0.0052471 0.00330547 -0.00258468 -0.00366456 0.000765776 -0.00864157 -0.0211272 -0.0104617 -0.00365647 -0.0110602 -0.0127422 -0.00792358 -0.00128573 -0.011528 -0.00680806 -0.00957609 -0.00259174 -0.0115326 -0.000799507 -0.00218558 -0.00604023 -0.00116103 0.0017368 -0.00205307 -0.00288407 0.0194287 0.0208639 0.0169949 0.0195194 0.0144702 -0.0121351 -0.0141695 -0.0100844 -0.00440031 0.00177438 -0.00117402 0.00117783 0.000486676 -0.00413534 0.00109146 -0.00655824
internal_weight=138458 122017 113519 16441 3153 106116 71190 34926 2851 67564 13288 37152 806 32075 16374 8498 15689 9985 7403 1907 30769 24748 3915 3663 2701 548 3303 1246 2045 7166 3159 1753 450 1406 568 4007 572 20833 8060 4810 2295 2043 3306 1303 1516 982 6021 11634 2716 8918 2447 5114 838 538 3626 3804 2002 1787 492 1295 438 554 4853 3518 1047 1335 2471 1191 3435 3280 601 15701 750 1374 2515 2523 974 1802 1721 1518 454 30412 5409 2301 3108 25003 5684 2616 19319 10923 1496 2017 2061 6383 516 5867 3819 2048 795 3497 514 2687 588 2099 12751 6503 1370 5133 1914 1081 3219 7284 4582 2702 3902 1038 1253 1038 628 2950 2191 8396 10502 8649 994 7655 462
internal_count=138458 122017 113519 16441 3153 106116 71190 34926 2851 67564 13288 37152 806 32075 16374 8498 15689 9985 7403 1907 30769 24748 3915 3663 2701 548 3303 1246 2045 7166 3159 1753 450 1406 568 4007 572 20833 8060 4810 2295 2043 3306 1303 1516 982 6021 11634 2716 8918 2447 5114 838 538 3626 3804 2002 1787 492 1295 438 554 4853 3518 1047 1335 2471 1191 3435 3280 601 15701 750 1374 2515 2523 974 1802 1721 1518 454 30412 5409 2301 3108 25003 5684 2616 19319 10923 1496 2017 2061 6383 516 5867 3819 2048 795 3497 514 2687 588 2099 12751 6503 1370 5133 1914 1081 3219 7284 4582 2702 3902 1038 1253 1038 628 2950 2191 8396 10502 8649 994 7655 462
cat_boundaries=0 3 6 9 12 13 16 19 21 22 25 26 27 28 29 30 31 33 34 35 38 39 40 42 43 44 45 46 47 48 49 50 51 52 53 54 55 58 59 60 61 62 65 66 67 68 71 72 73 74 77 78 79 80 81 82 83 84 87
cat_threshold=268494852 3776 11 48365568 100999168 8962048 2147812866 2147500288 4464640 4 3072 1 16777217 1 4194304 1048576 256 134217736 672 0 3648 270565376 2097152 8192 16384 533 16 16 2672 14 2520 262658 2147483648 11 2153 263168 256 262144 3121 1644 0 65536 288 73 2704 1386 83 8388608 259 1 2 1035 1 3842 2051 0 4194304 16 21 128 2402 16 0 0 32 596 136 1053 256 134217728 128 42 9 1896 0 0 144 19 17 2180 1801 2166 16 2048 0 536870912 2176
is_linear=0
shrinkage=0.05


Tree=18
num_leaves=128
num_cat=61
split_feature=2 2 2 6 2 6 1 2 10 2 2 10 7 6 1 2 4 6 6 3 7 10 10 4 3 4 4 4 2 4 4 7 4 10 4 4 2 9 4 7 6 2 7 6 4 7 4 7 6 7 10 7 9 10 7 9 9 4 9 3 0 4 7 2 7 6 4 3 4 9 3 3 10 7 4 10 10 10 10 4 7 7 4 6 10 6 3 6 3 4 7 2 7 3 10 3 7 10 4 3 9 10 2 3 3 4 4 7 4 4 4 10 9 7 3 4 9 2 4 7 7 7 10 9 7 7 9
split_gain=4463.62 456.424 185.538 130.439 140.087 103.77 177.789 171.72 109.792 86.3202 80.7403 42.8246 39.5415 38.285 61.0826 33.0715 31.3402 27.6544 24.2385 23.1892 22.6134 26.0127 22.5446 21.997 20.5798 19.7662 19.5321 19.4619 19.4534 41.8518 19.364 18.4679 21.8209 21.1852 45.0813 19.3288 17.5734 16.7033 16.4436 15.4582 15.1211 18.4602 18.1518 21.8198 13.8838 13.817 13.6167 13.2922 22.3374 15.2918 14.094 12.9116 12.8658 12.6876 41.2754 13.6632 19.3476 12.6719 12.4548 12.2154 11.2995 14.4131 11.2214 10.9014 10.8092 10.2936 21.0495 21.2062 10.2431 10.1795 10.0617 9.83992 12.4753 9.83488 9.53706 9.51344 9.43989 9.41528 17.1374 14.1707 12.7664 11.4132 11.1625 9.92216 9.39611 11.3747 32.4426 13.6888 14.0363 9.23512 9.31073 12.2954 9.26206 12.8459 12.1113 10.3451 9.1881 10.5906 9.84698 14.707 11.387 11.2127 11.6944 14.5752 10.2496 17.571 9.3637 13.6507 9.15931 9.14697 9.13199 14.9743 14.3158 9.08761 9.07469 8.90873 8.7716 8.55454 9.37918 8.38525 8.33625 24.9418 22.2895 10.0816 10.6364 17.9004 22.5104
threshold=0 1 2 2016.5000000000002 3 2017.5000000000002 4 5 299.50000000000006 6 7 1696.5000000000002 20.500000000000004 2016.5000000000002 8 9 10 2017.5000000000002 2018.5000000000002 11 26.500000000000004 1630.0000000000002 1982.0000000000002 12 13 14 15 16 17 18 19 8.5000000000000018 20 251.00000000000003 21 22 23 2206.5000000000005 24 14.500000000000002 2018.5000000000002 25 4.5000000000000009 2019.5000000000002 26 28.500000000000004 27 7.5000000000000009 2021.5000000000002 15.500000000000002 1497.5000000000002 28.500000000000004 2119.5000000000005 1587.5000000000002 13.500000000000002 1828.0000000000002 1669.5000000000002 28 2231.5000000000005 29 30 31 25.500000000000004 32 6.5000000000000009 2020.5000000000002 33 34 35 2102.0000000000005 36 37 126.50000000000001 9.5000000000000018 38 259.50000000000006 1706.5000000000002 1510.5000000000002 1534.0000000000002 39 12.500000000000002 14.500000000000002 40 2019.5000000000002 1250.5000000000002 2020.5000000000002 41 2018.5000000000002 42 43 7.5000000000000009 44 14.500000000000002 45 1283.5000000000002 46 9.5000000000000018 291.00000000000006 47 48 2329.5000000000005 252.50000000000003 49 50 51 52 53 4.5000000000000009 54 55 56 1587.5000000000002 1988.5000000000002 15.500000000000002 57 58 2329.5000000000005 59 60 10.500000000000002 20.500000000000004 19.500000000000004 1886.0000000000002 2545.0000000000005 12.500000000000002 16.500000000000004 2353.0000000000005
decision_type=9 9 9 2 9 2 9 9 2 9 9 2 2 2 9 9 1 2 2 9 2 2 2 1 9 1 1 1 9 1 1 2 1 2 1 1 9 2 1 2 2 9 2 2 1 2 1 2 2 2 2 2 2 2 2 2 2 1 2 9 9 1 2 9 2 2 1 9 1 2 9 9 2 2 1 2 2 2 2 1 2 2 1 2 2 2 9 2 9 1 2 9 2 9 2 9 2 2 1 9 2 2 9 9 9 1 1 2 1 1 1 2 2 2 9 1 2 9 1 2 2 2 2 2 2 2 2
left_child=3 15 18 4 25 7 51 8 30 65 26 19 24 14 -9 52 -16 23 28 46 38 27 -6 -12 -10 -1 -5 -22 29 -3 -4 32 -30 35 -35 -33 -20 45 47 -25 69 64 -43 -44 -45 110 63 48 50 53 -21 60 -2 55 74 56 -49 -51 59 -13 -7 -62 89 -11 68 96 70 -68 -42 -17 76 72 -37 -72 -55 -66 -67 79 -79 80 -19 -81 -80 -83 -59 87 -87 88 -86 -15 91 -91 93 94 -92 -94 97 -8 99 -98 -101 -100 104 109 105 -103 107 -99 -95 -104 -29 112 -112 -77 -52 -64 -84 -18 -119 -118 121 123 -122 124 -60 126 -126
right_child=1 2 5 10 22 6 9 13 12 11 17 58 -14 62 16 40 117 77 36 20 21 -23 -24 39 -26 -27 -28 37 31 -31 -32 33 -34 34 -36 71 -38 -39 -40 -41 41 42 43 44 -46 -47 -48 49 -50 57 114 -53 -54 54 -56 -57 -58 84 120 -61 61 -63 115 -65 75 66 67 -69 -70 -71 73 -73 -74 -75 -76 113 -78 78 82 81 -82 83 116 -85 85 86 -88 -89 -90 90 92 -93 95 108 -96 -97 98 106 101 100 -102 102 103 -105 -106 -107 -108 -109 -110 -111 111 -113 -114 -115 -116 -117 119 118 -120 -121 122 -123 -124 -125 125 -127 -128
leaf_value=0.029889612842757769 -0.019797147637685746 0.027191519887719354 -0.013671515252830592 0.023145677913256557 0.04512071501889086 0.0091266280640682016 0.0074403505442196876 -0.012459049754574639 -0.021388912537461148 0.0011728244680912902 0.02851155835724848 0.0015451954224300747 -0.011955590036430562 0.00061337441612232158 0.0058701474190776008 -0.013476349583111519 -5.2858667389540992e-05 -0.00012808238989483922 -0.0063056226074258348 -0.0061879866047393735 -0.0009083018086995956 -0.025142943304741667 0.031582639845656596 0.026425362227214817 -0.044696402318816664 0.015341394246073115 0.032453326341778305 -0.0056342794700758531 0.019083990279320336 9.9429206240538468e-05 -0.0030372850416630543 0.0077524116461154483 0.00026060889787381377 -0.027670540272586065 0.0025850434096355459 -0.0056890034733601573 0.0086575656833106293 -0.021673209899845086 -0.0038670502585414429 0.014427509751245305 -0.01920419028901961 -0.022787285884173065 -0.018991896488507437 -0.014531174484020193 -0.0037210232308089227 -0.0054212496927273117 -0.0046570967956560388 -0.0072843529851018309 -0.017334325909683809 0.00071517367628630164 0.0084505282574577761 -0.0024056618130830457 -0.036940472103067022 0.00056522754090342759 -0.030808235457083246 -0.0065107983569955069 -0.023969341486881127 -0.0017403004904432845 -0.01174242206632984 -0.0106226957628153 0.011419921721486996 -0.0043918220185302668 -0.00093868248155645458 -0.010448670891699345 -0.015849155925708697 0.0047136814833232546 0.0038139952967032064 -0.0020271399137970123 -0.0037648057483136658 -0.0078360428527398107 -0.015107588342118059 -0.0096729495835137444 0.0089391177228773846 -0.0054497749978870283 -0.012500172305123833 -0.017448690467389279 -0.0057896874523913761 0.027149951692006333 0.021880162371996331 0.022494032917887288 0.01410770931775702 0.010629410255735867 0.014000954579175055 0.020530781197008463 -0.010102454755488603 0.0070030199761756439 -0.011162846716553239 -0.011644752434161061 0.0036705894388514675 -0.010005042680314357 0.008971788811202093 -0.00046295401911320398 0.0010805070085131167 0.013923007175773109 -0.004528672044889972 -0.0048346905671478139 -0.0099796601393637076 -0.0037236415442850231 -0.013909988282501227 -0.0031246966993089837 -0.0098813533923680814 0.014445755851956189 0.0019497309381310377 -0.00481350645601775 -0.0042290298314041274 -0.0013441405252129228 -0.0042266311502922611 0.0028561727945591001 0.0026049578908336917 -0.0036751874910760092 -0.011809375221086549 -0.0061486934966895118 -0.026469970085467639 -0.026195269739182361 -0.0010496044393050446 -0.0065225309030798248 0.013259830678024474 0.0052139717011215267 0.00049769122880173112 0.025421484130195921 -0.012166277877719669 -0.026499554926944936 -0.00026319373355481807 -0.015607057807167275 -0.0084795645615717372 -0.01166169565115124 0.014024602121540478
leaf_weight=384 214 219 613 1170 1528 2679 311 685 240 2312 1532 441 258 6248 5187 1827 6276 221 203 1149 695 252 385 416 308 862 2133 390 245 388 1432 609 400 213 278 342 3821 292 9199 757 214 334 517 424 1020 1314 3498 402 269 646 329 346 224 225 289 2202 306 756 1756 378 218 383 1250 211 810 369 2542 3963 240 1423 385 383 254 836 380 485 509 680 1677 938 548 590 1611 443 381 430 550 2005 346 747 205 623 1146 261 876 2073 1353 1469 221 4347 728 318 1735 5008 376 384 2633 1701 572 1224 316 304 352 766 969 1700 222 2107 2119 392 1091 278 615 878 236 500 210
leaf_count=384 214 219 613 1170 1528 2679 311 685 240 2312 1532 441 258 6248 5187 1827 6276 221 203 1149 695 252 385 416 308 862 2133 390 245 388 1432 609 400 213 278 342 3821 292 9199 757 214 334 517 424 1020 1314 3498 402 269 646 329 346 224 225 289 2202 306 756 1756 378 218 383 1250 211 810 369 2542 3963 240 1423 385 383 254 836 380 485 509 680 1677 938 548 590 1611 443 381 430 550 2005 346 747 205 623 1146 261 876 2073 1353 1469 221 4347 728 318 1735 5008 376 384 2633 1701 572 1224 316 304 352 766 969 1700 222 2107 2119 392 1091 278 615 878 236 500 210
internal_value=7.83042e-05 -0.00322319 -0.00238543 0.0244866 0.0336366 -0.00291786 -0.0040133 -0.000685846 -0.012423 -0.00459191 0.0223365 -0.00620958 -0.0280958 0.000361181 0.00205285 -0.0143936 0.00269268 0.0200146 0.00528987 -0.00543807 -0.00611523 -0.00960424 0.0421756 0.0243547 -0.0356947 0.0200272 0.0292362 -0.00853523 0.00214225 0.0101563 -0.00630666 0.000317995 0.00771049 -0.00197396 -0.011051 0.000832601 0.00790856 -0.0102835 -0.00546251 0.0185246 -0.0136245 -0.0154216 -0.0119605 -0.0101775 -0.0070216 -0.00907908 -0.00264018 -0.00671494 -0.00365823 -0.00765339 -0.00215481 0.00676207 -0.0279269 -0.010054 -0.0152638 -0.00845351 -0.0144957 -0.0058677 -0.00993834 -0.00418159 0.00774977 0.00143659 -0.00140277 0.000163499 -0.018459 -0.00261433 -0.00115069 0.000257788 -0.0115483 -0.0110068 -0.00549077 -0.00351524 0.000536133 -0.00842602 -0.00783841 -0.0200708 -0.00135991 0.0184385 0.019825 0.0161199 0.00988796 0.0184078 0.0185485 0.0148756 -0.00680585 -0.00785585 -0.00323456 -0.00951356 -0.00363594 -0.000759834 -0.00207694 -0.00574224 -0.00110272 0.00165168 -0.00195041 -0.00274048 -0.00319299 -0.00154869 -0.00383356 -0.00534001 -0.00408588 -0.00277975 -0.00251088 -0.00317 0.00236784 0.00591098 -0.00203044 -0.000192352 0.00627428 -0.000381577 -0.012608 -0.0151918 -0.0195347 -0.0228043 0.00141538 -0.00418179 0.0158678 0.00111922 0.00285589 0.0210243 -0.0107857 -0.0120727 -0.00787531 -0.0109524 -0.00943988 -0.00516581 0.00211657
internal_weight=138458 121969 113471 16489 3159 106116 71190 34926 2851 67564 13330 37152 806 32075 16374 8498 15689 10027 7355 30769 24748 3915 1913 2705 548 1246 3303 3663 3331 607 2045 2724 645 2079 491 1588 4024 2968 20833 1173 8060 4810 2295 1961 1444 2676 6021 11634 2716 8918 2447 3626 438 3804 894 2910 708 5114 6383 819 3280 601 15701 2523 2515 30412 8604 6505 454 3250 2099 979 596 1221 605 2061 878 7322 4582 2740 769 1971 3902 1033 4468 3712 980 2732 727 12751 6503 1370 5133 1914 1081 3219 21808 6114 15694 6428 5075 9266 9045 7967 1078 702 5803 3170 833 2959 1362 972 668 1251 1298 2950 2225 10502 4226 614 5564 3858 1706 3580 2702 946 446
internal_count=138458 121969 113471 16489 3159 106116 71190 34926 2851 67564 13330 37152 806 32075 16374 8498 15689 10027 7355 30769 24748 3915 1913 2705 548 1246 3303 3663 3331 607 2045 2724 645 2079 491 1588 4024 2968 20833 1173 8060 4810 2295 1961 1444 2676 6021 11634 2716 8918 2447 3626 438 3804 894 2910 708 5114 6383 819 3280 601 15701 2523 2515 30412 8604 6505 454 3250 2099 979 596 1221 605 2061 878 7322 4582 2740 769 1971 3902 1033 4468 3712 980 2732 727 12751 6503 1370 5133 1914 1081 3219 21808 6114 15694 6428 5075 9266 9045 7967 1078 702 5803 3170 833 2959 1362 972 668 1251 1298 2950 2225 10502 4226 614 5564 3858 1706 3580 2702 946 446
cat_boundaries=0 3 6 9 12 13 16 19 21 22 25 26 27 28 29 30 31 32 35 36 37 38 39 40 42 43 45 46 47 48 49 50 51 54 55 56 57 58 59 60 61 62 63 64 65 68 69 70 71 72 75 76 77 78 79 80 81 82 83 84 87 88
cat_threshold=268494852 3776 4194315 48365568 100999168 8962048 2147812866 2147500288 270336 4 3072 1 16777217 1 4194304 1048576 256 134217736 672 0 3648 270565376 2097152 8192 16384 533 16 2673 14 1029 332 416 2147484672 0 262144 1294 162 1418 2313 2377 1024 256 2451 0 65536 73 1386 128 19 1 3394 0 4194304 16 1120 84 2402 10 22 2048 833 1801 9 10 1896 0 0 144 19 17 2134 65 256 0 128 17 7 289 3149 3 1672 84 1 2102 0 536870912 2192 418
is_linear=0
shrinkage=0.05


Tree=19
num_leaves=128
num_cat=59
split_feature=2 2 2 6 2 6 1 2 10 2 2 10 7 6 1 2 4 6 6 2 3 4 9 3 4 4 10 4 7 2 4 4 7 4 10 4 4 2 4 4 2 9 2 9 7 6 9 4 2 7 7 7 6 9 7 10 4 7 9 9 7 3 4 10 4 9 7 0 4 7 10 6 7 10 4 7 4 9 4 10 10 6 6 7 7 10 6 4 3 7 3 3 7 7 2 7 4 7 4 3 7 10 10 10 10 4 6 3 7 7 7 7 4 2 4 4 7 7 10 4 3 4 7 10 10 3 4
split_gain=4030 412.063 167.538 117.791 126.195 93.5947 160.533 155.345 99.4412 77.9258 72.9695 38.6507 35.8773 34.5546 55.1985 29.8347 28.2883 24.9917 21.8541 21.1717 20.9795 25.5325 20.4999 18.6099 18.0265 18.0016 17.9052 17.8173 25.6365 17.6452 38.4214 17.612 16.7452 20.2636 19.2042 40.8743 17.4806 16.3162 40.8833 13.6923 32.7479 15.9463 26.059 18.2992 14.2775 13.5516 13.2093 13.0904 11.8952 11.8881 11.7897 26.4737 17.9935 16.8176 13.2282 23.3825 18.7695 11.6586 11.2206 11.0602 13.0233 11.0538 11.0389 10.4625 10.2202 18.3222 12.7965 10.1857 13.5492 10.1359 10.0077 10.0045 10.0029 10.6625 11.4443 11.3029 10.3135 9.7994 9.74913 9.70162 12.58 9.63544 19.5252 9.61063 28.8228 9.30324 9.2936 18.9981 19.1455 9.21964 9.15411 9.08072 9.08501 9.00749 8.75706 10.9043 11.4305 12.3663 10.7738 9.43382 16.4498 8.56187 8.5195 8.50882 15.4559 13.5531 10.3635 8.40171 9.2446 19.9317 9.16585 34.3666 12.7027 8.55819 9.64038 8.51466 8.33553 8.29148 9.55878 8.92176 8.6962 8.45427 12.3197 8.25948 10.8779 11.2264 10.3478
threshold=0 1 2 2016.5000000000002 3 2017.5000000000002 4 5 299.50000000000006 6 7 1696.5000000000002 20.500000000000004 2016.5000000000002 8 9 10 2017.5000000000002 2018.5000000000002 11 12 13 2573.0000000000005 14 15 16 202.50000000000003 17 20.500000000000004 18 19 20 8.5000000000000018 21 251.00000000000003 22 23 24 25 26 27 2152.0000000000005 28 2422.0000000000005 13.500000000000002 2018.5000000000002 2170.0000000000005 29 30 19.500000000000004 7.5000000000000009 12.500000000000002 2021.5000000000002 2159.5000000000005 25.500000000000004 1431.0000000000002 31 28.500000000000004 2231.5000000000005 2159.5000000000005 26.500000000000004 32 33 128.50000000000003 34 2311.0000000000005 7.5000000000000009 35 36 25.500000000000004 222.00000000000003 2020.5000000000002 20.500000000000004 1360.0000000000002 37 27.500000000000004 38 1800.5000000000002 39 1377.0000000000002 1548.0000000000002 2020.5000000000002 2021.5000000000002 12.500000000000002 16.500000000000004 1506.0000000000002 2020.5000000000002 40 41 14.500000000000002 42 43 5.5000000000000009 28.500000000000004 44 7.5000000000000009 45 19.500000000000004 46 47 11.500000000000002 1431.0000000000002 1706.5000000000002 1510.5000000000002 1534.0000000000002 48 2020.5000000000002 49 23.500000000000004 11.500000000000002 25.500000000000004 24.500000000000004 50 51 52 53 28.500000000000004 9.5000000000000018 291.00000000000006 54 55 56 4.5000000000000009 321.50000000000006 1524.5000000000002 57 58
decision_type=9 9 9 2 9 2 9 9 2 9 9 2 2 2 9 9 1 2 2 9 9 1 2 9 1 1 2 1 2 9 1 1 2 1 2 1 1 9 1 1 9 2 9 2 2 2 2 1 9 2 2 2 2 2 2 2 1 2 2 2 2 9 1 2 1 2 2 9 1 2 2 2 2 2 1 2 1 2 1 2 2 2 2 2 2 2 2 1 9 2 9 9 2 2 9 2 1 2 1 9 2 2 2 2 2 1 2 9 2 2 2 2 1 9 1 1 2 2 2 1 9 1 2 2 2 9 1
left_child=3 15 18 4 25 7 57 8 26 86 31 20 23 14 -9 47 -16 19 29 24 21 81 -6 -10 89 63 62 28 79 30 -3 -5 33 -31 36 -36 -34 38 -20 40 -17 42 44 64 -41 49 48 -2 72 -42 52 53 78 77 -53 -56 -57 67 61 60 -58 -13 -4 -1 65 -43 -66 -7 -69 94 -44 -47 -23 -74 75 76 -75 -52 85 -22 -81 -11 83 -83 -85 -29 117 91 -89 -12 -38 102 -93 -62 95 98 97 99 -15 -97 -101 -79 -88 105 -105 -19 -106 108 109 115 111 113 -112 114 -109 -18 -72 118 -8 120 -119 122 -120 126 125 -125 -121
right_child=1 2 5 10 22 6 9 13 12 11 17 58 -14 69 16 39 107 103 37 -21 27 46 -24 -25 -26 -27 -28 50 -30 32 -32 -33 34 -35 35 -37 90 -39 -40 41 45 43 70 -45 -46 71 -48 -49 -50 -51 51 54 -54 -55 55 56 59 -59 -60 -61 93 -63 -64 -65 66 -67 -68 68 -70 -71 116 -73 73 74 -76 -77 -78 101 -80 80 -82 82 -84 84 -86 -87 87 88 -90 -91 -92 92 -94 -95 -96 96 -98 -99 -100 100 -102 -103 -104 104 106 -107 -108 110 -110 -111 112 -113 -114 -115 -116 -117 -118 119 121 123 -122 -123 -124 124 -126 -127 -128
leaf_value=0.03270504726602818 -0.035586509238734534 -0.0059328348080124405 0.0069250131782394395 0.021998201492341173 0.04368627279933341 0.0086719936423196586 0.0070683326027722931 -0.011845060628889089 -0.020362244947999718 -0.0045614441687696983 0.024116985180036545 0.0014696488934345135 -0.011357811039905678 -0.00056894868533537883 0.005577204958756376 0.0049509181046566361 0.014427991518981234 0.021694055907943408 0.01677897606835994 0.0079411699456692336 -0.0076039521832254129 -0.0014401358097551565 0.032419849294422771 -0.042531859916898444 0.027422234211786873 0.013379254318334276 -0.011520511231804212 -0.0037226600877105077 -0.0079636460369398431 -0.0020363830530550331 0.01962558811003377 0.030838232077172525 0.0073710530898902383 0.015611358754998209 -0.026349053810029024 0.0024602792456183426 0.002674038848858707 0.0087962550253725437 -0.010437587250633311 -0.038828523405412638 -0.011970043021522327 -0.025552851605323793 -0.0083810561963302815 -0.020720801304588619 -0.02014339123627594 -0.018707389886977205 -0.0068920917093844916 -0.015343717459072318 -0.010319228849141342 -0.00064373894999747417 -0.02430233441034723 -0.0055327761209682082 -0.018441132502164694 -0.0021111370909672519 -0.0012190461112371836 -0.0042444259287152007 -0.011827176679981503 -0.0022853787293296976 -0.010246426044961376 -0.0096620292519598427 -0.032942659567338071 -0.010105249797158378 -0.0045609506319933173 0.018359589809823836 0.002893803664524559 -0.0065458816680105504 -0.0091389660395653043 0.011575765719750958 -0.0039908227539764965 -0.0039739610984585033 -0.01516586879049122 -0.0092024505625452249 0.014016517475155628 0.019073471902135812 -0.0016639033760938457 -0.0026602409977036028 0.0035249484029161379 -0.0056518106470555786 -0.0047066337952102215 0.0019609457267111825 -0.0035182593342079956 -0.005967710210547799 -0.00059222453834870494 -0.029029650461796504 -0.0091790286851107707 0.010702193604033981 0.0044779971294953086 0.0036240428896024269 -0.0019260381583679138 0.012274778597045592 -0.0071759528719629838 -0.01707110075921376 -0.0060036259077635105 -0.018785690195206123 0.00066885733309892444 0.012465768067639334 -0.0029330536082158715 -0.0027350711944015837 -0.0088649265715458232 -0.0056362730121876743 0.0072102532257415815 -0.0160407505506612 -0.0055002031769157047 0.025792454295682117 0.016004259781269334 0.013051791151463708 0.021723517543916503 0.0054878210682742659 0.010625791330557608 -0.0041554513766040042 0.004424496318895332 0.017511239738751599 -0.0049320973124372738 -0.0010298168450396932 -0.00058417045365193195 0.0033909357294877769 -0.02485147420084104 -0.0057191439304407291 -0.0035374594855418977 -0.017783555875119188 -0.0016041000525474202 -0.0040160991880135626 0.0027133641831198628 -0.0083091882398972899 -0.0061310416268649118 -0.0007791043846040542 -0.0024472366528723137
leaf_weight=313 230 238 260 1170 1334 2679 311 685 240 4086 273 441 258 670 5187 328 283 677 209 245 741 3167 579 308 1774 719 854 214 3269 310 369 2133 609 335 213 278 382 3452 363 202 601 236 498 409 207 816 892 208 271 377 281 4615 200 260 502 402 247 346 5564 307 233 378 931 214 281 274 1034 203 398 2950 2130 419 203 214 951 208 235 248 1380 1696 2740 409 498 264 595 234 369 2542 3963 413 597 228 993 217 5998 302 2842 901 962 392 684 990 509 680 2797 2063 1105 1407 423 661 475 311 1454 3785 1217 486 248 1613 1469 256 6300 2633 1701 605 4137 2573 210
leaf_count=313 230 238 260 1170 1334 2679 311 685 240 4086 273 441 258 670 5187 328 283 677 209 245 741 3167 579 308 1774 719 854 214 3269 310 369 2133 609 335 213 278 382 3452 363 202 601 236 498 409 207 816 892 208 271 377 281 4615 200 260 502 402 247 346 5564 307 233 378 931 214 281 274 1034 203 398 2950 2130 419 203 214 951 208 235 248 1380 1696 2740 409 498 264 595 234 369 2542 3963 413 597 228 993 217 5998 302 2842 901 962 392 684 990 509 680 2797 2063 1105 1407 423 661 475 311 1454 3785 1217 486 248 1613 1469 256 6300 2633 1701 605 4137 2573 210
internal_value=7.43961e-05 -0.00306264 -0.00226663 0.0232668 0.0319619 -0.00277258 -0.00381293 -0.000652817 -0.0118164 -0.00436274 0.0212237 -0.00589974 -0.026732 0.000343037 0.00195018 -0.0136764 0.00255842 0.0190164 0.00502687 0.0231422 -0.00516679 -0.00352232 0.0400669 -0.0339702 0.0245242 0.0190439 -0.00599541 -0.006212 -0.00449172 0.00203808 0.00967059 0.0277827 0.000300695 0.00733996 -0.00188176 -0.010524 0.000790366 0.00751342 -0.000375643 -0.0129458 -0.00975474 -0.0143948 -0.0166372 -0.0111618 -0.0286707 -0.0119468 -0.00126472 -0.0265306 -0.000310827 -0.00760397 -0.00761284 -0.00845507 -0.00420256 -0.0138616 -0.00698055 -0.0104824 -0.0137898 0.00642619 -0.00944213 -0.0173961 -0.0210523 -0.00397805 -0.00203367 0.0263792 -0.00901949 -0.0150462 -0.00651814 0.00736475 0.00137051 -0.00133278 -0.0147749 -0.0154826 0.000254245 0.00321871 0.00185555 0.00687067 0.0114389 -0.0158729 -0.00264472 -0.00230805 -0.00142341 -0.00588522 -0.00898135 -0.0122761 -0.0152798 0.00372852 -0.00248378 -0.00109305 0.000245036 0.0167434 -0.00334437 -0.00521623 -0.00800472 -0.0261159 -0.000721728 -0.00195494 -0.0008236 0.00181189 -0.00551691 0.00479805 0.00250681 -0.0139596 -0.00129192 0.0175181 0.0188362 0.0153139 0.0176239 0.00106353 0.00411018 0.00221158 0.000406813 0.00127936 -0.00263075 0.000491701 0.00268013 0.0076844 -0.016176 -0.00303361 -0.00147161 -0.00364213 -0.00244908 -0.00192929 -0.000182734 -0.00484604 -0.00444111 -0.00224121 -0.0113065
internal_weight=138458 121969 113471 16489 3159 106116 71190 34926 2851 67564 13330 37152 806 32075 16374 8498 15689 10027 7355 2705 30769 11993 1913 548 2460 1246 2045 18776 8446 3331 607 3303 2724 645 2079 491 1588 4024 572 8060 2541 5519 3285 2234 409 2213 6141 438 5249 978 10330 8302 2028 1779 6523 1908 1406 3626 6383 1004 697 819 1191 527 1825 510 1315 3280 601 15701 2876 1235 4978 1811 1608 657 449 1519 1828 5177 4436 5852 1766 1268 859 448 30412 8604 6505 686 979 2099 1221 450 12751 6753 5121 2279 1632 1378 1076 1238 878 7322 4582 2740 3902 10502 1853 1430 8649 6720 1929 6409 2624 769 2378 21808 6114 15694 7913 5803 3170 7781 7315 3178 466
internal_count=138458 121969 113471 16489 3159 106116 71190 34926 2851 67564 13330 37152 806 32075 16374 8498 15689 10027 7355 2705 30769 11993 1913 548 2460 1246 2045 18776 8446 3331 607 3303 2724 645 2079 491 1588 4024 572 8060 2541 5519 3285 2234 409 2213 6141 438 5249 978 10330 8302 2028 1779 6523 1908 1406 3626 6383 1004 697 819 1191 527 1825 510 1315 3280 601 15701 2876 1235 4978 1811 1608 657 449 1519 1828 5177 4436 5852 1766 1268 859 448 30412 8604 6505 686 979 2099 1221 450 12751 6753 5121 2279 1632 1378 1076 1238 878 7322 4582 2740 3902 10502 1853 1430 8649 6720 1929 6409 2624 769 2378 21808 6114 15694 7913 5803 3170 7781 7315 3178 466
cat_boundaries=0 3 6 9 12 13 16 19 21 22 25 26 29 30 31 32 33 34 35 38 39 40 41 42 43 46 47 48 51 54 55 58 59 60 61 62 63 64 65 66 67 68 69 70 71 74 75 76 77 78 79 80 83 84 85 86 87 88 89 90
cat_threshold=268494852 3776 4194315 48365568 100999168 8962048 2147812866 2147500288 270336 4 3072 1 16777217 1 4194304 1048576 256 134217736 672 0 3648 270565376 2097152 8192 16384 533 0 0 10 20 2579 14 1288 1061 2638 2147484672 0 262144 113 332 2644 2313 2377 263168 256 262144 3121 408 33554432 0 8945664 0 0 8945664 1797 0 4194304 1048592 384 19 13 2080 1 3842 296 40 129 1120 84 18 10 0 16 144 3589 1384 4 2180 16 136 0 16 1056 226 1120 1960 66 3149 65 2065
is_linear=0
shrinkage=0.05


Tree=20
num_leaves=128
num_cat=60
split_feature=2 2 2 6 2 6 0 2 2 2 8 8 7 6 1 6 9 4 4 6 2 4 4 8 8 2 4 2 4 3 7 4 4 4 3 7 4 7 4 7 3 1 3 7 7 7 7 7 3 7 1 2 9 4 2 7 7 8 8 3 7 3 7 8 3 4 7 8 9 7 7 7 3 3 8 4 7 4 9 7 4 4 2 9 0 4 2 9 9 8 2 8 7 4 6 8 3 8 7 7 6 7 1 4 9 3 8 6 2 9 4 4 7 4 2 7 4 8 8 9 6 8 9 7 8 7 3
split_gain=3677.35 352.78 153.554 94.6156 105.226 85.9686 149.362 141.542 60.7726 59.5921 49.3771 46.7198 40.2689 38.3627 46.8741 27.4437 27.1555 24.3911 23.1754 22.8818 22.7775 34.0287 22.1684 21.4197 21.042 20.4485 42.1625 20.2078 29.7606 17.5594 29.9867 16.2366 16.0955 15.5275 15.2626 25.17 13.4627 16.1461 13.3343 18.4148 15.1668 16.8744 13.2367 16.1093 21.9184 16.9274 13.2045 12.3368 11.7846 14.7514 11.3603 11.2547 12.8694 11.2451 14.1239 10.8741 15.6525 28.666 20.3883 21.0641 18.6327 17.8742 16.2239 25.378 11.9935 10.8211 10.7876 10.6891 10.4531 10.399 16.414 10.2374 13.8325 10.149 12.7339 11.6214 10.0658 21.0916 9.92335 9.78735 18.7613 14.8119 9.63969 23.5254 9.63097 9.45187 14.6611 12.9206 10.7187 20.664 9.30985 9.2842 12.6759 19.7012 9.36307 12.4033 9.18136 9.142 12.438 9.70748 9.1034 9.13276 9.07677 9.03239 8.99282 8.94604 8.81812 8.80576 21.8766 14.2924 12.2736 11.5669 10.4187 12.3129 9.88059 9.74151 10.0604 8.6404 10.2038 8.61495 8.53822 8.52007 9.82118 8.50224 13.6019 8.45338 8.42616
threshold=0 1 2 2016.5000000000002 3 2017.5000000000002 4 5 6 7 345.50000000000006 22.500000000000004 14.500000000000002 2016.5000000000002 8 2017.5000000000002 2231.5000000000005 9 10 2018.5000000000002 11 12 13 306.50000000000006 355.50000000000006 14 15 16 17 18 22.500000000000004 19 20 21 22 11.500000000000002 23 14.500000000000002 24 15.500000000000002 25 26 27 24.500000000000004 25.500000000000004 9.5000000000000018 25.500000000000004 11.500000000000002 28 24.500000000000004 29 30 2022.5000000000002 31 32 5.5000000000000009 20.500000000000004 136.50000000000003 147.50000000000003 33 19.500000000000004 34 11.500000000000002 346.50000000000006 35 36 11.500000000000002 223.50000000000003 2470.5000000000005 18.500000000000004 25.500000000000004 7.5000000000000009 37 38 244.50000000000003 39 30.500000000000004 40 2165.0000000000005 24.500000000000004 41 42 43 2010.0000000000002 44 45 46 2048.5000000000005 1926.5000000000002 166.50000000000003 47 18.500000000000004 15.500000000000002 48 2020.5000000000002 45.500000000000007 49 194.50000000000003 20.500000000000004 7.5000000000000009 2017.5000000000002 25.500000000000004 50 51 2129.5000000000005 52 320.50000000000006 2018.5000000000002 53 2022.5000000000002 54 55 6.5000000000000009 56 57 19.500000000000004 58 196.50000000000003 309.50000000000006 2470.5000000000005 2020.5000000000002 81.500000000000014 2155.0000000000005 20.500000000000004 348.50000000000006 14.500000000000002 59
decision_type=9 9 9 2 9 2 9 9 9 9 2 2 2 2 9 2 2 1 1 2 9 1 1 2 2 9 1 9 1 9 2 1 1 1 9 2 1 2 1 2 9 9 9 2 2 2 2 2 9 2 9 9 2 1 9 2 2 2 2 9 2 9 2 2 9 1 2 2 2 2 2 2 9 9 2 1 2 1 2 2 1 1 9 2 9 1 9 2 2 2 9 2 2 1 2 2 9 2 2 2 2 2 9 1 2 9 2 2 9 2 1 1 2 1 9 2 1 2 2 2 2 2 2 2 2 2 9
left_child=3 20 19 4 36 7 33 10 76 23 11 -4 -12 14 -9 18 22 34 -11 25 21 -2 51 100 -6 26 -3 28 78 30 -24 102 -18 -7 69 -36 125 -38 40 65 41 -27 46 45 -45 73 47 -19 66 50 -50 -10 -53 -47 -55 64 57 61 59 -58 62 68 -59 -64 -34 -40 -33 -29 -57 -16 -71 -31 121 74 -44 -75 85 -78 -21 81 -81 97 83 -41 -69 87 96 88 89 126 106 -74 103 -94 -95 -96 -87 -15 99 -99 -5 -102 -13 -93 -32 -90 -83 115 112 110 114 120 113 -109 -110 -22 -117 -104 -119 -63 -111 122 -73 124 -56 -1 -8
right_child=1 2 5 9 24 6 8 13 16 15 12 31 -14 79 17 -17 32 42 -20 27 107 -23 29 -25 -26 38 -28 67 -30 71 104 48 55 -35 35 -37 37 -39 39 82 -42 -43 43 44 -46 53 -48 -49 49 -51 -52 52 -54 54 123 56 58 60 -60 -61 -62 119 63 -65 -66 -67 -68 84 -70 70 -72 72 91 75 -76 -77 77 -79 -80 80 -82 90 -84 -85 -86 86 -88 -89 105 -91 -92 92 93 94 95 -97 -98 98 -100 -101 101 -103 117 -105 -106 -107 -108 108 109 111 -112 -113 -114 -115 -116 116 -118 118 -120 -121 -122 -123 -124 -125 -126 -127 -128
leaf_value=0.029433018240742737 -0.039175332540697938 -0.0079139196540110573 -0.02474776385331532 0.024539158059232326 0.040037455316402695 -0.005401347245466202 -0.0012182939053439978 -0.011064637635441249 -0.0031536330820273514 0.028231251593359149 -0.040171727169313873 -0.0091079316754487296 -0.012703299181820411 -0.0004067794436165625 -0.0032848746692970203 0.016869148440611239 -0.0048417883910673587 -0.0071208110819485472 0.018086143440610152 -0.017021894014335043 -0.012588217018933057 -0.011198630863784365 -0.0063255531219149107 0.017990221008018125 0.025651201079853497 -0.016620625394887945 0.019019798427921689 0.0061910808802251669 0.0081391791378006648 -0.0025183689171640413 -0.012952214548570276 -0.020953525151384791 0.0018831249539103664 0.0081536111455996953 0.010635957923550377 0.0036765304359367965 0.0023547536849691975 0.019998731065152899 0.016846990592055335 -0.019604904092435399 0.00083026613789605121 -0.00023120068719168272 0.016256526871988627 0.020938950370963633 0.0038286987565456262 0.00091856399159599776 -0.011133142973476154 0.0036651393030915215 -0.0077981432479994495 -0.015513011847664168 0.00413589359080153 -0.01966778956595892 -0.0052015517406033898 0.0015935818941123692 -0.00062634402985730774 -0.0060639776005442687 -0.00033233659979069256 -0.021532207547970441 0.00093576179545683171 -0.017407395832012614 -0.02987886042809304 -0.0074451164758168311 -0.00081322957797789943 -0.017911153916549478 -0.011074339705032868 0.0042562690426686169 -0.0089114405465800153 0.017543314003543579 0.0071063410202697984 0.012174241352539035 -0.002609628055182596 -0.0030793001923417108 -0.002182296123905064 0.0061696163820357001 0.0036346210468783712 -0.005163934548013319 0.0029765720700053065 -0.01787017947093587 -0.0022476155338428763 0.0021084749375191161 -0.0062085640333032141 -0.0036168426962081717 0.0037809350073260105 0.0011744898142448316 0.008532961212000565 0.0041659258086117305 -0.003980609401893479 -0.0026143078033158194 -0.00097417568630280319 0.0016996536904200586 0.0050877052354840815 -0.018483537058425713 0.0012381860768092825 -0.0090385140546955806 -0.009902991302821379 0.0013204992361016289 -0.0024381393704897758 -0.00045556088616130344 -0.0033935204530153844 0.0079569132825129674 0.032588546353320529 0.023852597104646073 0.0059643333880168422 -0.0093023096053101856 -0.022617290311722788 0.0047058509412576804 0.004372025632815215 -0.018632194603298298 0.0070203818709812004 -0.014242476953143275 -0.011783151352516867 -0.021139865981746109 -0.018497385492254222 -0.0020479301758951252 -0.006004577520168977 0.0034118312735428322 -0.0087509139809384857 -0.0075376344068933468 0.003948883262991503 -0.020138512169398423 -0.0032594906483191647 0.00038668756481398392 -0.013772623746757898 -0.017300101356522646 -0.016687580019140624 0.018594723404105305 -0.011767130095615339
leaf_weight=317 206 218 341 958 1605 225 302 626 13652 1194 212 304 360 3775 849 7193 2370 437 1467 212 1796 276 2338 600 302 351 411 2023 557 2570 642 288 382 2790 1972 3808 243 278 253 203 845 289 311 222 1193 1527 404 674 366 247 416 223 495 463 383 423 286 575 552 517 245 261 373 519 325 555 525 497 234 376 375 890 856 437 559 448 204 293 245 962 2277 4834 483 414 940 945 12627 9749 1139 1363 370 355 733 3136 431 574 1163 473 489 1247 1330 386 448 1583 385 1762 372 212 237 440 433 364 2036 247 345 201 1061 461 333 274 296 1158 283 242 201 416 556
leaf_count=317 206 218 341 958 1605 225 302 626 13652 1194 212 304 360 3775 849 7193 2370 437 1467 212 1796 276 2338 600 302 351 411 2023 557 2570 642 288 382 2790 1972 3808 243 278 253 203 845 289 311 222 1193 1527 404 674 366 247 416 223 495 463 383 423 286 575 552 517 245 261 373 519 325 555 525 497 234 376 375 890 856 437 559 448 204 293 245 962 2277 4834 483 414 940 945 12627 9749 1139 1363 370 355 733 3136 431 574 1163 473 489 1247 1330 386 448 1583 385 1762 372 212 237 440 433 364 2036 247 345 201 1061 461 333 274 296 1158 283 242 201 416 556
internal_value=3.23004e-05 -0.00294731 -0.00222734 0.0223388 0.0301184 -0.00274885 -0.00374792 -0.00070691 -0.00423238 0.0204826 -0.0091838 -0.00710694 -0.0228839 0.000498989 0.002237 0.0184553 -0.00557246 0.00280212 0.0228123 0.0042359 -0.0129907 -0.0237087 -0.00491316 0.0264472 0.0375622 0.00150414 0.00970729 0.00670115 0.000444929 -0.00619938 -0.00942581 -0.0053314 -0.00830351 0.00712754 0.00484227 0.00604047 0.0183525 0.0115477 -4.50492e-05 0.00271428 -0.00358481 -0.00933719 0.0007911 0.0018481 0.00651313 0.00040804 -0.00337002 -0.000577399 -0.00848545 -0.00481417 -0.00149643 -0.00348022 -0.00956138 -0.00199401 -0.00540951 -0.00992587 -0.0108991 -0.0129697 -0.00646164 -0.0115468 -0.0171148 -0.0070162 -0.0149831 -0.0107615 -0.00420328 0.00845984 -0.0130172 0.00850874 -0.00135259 0.000503134 0.00479215 -0.00532879 -0.00605646 0.00426226 0.00805401 0.000438812 -0.00255548 -0.00961303 -0.00890644 -0.00132184 -0.00375102 -0.000641205 -0.00148141 -0.00557186 0.0118307 -0.00243787 -0.00333567 -0.001545 0.000487264 -0.00212682 -0.00249268 -0.00708103 -0.007707 -0.00634695 -0.00767406 -0.00349276 0.000528103 0.00108638 0.00364299 0.00564348 0.0284437 0.0306235 -0.00150883 -0.0111275 -0.0165754 0.0024886 -0.00304015 -0.012287 -0.013683 -0.00976722 -0.00553451 -0.0137616 -0.0168955 -0.0101583 -0.000671606 -0.0102226 -0.00685605 0.000409066 -0.00272024 -0.0136901 -0.0096937 -0.00264436 -0.00565919 -0.00930708 -0.00615427 0.0229686 -0.00820548
internal_weight=138300 122011 113861 16289 3161 105365 70758 34607 67743 13128 4301 3729 572 30306 15507 9854 37640 14881 2661 8496 8150 482 30304 3274 1907 4022 629 4474 1014 15934 3365 3388 7336 3015 7380 5780 1254 521 3393 1908 1485 640 7501 5986 1415 4571 1515 1111 1842 1029 782 14370 718 2816 1289 4966 4259 2904 1355 803 1712 1192 1467 892 707 808 813 3460 657 1600 751 12569 9999 1755 870 885 30103 497 457 14799 3239 11560 1100 617 1437 29606 14735 14871 5122 2221 5576 7668 6812 4874 4141 1005 2108 5984 2209 1720 2674 1716 1546 1938 1027 2901 5206 7668 4610 2115 1015 1100 2495 459 582 3058 1262 1242 794 535 736 2331 1173 826 584 733 858
internal_count=138300 122011 113861 16289 3161 105365 70758 34607 67743 13128 4301 3729 572 30306 15507 9854 37640 14881 2661 8496 8150 482 30304 3274 1907 4022 629 4474 1014 15934 3365 3388 7336 3015 7380 5780 1254 521 3393 1908 1485 640 7501 5986 1415 4571 1515 1111 1842 1029 782 14370 718 2816 1289 4966 4259 2904 1355 803 1712 1192 1467 892 707 808 813 3460 657 1600 751 12569 9999 1755 870 885 30103 497 457 14799 3239 11560 1100 617 1437 29606 14735 14871 5122 2221 5576 7668 6812 4874 4141 1005 2108 5984 2209 1720 2674 1716 1546 1938 1027 2901 5206 7668 4610 2115 1015 1100 2495 459 582 3058 1262 1242 794 535 736 2331 1173 826 584 733 858
cat_boundaries=0 3 6 9 12 13 16 19 21 22 23 24 27 28 29 30 31 34 35 36 37 38 39 40 41 42 43 44 45 46 47 50 51 54 55 56 57 58 59 60 61 62 63 64 66 67 68 71 74 75 76 77 78 79 81 82 83 84 87 88 89
cat_threshold=268486656 3776 11 60948480 100999168 8929280 2147821062 2684371200 4464640 0 3072 1 1 1 4194304 1081984 256 134217736 1050784 0 3648 270565376 629 624 2097152 8192 540672 1093 1868 2147484676 83 263172 536871168 262144 844 66 2637 36 256 2 1191 572 20 25165824 1 17 805306368 0 4194320 528 1282 0 0 32 5 11 22 2304 16 20 2184 162 2132 1833 514 2147483648 24 2829 256 134217728 2176 0 16 48 128 76 268435456 128 67 0 65536 3216 874 2402 33554432 33554432 8388608 264 3
is_linear=0
shrinkage=0.05


Tree=21
num_leaves=128
num_cat=52
split_feature=2 2 2 6 2 6 0 2 2 2 8 6 8 10 8 7 6 10 4 3 3 2 4 6 0 4 8 8 4 8 4 4 2 3 2 7 3 4 2 4 9 3 7 7 4 2 4 7 2 4 7 3 7 7 7 4 7 7 3 9 10 7 10 9 3 4 8 6 7 7 10 8 7 8 3 7 4 3 3 9 7 9 7 7 3 7 8 7 4 4 7 7 9 3 10 7 8 8 4 9 7 9 8 3 10 1 8 6 8 8 3 7 4 7 7 4 10 8 3 8 8 10 8 8 6 6 2
split_gain=3319.76 317.803 132.514 87.6195 94.9621 77.604 134.826 128.249 56.0372 54.8617 43.519 40.6825 34.03 30.7542 28.8959 27.2958 25.2305 23.653 23.5833 22.2979 21.7147 93.9716 21.6072 21.5952 25.1569 27.2351 19.3313 18.904 18.3907 17.8684 16.3632 15.7479 32.8798 16.9322 15.6837 15.4065 14.2161 14.0425 13.8727 13.5077 13.4938 13.0368 22.0506 12.9446 12.9136 24.2365 12.5828 11.103 12.0906 11.0481 13.8008 10.6866 13.9536 19.0088 13.3386 10.8659 10.6253 10.6859 10.562 27.5532 38.8139 18.2241 13.3032 10.784 14.0013 10.1386 10.0419 10.0028 9.95238 16.2213 9.88245 9.63877 13.2458 21.9501 31.6361 19.5113 18.5859 18.1763 15.5054 15.1462 14.0296 15.6428 11.6831 10.5026 9.52 10.0305 9.15888 9.12389 19.1056 8.91685 10.8846 8.69904 14.2352 12.7499 8.67676 9.33402 8.61813 15.2355 8.60784 11.2581 12.006 15.4848 16.3358 11.1489 10.1998 9.6323 8.58046 9.56074 13.7287 13.5871 9.68366 10.5523 11.1673 10.8092 10.2144 11.3017 8.84525 8.41832 8.38406 8.32065 12.3214 13.3442 13.0367 13.0483 8.27527 17.7602 16.7509
threshold=0 1 2 2016.5000000000002 3 2017.5000000000002 4 5 6 7 345.50000000000006 2016.5000000000002 22.500000000000004 1630.0000000000002 349.50000000000006 5.5000000000000009 2017.5000000000002 203.50000000000003 8 9 10 11 12 2016.5000000000002 13 14 306.50000000000006 355.50000000000006 15 119.50000000000001 16 17 18 19 20 25.500000000000004 21 22 23 24 2206.5000000000005 25 11.500000000000002 14.500000000000002 26 27 28 4.5000000000000009 29 30 11.500000000000002 31 24.500000000000004 25.500000000000004 9.5000000000000018 32 25.500000000000004 11.500000000000002 33 2159.5000000000005 1587.5000000000002 13.500000000000002 1447.0000000000002 1669.5000000000002 34 35 145.50000000000003 2018.5000000000002 18.500000000000004 25.500000000000004 1620.5000000000002 78.500000000000014 20.500000000000004 147.50000000000003 36 16.500000000000004 37 38 39 2385.5000000000005 13.500000000000002 2353.0000000000005 13.500000000000002 26.500000000000004 40 17.500000000000004 347.50000000000006 30.500000000000004 41 42 6.5000000000000009 27.500000000000004 1957.0000000000002 43 224.00000000000003 24.500000000000004 320.50000000000006 354.50000000000006 44 2027.5000000000002 23.500000000000004 1926.5000000000002 166.50000000000003 45 1386.0000000000002 46 344.50000000000006 2019.5000000000002 319.50000000000006 313.50000000000006 47 22.500000000000004 48 7.5000000000000009 26.500000000000004 49 1534.0000000000002 355.50000000000006 50 111.50000000000001 172.50000000000003 1497.5000000000002 139.50000000000003 158.50000000000003 2019.5000000000002 2018.5000000000002 51
decision_type=9 9 9 2 9 2 9 9 9 9 2 2 2 2 2 2 2 2 1 9 9 9 1 2 9 1 2 2 1 2 1 1 9 9 9 2 9 1 9 1 2 9 2 2 1 9 1 2 9 1 2 9 2 2 2 1 2 2 9 2 2 2 2 2 9 1 2 2 2 2 2 2 2 2 9 2 1 9 9 2 2 2 2 2 9 2 2 2 1 1 2 2 2 9 2 2 2 2 1 2 2 2 2 9 2 9 2 2 2 2 9 2 1 2 2 1 2 2 9 2 2 2 2 2 2 2 9
left_child=3 20 23 4 46 7 37 10 26 87 12 17 -4 28 -12 19 22 -9 41 39 21 -2 -10 24 25 -3 94 -6 35 -21 84 32 36 -34 86 58 -25 -7 67 -15 91 68 -43 -24 45 -40 -1 -32 -49 -23 -51 56 54 -54 -53 -56 57 -20 59 60 -11 -62 63 -60 -65 -36 -26 -22 -19 -70 -64 82 75 74 -74 77 118 -73 -75 83 81 -79 -17 -76 -14 -86 -33 98 -89 -69 -91 93 -93 -37 -5 -96 -13 -98 105 100 101 102 104 -103 -100 -8 107 -30 109 110 111 112 113 -109 116 -116 -113 -80 -77 -112 121 -121 -123 -124 125 -18 -126
right_child=1 2 5 8 27 6 9 11 16 13 14 96 30 15 -16 71 124 18 51 29 38 49 43 31 66 -27 -28 -29 106 -31 47 34 33 -35 65 40 -38 -39 44 -41 -42 42 -44 -45 -46 -47 -48 48 -50 50 -52 52 53 -55 55 -57 -58 -59 62 -61 61 -63 70 64 -66 -67 -68 89 69 -71 -72 72 73 78 79 76 -78 80 117 -81 -82 -83 -84 -85 85 -87 -88 88 -90 90 -92 92 -94 -95 95 -97 97 -99 99 -101 -102 103 -104 -105 -106 -107 -108 108 -110 -111 119 114 -114 -115 115 -117 -118 -119 -120 120 -122 122 123 -125 126 -127 -128
leaf_value=0.0092445632640385279 -0.048979661323271376 0.019093640448072876 -0.020344293830987018 0.025578781035032888 0.038001110672054861 -0.0051427720336520927 0.0021425681480956717 -0.010537979911208644 0.025676811203577284 -0.0066912895525058583 -0.034284207851120858 -0.001779057714372314 -0.011428856791836903 0.013226070825151731 -0.01205302354765081 -0.0092986644007167132 0.017622851678668068 -0.0030228226717797595 -0.0065028527429603859 -0.014786684069122081 -0.0097980686374083553 -0.0068976634950167291 0.023159202581346308 0.012168803787202399 -0.012085931926534278 -0.002277885602107124 0.017090709891247873 0.024368640593644728 -0.0049507161274899682 0.003618118271925578 -0.011427003741682915 0.0065131523677468958 -0.0011363180623244465 -0.020024573136283377 0.019082906703218161 -0.019366273820423646 0.0026460262345064378 0.0077473866411455683 -0.0079134239505988472 -0.0011014159938592153 -0.02195898806497168 0.010096595486118881 0.0035748952181954676 0.01211635802690007 -0.010476482011917445 0.010941502456829521 0.020947543172659053 0.0021531632251080412 -0.006650172762509456 -0.0084405559597996206 -0.020490022521002238 0.0037223087507781191 0.019320673562793267 0.0034857684101354636 -0.010347001856273623 -0.00067587685680603146 -0.0098251804113120064 0.0034198737310700469 -0.0022228695384201511 0.0033216527329052743 -0.012116823787305584 -0.031586733536143614 -0.00069662663329340068 -0.016462096480569642 -0.0057086751915944312 0.0058788269055361749 -0.0015689335749251262 -0.021432263684675129 0.012328427678401907 -0.002467337339773514 -0.0095568152882506037 0.0014097509148678249 -0.0025781757472071588 0.0040341343598508201 -0.014886881479910716 -0.0040040502957876768 -0.023649469431131581 -0.0065377061899408468 -0.0025138890102934155 -0.0094240080796439071 -0.0032374199742927416 -0.01722451035761171 0.0015485552333605788 -0.028255391548205156 0.0017427400837799437 -0.0097081474356304903 -0.0028168292988993929 0.0028346976165215827 -0.017006159425949793 -0.0050550462313283806 -0.015008444911314282 0.002388199610563801 -0.0094804148182438784 -0.0062711317477953821 0.037772749545680884 0.024310713474495482 0.0042846311160407938 -0.0084152764890675098 -0.016841034655426544 -0.0025515563055826715 0.0042136418647242772 -0.0024332531388137906 -0.0011368397282859636 0.0048358796520824206 -0.0050485745091982471 -0.0036711331516978635 0.0011006711975467352 0.0012595904193344644 -0.0081787295221903856 0.0088540846178306511 0.005045856191595725 0.0011383756203210259 0.0001430482537107149 -0.0094127270850544835 -0.0087210348970423648 0.0045517866810162863 0.013661038664049156 -0.015129037715462099 -0.01556135121825856 -0.00086524979900625689 -0.002377897748638615 -0.023109835181635861 -0.0019469041304499011 -0.017545560188591481 0.0079979436975914277 0.011009529837939491 0.019189000648831313
leaf_weight=386 201 241 395 2128 1610 225 756 347 1508 2780 236 12708 1079 286 384 563 2079 852 448 373 1570 545 411 495 449 368 600 302 8351 204 267 3035 276 208 415 368 1842 2790 609 374 208 1967 3800 749 1654 226 883 1281 549 365 681 1777 225 1202 319 2519 417 688 849 531 235 246 2836 461 965 268 459 477 369 372 354 356 726 566 287 293 562 537 313 435 446 945 444 301 380 385 288 204 293 337 1485 363 831 433 338 208 1355 286 309 10946 1387 857 1851 1347 451 11702 961 338 957 287 211 254 1804 796 269 368 317 229 401 327 1531 223 307 238 435 1984 2820
leaf_count=386 201 241 395 2128 1610 225 756 347 1508 2780 236 12708 1079 286 384 563 2079 852 448 373 1570 545 411 495 449 368 600 302 8351 204 267 3035 276 208 415 368 1842 2790 609 374 208 1967 3800 749 1654 226 883 1281 549 365 681 1777 225 1202 319 2519 417 688 849 531 235 246 2836 461 965 268 459 477 369 372 354 356 726 566 287 293 562 537 313 435 446 945 444 301 380 385 288 204 293 337 1485 363 831 433 338 208 1355 286 309 10946 1387 857 1851 1347 451 11702 961 338 957 287 211 254 1804 796 269 368 317 229 401 327 1531 223 307 238 435 1984 2820
internal_value=3.02796e-05 -0.0028157 -0.00213146 0.0211132 0.0285785 -0.0026119 -0.00356113 -0.000671843 0.0193383 -0.00402141 -0.00810825 0.000573652 -0.00635289 -0.00529465 -0.0205152 -0.00791429 0.0173985 0.0023673 0.00266674 -0.0010391 -0.0123478 -0.0173127 0.0215783 0.00393115 -0.00146029 0.00635131 0.0251248 0.0356614 -0.00451589 -0.00813856 -0.00495056 0.00513491 0.00224491 -0.00949462 0.00714659 -0.00607661 0.0047063 0.00677161 -0.0109235 0.0052119 -0.00983992 0.00468121 0.00578927 0.015892 -0.00790279 -0.00274108 0.0174879 -0.00189308 -0.000512411 -0.0130311 -0.0161312 0.000707512 0.00165865 0.00598251 0.000325263 -0.00180178 -0.00297985 -0.000493314 -0.00518757 -0.0072214 -0.00896031 -0.0220744 -0.00375627 -0.00668432 -0.00934054 0.0140614 -0.00669578 -0.0128413 0.0006587 0.00490059 -0.00167986 -0.00906294 -0.00977871 -0.00724611 -0.0107344 -0.0118227 -0.0168284 -0.00906998 -0.00173983 -0.0163377 -0.0109555 -0.0133522 -0.00451598 -0.0217303 -0.00837186 -0.00396825 0.00568742 -0.00242815 -0.00914737 -0.0149755 -0.0130956 -0.00857638 -0.00587212 -0.0126074 0.0270215 0.0326444 -0.00133872 0.00207124 -0.00231617 -0.00158628 0.000114786 -0.00106592 -0.00367104 0.00202026 -0.00984314 -0.0033169 -0.00349066 -0.00375892 -0.00254916 -0.00180811 -0.00224632 -0.000697834 -0.00231698 -0.00617726 0.00323436 -0.00111867 0.00809054 -0.00770181 -0.0108082 -0.00449099 -0.00527438 -0.00932418 -0.0129258 -0.00875879 0.0158984 0.0143935 0.0177769
internal_weight=138300 121859 113709 16441 3181 105365 70758 34607 13260 67743 4956 29651 4336 37640 620 8641 9986 15302 14955 1237 8150 1792 2668 8344 1517 609 3274 1912 28999 577 3941 6827 2821 484 4006 11460 2337 3015 6358 660 2203 7360 5767 1160 2489 835 1269 2097 1830 1591 1046 7595 6042 1427 4615 2838 1553 1136 9257 3792 3261 481 5465 2275 1426 683 908 3869 1593 741 3190 7404 6397 2857 1749 3540 1256 2284 1108 1023 1928 1482 1007 588 1844 765 3323 30103 497 2299 1822 1995 1194 801 2674 546 14349 1641 29606 17148 6202 4815 2611 2204 760 12458 17539 16578 8227 7270 6983 4146 2938 1134 1208 637 571 542 694 2837 2626 1095 768 545 7318 4063 3255
internal_count=138300 121859 113709 16441 3181 105365 70758 34607 13260 67743 4956 29651 4336 37640 620 8641 9986 15302 14955 1237 8150 1792 2668 8344 1517 609 3274 1912 28999 577 3941 6827 2821 484 4006 11460 2337 3015 6358 660 2203 7360 5767 1160 2489 835 1269 2097 1830 1591 1046 7595 6042 1427 4615 2838 1553 1136 9257 3792 3261 481 5465 2275 1426 683 908 3869 1593 741 3190 7404 6397 2857 1749 3540 1256 2284 1108 1023 1928 1482 1007 588 1844 765 3323 30103 497 2299 1822 1995 1194 801 2674 546 14349 1641 29606 17148 6202 4815 2611 2204 760 12458 17539 16578 8227 7270 6983 4146 2938 1134 1208 637 571 542 694 2837 2626 1095 768 545 7318 4063 3255
cat_boundaries=0 3 6 9 12 13 16 18 21 22 23 24 27 28 29 30 31 32 33 35 36 39 40 41 44 45 46 47 49 50 53 54 55 56 57 58 59 60 61 62 63 64 65 66 67 68 69 70 71 72 73 74 77
cat_threshold=268494852 3776 4194315 60948480 100999168 8929280 2147812866 2684371200 270336 4 3072 1 1 257 4194304 1081984 0 3648 256 134217736 1050784 629 22 65 2097152 8192 8912896 2673 44 406 2067 930 852 262146 2684370944 25 262146 536887296 262144 2 256 52428800 327680 16384 40 2 2200 8519680 67108864 2376 257 0 128 556 1 2048 70 1 3112 20 104 2 25 19 162 2576 10 242 67 287309824 21 384 576 18 4 0 1
is_linear=0
shrinkage=0.05


Tree=22
num_leaves=128
num_cat=54
split_feature=2 2 2 6 2 6 0 2 2 2 8 6 8 8 6 9 3 2 6 4 2 4 4 2 4 4 1 4 8 7 3 7 4 7 8 5 7 3 8 4 2 3 7 7 4 7 3 1 9 4 2 7 4 7 9 3 7 3 4 7 4 8 9 7 2 9 9 4 7 7 2 6 4 7 8 4 8 7 4 9 3 6 3 7 3 7 7 7 2 9 7 7 4 8 9 7 7 8 8 8 8 6 9 6 7 8 7 4 7 4 4 8 6 7 7 4 7 8 7 7 7 8 3 8 8 4 2
split_gain=2997.51 287.962 125.08 77.0222 85.6099 70.0504 121.707 115.785 49.5434 48.395 39.2652 36.7084 30.7036 26.0786 22.4468 22.2225 19.6869 85.3865 19.5467 19.4166 18.1165 28.0323 18.0566 17.863 37.2294 17.6411 17.6121 19.8424 17.1434 15.3596 14.9504 26.0255 14.7774 13.609 18.6784 17.0211 13.7008 13.7592 20.3302 12.6995 12.527 12.4862 20.5524 12.0386 11.8669 16.5464 13.5278 15.1858 11.741 11.6707 21.946 11.4709 11.2547 14.6197 11.1378 10.8848 13.4788 17.0192 17.0502 15.6613 17.6107 14.3082 10.9995 10.8355 10.205 11.5517 10.1948 10.1443 10.0862 10.0181 11.078 13.4849 9.95464 12.4552 9.861 9.80686 9.62005 11.6908 9.53552 9.52998 9.25718 9.04468 8.88918 8.70346 11.6564 8.67228 15.3778 15.589 8.5742 21.0501 8.4803 13.152 12.8226 11.5605 9.33521 8.46675 13.3217 8.34774 11.417 9.02509 10.013 10.8363 8.34344 12.6971 16.4575 13.1101 8.27056 17.3065 8.25525 14.574 13.2739 10.3037 8.39449 10.9946 8.36786 8.10012 9.82331 8.06199 9.27498 23.0613 11.0117 8.06122 8.04145 9.47285 10.1302 7.86134 12.5853
threshold=0 1 2 2016.5000000000002 3 2017.5000000000002 4 5 6 7 345.50000000000006 2016.5000000000002 22.500000000000004 349.50000000000006 2017.5000000000002 2231.5000000000005 8 9 2018.5000000000002 10 11 12 13 14 15 16 17 18 355.50000000000006 25.500000000000004 19 22.500000000000004 20 3.5000000000000004 101.50000000000001 21 20.500000000000004 22 141.50000000000003 23 24 25 11.500000000000002 23.500000000000004 26 15.500000000000002 27 28 2353.0000000000005 29 30 6.5000000000000009 31 14.500000000000002 2165.0000000000005 32 23.500000000000004 33 34 20.500000000000004 35 348.50000000000006 2093.5000000000005 25.500000000000004 36 2022.5000000000002 2470.5000000000005 37 11.500000000000002 4.5000000000000009 38 2016.5000000000002 39 11.500000000000002 292.50000000000006 40 262.50000000000006 21.500000000000004 41 1828.0000000000002 42 2018.5000000000002 43 7.5000000000000009 44 7.5000000000000009 11.500000000000002 16.500000000000004 45 2010.0000000000002 17.500000000000004 11.500000000000002 46 43.500000000000007 2143.5000000000005 18.500000000000004 25.500000000000004 95.500000000000014 101.50000000000001 170.50000000000003 183.50000000000003 2020.5000000000002 1926.5000000000002 2019.5000000000002 19.500000000000004 319.50000000000006 30.500000000000004 47 15.500000000000002 48 49 18.500000000000004 2020.5000000000002 26.500000000000004 23.500000000000004 50 6.5000000000000009 107.50000000000001 18.500000000000004 11.500000000000002 6.5000000000000009 289.50000000000006 51 188.50000000000003 93.500000000000014 52 53
decision_type=9 9 9 2 9 2 9 9 9 9 2 2 2 2 2 2 9 9 2 1 9 1 1 9 1 1 9 1 2 2 9 2 1 2 2 1 2 9 2 1 9 9 2 2 1 2 9 9 2 1 9 2 1 2 2 9 2 9 1 2 1 2 2 2 9 2 2 1 2 2 9 2 1 2 2 1 2 2 1 2 9 2 9 2 9 2 2 2 9 2 2 2 1 2 2 2 2 2 2 2 2 2 2 2 2 2 2 1 2 1 1 2 2 2 2 1 2 2 2 2 2 2 9 2 2 1 9
left_child=3 16 18 4 52 7 39 10 106 25 12 26 -4 -12 19 22 17 -2 23 -11 21 54 64 24 -3 29 67 41 -6 51 31 90 85 35 66 -17 48 43 -39 -7 81 95 122 -38 46 78 47 -25 -36 50 -42 -5 -1 -54 -20 63 59 62 -59 61 -61 74 -58 68 97 -66 82 -9 -29 -34 75 -72 -19 -74 -57 -71 79 -78 -46 -22 121 -18 -35 -32 -85 -14 -87 -88 89 -47 91 94 -93 -94 -24 -28 -97 -10 -99 -100 101 -101 103 104 -102 -105 125 -108 110 -110 -86 -111 -113 114 -114 -83 -117 -82 119 120 -119 -50 123 124 -43 -8 -127
right_child=1 2 5 9 28 6 8 11 15 14 13 -13 32 -15 -16 33 40 72 20 -21 76 -23 30 44 -26 -27 27 55 -30 -31 83 -33 69 34 36 -37 37 38 -40 -41 49 42 -44 -45 45 88 -48 -49 80 -51 -52 -53 53 -55 -56 56 57 58 -60 60 -62 -63 -64 -65 65 -67 -68 -69 -70 70 71 -73 73 -75 -76 -77 77 -79 -80 -81 117 115 -84 84 108 86 87 -89 -90 -91 -92 92 93 -95 -96 96 -98 98 99 100 102 -103 -104 105 -106 -107 107 -109 109 111 -112 112 113 -115 -116 116 -118 118 -120 -121 -122 -123 -124 -125 -126 126 -128
leaf_value=0.02078689188471761 -0.046646743912196836 -0.0075867307313162383 -0.019327079636646035 0.012516037490484969 0.036135527283653927 -0.004896575149465749 -0.0013861159362612806 0.00022300932355309754 -0.012174884245453522 0.025558235352660975 -0.032569998303049449 -0.0012717883597757455 0.00017338116708940464 -0.011450372201852589 0.015231306849247429 0.011002146825829352 -0.0093081652201659482 -0.0065589943391780653 -0.015609140372779884 0.016290581655722003 0.013778364770422186 0.0084606438984819021 -0.0065788170850411588 -0.015832806273022994 0.01771472014634452 0.027274906453222277 -0.0029681626400165483 -0.0064396273535495159 0.023150208582238152 0.0065453055806813437 -0.0022010230226714006 -0.015231522846061957 -0.010855653061974474 -0.0094705169621322836 -0.0071198545770383764 -0.0072202031500637536 0.0067491700330495168 -0.020697780240350117 -0.0037510791008109946 0.0073614007695151883 -0.0075241447656764467 0.015080113759527362 0.0033221126832359005 -0.0057984196843205845 0.015771007243804581 -0.018656742200255396 0.00068207405725141212 -0.0002805011804810535 -0.00042550027442788617 -0.0099558059085202693 0.010417608382038267 0.024135262033411313 0.0016062262104421764 0.018395541199037416 -0.00083069884787215795 0.00093187931103466042 -0.01125406841200137 0.018320474017622643 0.0047839493810033227 -0.016072271422258224 0.0030628488830256244 -0.0094287939728625748 0.0039021221952311499 -0.0100852268749138 -0.018502834620895994 -0.004797146168426903 0.0057401318653494847 -0.015297163675362203 0.0033129596981863862 0.0093120945359882953 0.0028448649390469282 -0.0092915945659502539 -0.0080185282354128286 -0.01946552131467235 0.0077799571280047532 -0.0012083572235095427 0.015713208587805911 0.0044637785436685336 0.0039549292351193392 0.0048396697940523096 -0.025158160378135022 -0.020382655079350321 -0.0025451700318734546 -0.0023323727677590071 -0.0046835668894432267 -0.021231104742854518 0.0025889368489994302 -0.010298001986160781 0.0034415948536231904 0.0009991086084184188 -0.00018780333811365484 -0.023038641772081342 -0.016304146434258735 -0.0010153262054244051 0.0040683073181320322 0.010970393232406771 -0.0023482466810382904 0.0069918206552616689 -0.0055519680924239409 -0.00075448352529039356 -0.018433002279534077 0.010313554672795712 -0.0020100542306547954 0.00083714112677329858 -0.0033346868601403924 -0.01017633638764864 0.0026995859632734211 -0.01618391453463695 0.0012905910186855622 0.0035267331169910698 -0.012063858237048319 -0.0082201086322147964 -0.0036810640780958258 -0.010282907831099104 0.0078373142612322543 -0.0048022938532981396 -0.014258022601261534 -0.010669133228180711 -0.022446640645609257 -0.0032883235790165779 -0.025058662915478938 -0.012359346425190643 0.00645898535550362 0.022425598403233171 0.0025434963751207415 0.00056015628639444171 -0.0036166094588546299
leaf_weight=733 201 218 395 280 1605 225 14871 210 235 1194 236 14349 276 384 7193 210 1570 545 253 1467 348 504 819 351 411 1907 849 437 302 207 2570 1027 267 795 915 297 275 324 390 2790 609 432 3808 627 253 203 845 289 206 1654 226 880 243 278 257 2943 201 334 798 280 206 288 296 404 223 495 228 211 674 393 390 554 365 681 640 493 679 350 555 2083 217 477 1152 2331 1169 235 304 1029 483 414 540 205 226 273 275 376 375 299 2561 826 364 302 7453 860 358 394 204 293 733 249 1376 3136 408 340 257 337 1485 229 296 406 317 452 1068 215 257 2108 12627
leaf_count=733 201 218 395 280 1605 225 14871 210 235 1194 236 14349 276 384 7193 210 1570 545 253 1467 348 504 819 351 411 1907 849 437 302 207 2570 1027 267 795 915 297 275 324 390 2790 609 432 3808 627 253 203 845 289 206 1654 226 880 243 278 257 2943 201 334 798 280 206 288 296 404 223 495 228 211 674 393 390 554 365 681 640 493 679 350 555 2083 217 477 1152 2331 1169 235 304 1029 483 414 540 205 226 273 275 376 375 299 2561 826 364 302 7453 860 358 394 204 293 733 249 1376 3136 408 340 257 337 1485 229 296 406 317 452 1068 215 257 2108 12627
internal_value=2.8462e-05 -0.00266166 -0.00201118 0.0201678 0.0271869 -0.00248186 -0.00338371 -0.000638641 -0.00382103 0.018493 -0.00770444 0.000544784 -0.00603708 -0.0194895 0.0166659 -0.00503098 -0.0117356 -0.0164625 0.0038221 0.0206063 0.00610051 0.000181806 -0.00443457 0.00129714 0.0089642 0.0238686 0.00224858 0.00253437 0.0339013 0.0189531 -0.00559539 -0.00857146 -0.00470505 -0.00750155 -0.00808834 0.00040211 -0.00987597 -0.00615631 -0.0112832 0.00643346 -0.0103796 0.00437449 0.00545824 -0.0019513 -0.000150165 0.00245325 -0.00348919 -0.00892233 -0.0118546 -0.00750914 -0.00260224 0.0213306 0.0165735 0.0103659 -0.008005 0.000720522 0.00167903 0.00556208 0.00890339 0.00023108 -0.00822918 0.00129326 -0.00218351 -0.00305286 -0.00314133 -0.00892956 -0.00426322 -0.00772996 -0.000523116 -0.00179949 -0.000488019 -0.00423275 -0.0123817 -0.0153246 0.00215509 0.00351001 0.00781196 0.0118869 0.0078989 0.00611925 -0.0138952 -0.012202 -0.00543464 -0.00479245 -0.0054633 -0.00795635 -0.00943808 -0.00735905 -0.00152453 -0.00538068 -0.0056826 -0.00733287 -0.0126637 -0.00778374 -0.00390244 0.000449879 0.00431994 -0.00283059 -0.00266904 -0.00288924 -0.00224329 0.00220877 -0.00277589 -0.00566446 -0.0109466 -0.00262323 -0.00230696 -0.00870425 -0.00640369 -0.00525572 -0.00873966 -0.00633727 -0.0069457 -0.00296903 0.000770399 -0.0142314 -0.0124408 -0.0161528 -0.0147164 -0.0123129 -0.0190235 -0.00849413 0.00961084 0.0131179 0.0104039 -0.00220035 -0.0030191
internal_weight=138300 122011 113861 16289 3161 105365 70758 34607 67743 13128 4956 29651 4336 620 9854 37640 8150 1792 8496 2661 4474 1014 30304 4022 629 3274 15302 14881 1907 1367 15934 3365 3941 7336 6829 507 4654 1616 714 3015 6358 7380 5780 902 3393 1908 1485 640 3038 2489 835 1160 1254 521 510 7501 5986 1629 1132 4357 486 3871 497 1515 14370 718 2175 421 1111 2097 1830 944 1591 1046 3583 886 3460 1029 808 2431 2123 3869 1947 12569 9999 1844 1568 1333 1100 617 2338 1798 704 499 1094 1600 751 13652 13417 13118 10557 1128 9429 1976 722 1254 30103 497 7668 5123 2545 4390 4141 1005 665 2299 1822 1465 1248 952 546 658 1972 904 689 29606 14735
internal_count=138300 122011 113861 16289 3161 105365 70758 34607 67743 13128 4956 29651 4336 620 9854 37640 8150 1792 8496 2661 4474 1014 30304 4022 629 3274 15302 14881 1907 1367 15934 3365 3941 7336 6829 507 4654 1616 714 3015 6358 7380 5780 902 3393 1908 1485 640 3038 2489 835 1160 1254 521 510 7501 5986 1629 1132 4357 486 3871 497 1515 14370 718 2175 421 1111 2097 1830 944 1591 1046 3583 886 3460 1029 808 2431 2123 3869 1947 12569 9999 1844 1568 1333 1100 617 2338 1798 704 499 1094 1600 751 13652 13417 13118 10557 1128 9429 1976 722 1254 30103 497 7668 5123 2545 4390 4141 1005 665 2299 1822 1465 1248 952 546 658 1972 904 689 29606 14735
cat_boundaries=0 3 6 9 12 13 16 19 21 22 25 26 29 30 31 32 33 34 35 36 37 38 39 40 41 44 45 46 47 48 49 51 52 53 54 55 56 59 60 61 62 63 64 65 66 67 69 70 71 72 73 74 75 76 79
cat_threshold=268486656 3776 11 60948480 100999168 8929280 2147821062 2684371200 4464640 0 3072 1 1 257 4194304 1081984 256 134217736 1050784 0 3648 65 2097152 8192 8912896 624 263172 536871168 262144 846 1868 2147484676 83 844 2129920 629 66 930 9 21 256 52428800 327680 16384 2 572 20 25165824 2200 8519680 67108864 1191 1 4 1280 3072 0 4194320 528 970 257 556 1049 2304 67 3 16 514 2147483648 2176 162 128 35 2576 17 2829 256 134217728 2176
is_linear=0
shrinkage=0.05


Tree=23
num_leaves=128
num_cat=52
split_feature=2 2 2 6 2 6 1 2 10 2 1 6 1 7 10 7 6 8 3 4 4 4 3 2 7 2 8 4 2 1 10 6 8 8 8 9 2 4 6 4 2 3 7 8 3 7 8 4 9 3 4 7 7 7 10 3 7 6 9 7 7 9 10 3 10 2 8 7 4 3 4 7 9 4 7 10 7 7 6 8 7 3 8 2 10 8 7 7 7 7 9 9 7 4 2 7 4 8 3 4 10 7 4 8 7 3 4 3 2 4 3 6 6 4 9 8 8 3 10 9 7 4 10 10 7 9 7
split_gain=2708.4 260.017 112.025 69.5302 77.1791 61.7038 109.875 104.518 75.0878 44.2713 43.2041 32.2999 35.8472 27.4866 25.4404 22.6758 20.3489 19.7524 19.6221 19.1592 18.3514 18.0578 17.8485 77.5852 17.6327 16.8575 16.8435 16.4745 20.821 16.5628 22.8187 21.6166 16.3169 15.9582 15.9386 14.6576 14.2967 12.0915 11.9198 27.5031 11.3118 11.1133 17.7855 11.0162 10.8885 10.8551 10.7064 10.5706 10.3844 10.4159 10.3189 10.0725 15.064 13.4824 10.0504 10.5775 17.0351 10.8094 12.1073 10.3634 13.6612 12.2605 9.98826 9.91556 13.0371 9.63297 14.0787 15.5361 21.0716 10.0644 9.27759 9.12353 13.5785 9.06225 9.95553 9.0339 8.92153 8.87706 11.9997 10.9322 9.19203 9.10973 8.75705 9.61201 8.73333 10.9847 10.1505 8.72602 8.51654 13.5632 8.43329 13.9417 15.6793 15.9744 17.8886 15.2456 15.0097 10.3571 9.62496 9.60629 9.31012 8.94699 10.0572 11.9895 8.83497 8.68441 8.40381 11.2967 8.34327 12.5695 8.23242 9.10614 8.17831 8.07275 8.04127 12.0897 26.7976 13.1001 8.02596 7.95816 7.88321 7.86217 10.0698 9.82138 8.16417 7.78344 10.8532
threshold=0 1 2 2016.5000000000002 3 2017.5000000000002 4 5 307.00000000000006 6 7 2016.5000000000002 8 20.500000000000004 1630.0000000000002 5.5000000000000009 2017.5000000000002 47.500000000000007 9 10 11 12 13 14 12.500000000000002 15 218.50000000000003 16 17 18 28.500000000000004 2018.5000000000002 194.50000000000003 119.50000000000001 300.50000000000006 2119.5000000000005 19 20 2018.5000000000002 21 22 23 11.500000000000002 139.50000000000003 24 11.500000000000002 187.50000000000003 25 1926.5000000000002 26 27 24.500000000000004 25.500000000000004 9.5000000000000018 228.00000000000003 28 22.500000000000004 2018.5000000000002 2003.0000000000002 17.500000000000004 11.500000000000002 2003.0000000000002 51.500000000000007 29 1561.5000000000002 30 70.500000000000014 15.500000000000002 31 32 33 4.5000000000000009 2010.0000000000002 34 11.500000000000002 97.500000000000014 25.500000000000004 19.500000000000004 2019.5000000000002 235.50000000000003 7.5000000000000009 35 187.50000000000003 36 107.00000000000001 187.50000000000003 18.500000000000004 11.500000000000002 18.500000000000004 25.500000000000004 2027.5000000000002 1926.5000000000002 14.500000000000002 37 38 14.500000000000002 39 202.50000000000003 40 41 1587.5000000000002 30.500000000000004 42 64.500000000000014 22.500000000000004 43 44 45 46 47 48 2019.5000000000002 2018.5000000000002 49 2545.0000000000005 293.50000000000006 291.50000000000006 50 1524.5000000000002 1669.5000000000002 7.5000000000000009 51 1514.0000000000002 1620.5000000000002 3.5000000000000004 2190.0000000000005 2.5000000000000004
decision_type=9 9 9 2 9 2 9 9 2 9 9 2 9 2 2 2 2 2 9 1 1 1 9 9 2 9 2 1 9 9 2 2 2 2 2 2 9 1 2 1 9 9 2 2 9 2 2 1 2 9 1 2 2 2 2 9 2 2 2 2 2 2 2 9 2 9 2 2 1 9 1 2 2 1 2 2 2 2 2 2 2 9 2 9 2 2 2 2 2 2 2 2 2 1 9 2 1 2 9 1 2 2 1 2 2 9 1 9 9 1 9 2 2 1 2 2 2 9 2 2 2 1 2 2 2 2 2
left_child=3 22 5 4 43 7 38 8 17 14 21 12 -9 24 20 18 25 -3 37 41 54 -5 23 -2 -10 -12 -27 28 110 30 -29 34 46 -20 62 -30 -33 -16 39 -7 112 88 82 -1 76 -45 -6 -42 49 -22 -40 53 -53 63 -8 56 59 -58 -59 60 61 118 -31 64 -46 69 -67 -68 -69 -64 -65 -49 113 -25 -75 -47 87 78 80 -79 -51 -81 -43 -84 85 86 -23 -21 -14 -90 91 95 99 94 98 106 -97 -95 100 -93 -94 102 125 -104 -100 -101 120 -108 109 -55 -4 -112 -24 -73 115 116 -17 -117 -56 -109 -11 122 -18 -124 -123 126 -92
right_child=1 2 27 10 32 6 9 11 13 90 16 -13 19 -15 15 114 121 -19 33 44 48 84 40 73 -26 26 -28 29 35 31 -32 36 -34 -35 -36 -37 -38 -39 50 -41 47 42 -44 45 51 75 -48 71 -50 77 -52 52 -54 108 55 -57 57 58 -60 -61 -62 -63 65 70 -66 66 67 68 -70 -71 -72 72 -74 74 -76 -77 -78 79 -80 81 -82 -83 83 -85 -86 -87 -88 -89 89 -91 101 92 93 97 -96 96 -98 -99 104 105 -102 -103 103 -105 -106 -107 107 119 -110 -111 111 -113 -114 -115 -116 117 -118 -119 -120 -121 -122 124 123 -125 -126 -127 -128
leaf_value=0.021586014595053316 -0.044424942739625682 0.0090455209077218504 0.0064364509668178903 0.016076888286333687 0.034030675529656822 -0.013557111491146596 -0.012252240071862461 -0.0098116836130003066 -0.018666668847414119 -0.0051922644334985888 0.0055949435070912282 -0.0013835313150875215 -0.0029199686371046995 -0.0091119477287603841 0.01254023177741171 -0.0078119597521022176 0.011966630072023319 -0.0061172029213466183 -0.013846486547447481 -0.0063022626961872705 0.00077068317044611976 0.023254942402788303 -0.0088427570477019775 -0.0071481946545231424 -0.036245222257082516 0.024017928605537864 0.015552262519092872 0.0065680649919355547 -0.00089937069262389252 0.011385998581679151 0.02575175619240673 0.008317766500482519 0.028138889428973558 0.0035467347294530446 -0.005720532591972468 -0.015108822990065586 0.00010295213414687526 -0.0010165592243235248 0.0114544242900883 0.0080926623544958134 -8.9023537880724733e-05 0.0066243454263694365 0.003143880557095378 0.002290600962522957 0.015596419080425828 0.0080299347791520075 0.046489425294321297 -0.017126923634104511 -0.0022528095798186308 -0.0070101296975513096 0.0047333122047765845 0.016763582447957663 0.0029168203279668452 0.00030195446228143937 -0.0034143759951004954 -0.0043868206600194328 -0.005519331673500146 -0.01157032823734537 -0.026320307238493115 0.001042033540242619 -0.013579861902757832 0.0051053383588630097 0.013322440303784214 0.0051850736367945469 0.002994920693041813 -0.011688259490802736 0.010587803527201622 0.0053494121849516777 -0.01385990468719938 -0.00070765778056613592 -0.0048056916103350056 0.002134757405972308 -0.010845292689520067 -0.0076806887557285368 -0.018934843873685523 0.021147692376210541 -0.009444106200652851 0.0024050343828525859 -0.0046253865113876566 -0.0013481667457526266 -0.019348456954472876 -0.014256281021282378 0.019005390125660496 0.0062260442853432074 0.028563303915930822 0.027466407490768081 0.010637075202232534 0.0025980255977649776 0.01098115807301633 -0.0022576004924173636 -0.013541725291892397 0.0070194491023941796 0.0077434371364666389 -0.0090069429217761923 -0.010618059302804657 -0.0065813856799582281 0.001196535811105869 -0.0017340640173843459 0.0046469301531223885 0.0041528267466096136 -0.0043670047635973345 -0.011024519673631944 0.0054839357049448071 -0.0040013234659501606 0.018410181011194768 -0.0033489779731750769 0.00012579821119394641 -0.014876007204924628 0.0013766995319656051 -0.0084164381399638357 0.0037415759709768627 -0.0089633656965178634 -0.013524222057942152 -0.0091928887075678877 -0.01251855840030193 -0.011882908652483856 -0.026411963476155383 0.0011498908940936483 -0.015623536505168532 -0.0068237364364154441 0.006887635262199935 0.0077565336533999274 0.0221419575792519 0.013744543905317 0.013991774532711497 0.00098468823412060295 -0.0019573483427037411
leaf_weight=505 201 238 825 919 633 227 518 625 265 298 228 15234 877 284 286 5293 646 2202 373 454 512 383 1570 688 309 1548 947 592 411 293 210 2499 1037 204 746 325 682 374 1042 375 446 1372 3923 207 323 223 237 278 12313 241 1371 234 1223 832 392 10126 263 331 240 477 558 278 277 444 563 251 317 314 247 237 466 447 1087 289 614 319 416 419 538 271 404 288 364 299 1096 576 273 700 382 392 213 1074 287 783 207 793 2718 1306 267 868 355 334 344 10566 207 679 505 378 1233 819 355 234 2299 231 948 255 201 707 205 1630 247 597 1058 519 4352 2487 3983
leaf_count=505 201 238 825 919 633 227 518 625 265 298 228 15234 877 284 286 5293 646 2202 373 454 512 383 1570 688 309 1548 947 592 411 293 210 2499 1037 204 746 325 682 374 1042 375 446 1372 3923 207 323 223 237 278 12313 241 1371 234 1223 832 392 10126 263 331 240 477 558 278 277 444 563 251 317 314 247 237 466 447 1087 289 614 319 416 419 538 271 404 288 364 299 1096 576 273 700 382 392 213 1074 287 783 207 793 2718 1306 267 868 355 334 344 10566 207 679 505 378 1233 819 355 234 2299 231 948 255 201 707 205 1630 247 597 1058 519 4352 2487 3983
internal_value=2.6969e-05 -0.00253138 -0.0019132 0.0191611 0.0258309 -0.00236766 -0.00321498 -0.000634077 -0.00908449 -0.00363169 0.0175715 0.00026272 0.00183612 -0.0218348 -0.00479493 -0.00717154 0.0158559 -0.00463822 -0.000905138 0.00231633 -0.00407285 0.022681 -0.0111538 -0.0156542 -0.0281297 0.0195517 0.0207217 0.00349836 -0.00031238 0.00472626 0.0114485 0.0037888 0.0322063 -0.00756594 0.00048886 -0.00707776 0.006583 0.00495754 0.0061122 -0.000161728 -0.00986274 0.00409541 0.00510287 0.0157531 0.000556842 0.0120306 0.0374246 -0.0071351 -0.00286415 -0.00569094 0.00770276 0.00150781 0.00514067 0.000380033 -0.00541963 -0.00514884 -0.00791602 -0.0139068 -0.01777 -0.00534162 -0.00746653 -0.00356797 0.00288153 0.00378079 0.00750422 0.00136491 -0.0012346 0.0017398 -0.00325987 0.00696326 7.22981e-05 -0.00866538 -0.00738172 -0.0117646 -0.0151651 0.0157505 -0.00314643 -0.00719216 -0.0101392 -0.00370092 -0.0147383 -0.00827765 0.00890441 0.0136227 0.0252081 0.0224279 0.0180039 -0.000903474 0.000450939 0.00427626 -0.0022202 -0.00122976 0.000505601 -0.00172847 0.00256534 -0.00282353 -0.000575535 -0.00443884 0.00508323 0.0034139 0.0010308 -0.00291768 -0.00276378 -0.00369886 0.0104373 0.000859818 -0.00540454 -0.00661159 -0.00173778 -0.00404755 0.00323404 -0.00128409 -0.0115946 -0.00182876 -0.00821848 -0.00758705 -0.00849245 -0.00241632 -0.0076068 -0.00829823 0.000277389 0.0144747 0.0171474 0.0193783 0.0132129 -0.00122988 -0.0025454
internal_weight=138300 121997 113847 16303 3161 105032 70559 34473 3298 67544 13142 31175 15941 858 37015 8641 9895 2440 1237 15316 28374 3247 8150 1792 574 2723 2495 8815 2150 6665 802 5863 1907 577 2682 736 3181 660 3015 602 6358 7609 5958 1254 7707 749 870 2489 14986 2673 2413 6137 1457 4680 13388 12870 2744 834 571 1910 1433 875 1936 1796 886 1643 1129 878 561 514 910 2043 1765 1591 903 542 1570 2161 1183 978 645 559 2035 663 2328 1232 656 1154 1651 774 30529 12602 6033 3412 1323 6569 3511 2089 1116 2621 642 17927 17593 10910 474 1547 3058 2513 2884 1651 1414 589 3869 678 7404 6456 5494 962 597 2008 545 7172 2223 1577 4949 6683 4196
internal_count=138300 121997 113847 16303 3161 105032 70559 34473 3298 67544 13142 31175 15941 858 37015 8641 9895 2440 1237 15316 28374 3247 8150 1792 574 2723 2495 8815 2150 6665 802 5863 1907 577 2682 736 3181 660 3015 602 6358 7609 5958 1254 7707 749 870 2489 14986 2673 2413 6137 1457 4680 13388 12870 2744 834 571 1910 1433 875 1936 1796 886 1643 1129 878 561 514 910 2043 1765 1591 903 542 1570 2161 1183 978 645 559 2035 663 2328 1232 656 1154 1651 774 30529 12602 6033 3412 1323 6569 3511 2089 1116 2621 642 17927 17593 10910 474 1547 3058 2513 2884 1651 1414 589 3869 678 7404 6456 5494 962 597 2008 545 7172 2223 1577 4949 6683 4196
cat_boundaries=0 3 6 9 12 13 16 19 20 21 22 23 24 25 26 29 32 33 35 37 39 40 41 44 45 46 47 48 49 50 51 54 55 56 57 58 59 62 63 66 67 68 69 70 71 72 73 76 77 78 79 80 81
cat_threshold=268494848 3776 11 60948480 100999168 8929280 138412289 138412056 1083056 0 3072 1 1 1 4194304 1081856 138412032 4194304 33296 67895296 270565376 22 629 2195 76 65 2097152 8192 8912896 0 0 1 592 262150 2147500032 537199104 4 514 16384 40 774 52428800 327680 16384 2 1 24 4 2087 66 20 4 16384 262144 1058 7 2184 812 17 0 0 16 2433 0 0 32 3 14 581 523 28 2052 8 0 0 16 1282 14 3204 4 1569
is_linear=0
shrinkage=0.05


Tree=24
num_leaves=128
num_cat=38
split_feature=2 2 2 6 2 6 0 2 2 1 8 8 7 10 6 10 7 6 4 8 4 4 10 7 6 0 8 4 2 1 4 8 10 4 8 10 4 7 10 2 6 2 10 9 7 4 4 4 7 10 7 7 4 4 1 9 10 7 7 4 9 7 10 10 8 9 6 7 7 10 10 7 8 8 8 8 8 9 9 6 7 7 8 8 4 8 7 8 7 7 7 8 7 4 8 8 4 7 8 9 9 9 7 4 2 7 4 8 4 9 7 2 7 4 8 9 9 7 7 10 8 8 4 9 9 1 10
split_gain=2444.54 235.059 100.995 62.7378 69.6542 55.0959 99.0433 94.9062 39.5691 39.0192 33.9539 33.9323 29.8688 26.1465 31.3948 23.1874 20.4967 18.3727 17.5393 16.2895 16.1055 15.344 15.3375 39.4321 15.132 18.1777 20.4483 18.054 35.5726 19.101 18.4375 14.8471 14.3553 13.6573 13.3206 13.0605 13.3851 18.7278 25.8004 14.6245 14.6145 12.7417 13.8128 12.7412 11.3746 10.903 10.6355 10.4419 10.2179 9.71512 9.60244 9.27608 18.7557 12.722 10.9954 9.04789 9.15566 12.2723 9.33355 8.90823 8.58805 8.45876 8.45016 8.27278 8.2537 16.9071 16.2101 9.3417 13.8815 22.6286 25.6069 33.5322 9.51676 10.578 9.23091 7.99229 9.35073 7.98791 10.2761 10.5062 11.2575 7.9575 11.8233 9.57891 8.35054 7.9047 10.7873 11.0143 14.0544 10.6619 10.0088 14.1883 22.5592 13.7693 12.5132 21.1179 11.576 10.0244 8.64126 8.50668 7.60801 12.5837 14.1683 14.3996 16.1978 13.7544 13.6614 9.3473 8.67852 8.67758 8.34515 8.09883 8.07466 9.09787 11.2102 8.04893 7.6597 13.6358 7.88057 8.17835 9.41708 7.60118 7.58439 8.34957 9.39707 7.52422 7.4997
threshold=0 1 2 2016.5000000000002 3 2017.5000000000002 4 5 6 7 345.50000000000006 22.500000000000004 14.500000000000002 225.50000000000003 2016.5000000000002 1630.0000000000002 5.5000000000000009 2017.5000000000002 8 306.50000000000006 9 10 348.00000000000006 16.500000000000004 2016.5000000000002 11 70.500000000000014 12 13 14 15 355.50000000000006 25.500000000000004 16 185.50000000000003 322.50000000000006 17 4.5000000000000009 231.00000000000003 18 2018.5000000000002 19 163.50000000000003 2086.5000000000005 14.500000000000002 20 21 22 27.500000000000004 228.00000000000003 11.500000000000002 24.500000000000004 23 24 25 1926.5000000000002 1431.0000000000002 13.500000000000002 26.500000000000004 26 1864.0000000000002 12.500000000000002 1207.0000000000002 297.50000000000006 18.500000000000004 2206.5000000000005 2021.5000000000002 7.5000000000000009 15.500000000000002 1250.5000000000002 1587.5000000000002 13.500000000000002 20.500000000000004 295.50000000000006 124.50000000000001 251.50000000000003 111.50000000000001 1669.5000000000002 2086.5000000000005 2019.5000000000002 25.500000000000004 22.500000000000004 252.50000000000003 134.50000000000003 27 78.500000000000014 22.500000000000004 147.50000000000003 26.500000000000004 13.500000000000002 16.500000000000004 344.50000000000006 12.500000000000002 28 252.50000000000003 101.50000000000001 29 20.500000000000004 359.50000000000006 2385.5000000000005 2027.5000000000002 1926.5000000000002 14.500000000000002 30 31 14.500000000000002 32 202.50000000000003 33 1864.0000000000002 4.5000000000000009 34 30.500000000000004 35 64.500000000000014 2003.0000000000002 2190.0000000000005 5.5000000000000009 22.500000000000004 1581.5000000000002 28.500000000000004 4.5000000000000009 36 1669.5000000000002 1828.0000000000002 37 270.00000000000006
decision_type=9 9 9 2 9 2 9 9 9 9 2 2 2 2 2 2 2 2 1 2 1 1 2 2 2 9 2 1 9 9 1 2 2 1 2 2 1 2 2 9 2 9 2 2 2 1 1 1 2 2 2 2 1 1 9 2 2 2 2 1 2 2 2 2 2 2 2 2 2 2 2 2 2 2 2 2 2 2 2 2 2 2 2 2 1 2 2 2 2 2 2 2 2 1 2 2 1 2 2 2 2 2 2 1 9 2 1 2 1 2 2 9 2 1 2 2 2 2 2 2 2 2 1 2 2 9 2
left_child=3 22 5 4 47 7 45 10 15 19 11 -3 -12 -9 18 20 46 21 50 -5 49 -11 35 -24 25 26 -4 28 -26 32 -30 -6 -29 125 -27 36 41 38 -38 40 -39 -2 -43 126 -23 -7 -17 -1 -44 -8 -15 53 -53 121 81 56 58 -58 61 -28 -41 -22 -51 -31 66 67 -64 74 69 -69 -71 -72 -70 77 -66 76 -62 -74 -79 -80 -81 82 83 -55 -83 89 90 88 99 -18 91 92 93 -87 95 -95 -92 -98 -89 -88 101 105 108 104 -104 122 109 -105 -103 -107 115 -108 113 116 -115 -110 117 -102 -119 -120 -121 -16 -10 -124 -125 -13 -42
right_child=1 2 24 9 31 6 8 13 100 17 12 33 -14 14 51 16 85 -19 -20 -21 55 44 23 -25 27 34 59 29 30 63 -32 -33 -34 -35 -36 -37 37 39 -40 60 43 42 48 -45 -46 -47 -48 -49 -50 62 -52 52 -54 54 -56 -57 57 -59 -60 -61 75 -63 64 -65 65 -67 -68 68 72 70 71 -73 73 -75 -76 -77 -78 78 79 80 -82 84 -84 -85 -86 86 87 98 -90 -91 96 -93 -94 94 -96 -97 97 -99 -100 -101 112 102 103 107 -106 106 111 -109 110 -111 -112 -113 -114 114 -116 -117 -118 118 119 120 -122 -123 123 124 -126 -127 -128
leaf_value=0.022012058557401151 0.00060797803437041701 -0.020858350095593118 -0.018899122019298376 0.023277702230633066 0.032670137135879899 -0.0046825061414509693 -0.011880331646321034 -0.011023985277591528 0.00026352012427188119 0.022329915501266864 -0.033796211296938501 -0.007731868662303432 -0.010139335583274563 0.0064750548921258576 -0.0073208330954198696 -0.0079782440289249256 -0.0082594837083565624 0.013751012330403881 0.00049285845342190494 0.014069107198831865 -0.00081384492995325523 0.020428989848757434 -0.0043985748582830034 -0.033593395794741812 0.0041738939336960872 0.01654430952664741 0.0047884658007725234 0.0082448558843359089 0.0022555997341482817 0.0044939920907933186 -0.015280424965541132 0.020585754014619484 0.025422463660467076 -0.0072027896274460511 -0.0013171602332432027 -0.0015479967043796016 -0.035082750317631563 -0.0092180148921027476 -0.012086348612730495 0.0026867045246294183 -0.0083062447144495767 -0.01815360993007949 -0.0089546773061907458 -0.022236332478082238 0.010744202802215736 0.0066680994412693373 0.0021239427479428684 0.011496994641389133 0.0014424171744381023 -0.0012383117632352994 0.0026490579400176794 0.00243048844877175 -0.0059318436576660969 -0.0035641628907113888 0.0072177849217938796 -0.0021447843220619763 -0.018095596766016409 -0.0046623016618356954 0.0058763386860111629 -0.0050342129850162714 -0.0073555621935261625 -0.0078641218232031497 0.00015163588995906638 0.013517081626031522 -0.0058964512634263368 -0.016855340948344764 -0.010348540234773123 -0.024113524331199593 -0.014955104301963418 -0.0043476456601198293 -0.0053571485702184375 -0.030273814148032197 -0.010756632547079705 -0.0098232577469662529 0.0019077267048445035 -0.0015682051552669387 -0.019972280981852206 -0.0010655201530349969 -0.0014664328637249444 -0.0046930882544440082 -0.017298451587459317 0.00870426740347339 -0.00044380032609953014 -0.010116395157023015 -0.0037165909916872068 -0.017279056266933265 0.002470204526325688 0.001859892221018672 -0.013616423334829411 0.0021028417101767553 -0.0080591943027547835 -0.015540679602841875 0.0046166637240280519 -0.00047871836906851527 0.0016982740373032606 -0.017940541968868195 -0.020277933603605663 -0.0098256653071096007 -0.0084520577004433082 -0.008871831084950146 -0.0082029467610785761 0.0066717142746570077 0.0048290691918540058 -0.0085565955097707397 -0.010111622251023021 0.00038237884872022176 0.00094851102202017385 -0.001647360898680635 0.012681139233812203 -0.0066362218634115865 -0.0015961786612034411 0.0096420052990771853 -0.010473294077931855 0.0052097390412877021 -0.0039807531549664208 -0.000445179912743957 0.00093545366772472983 0.00012875348105404548 -0.0081593240574184371 -0.0096079821686565134 0.0026520425254862832 0.0015698681742396981 -0.012268057181949907 -0.00022957423303974545 -0.0073754038449257682 0.00092742921136518264 -0.018213367199757378
leaf_weight=396 387 341 200 2661 1605 225 511 494 545 1420 212 304 360 2451 251 359 563 7172 7631 586 741 480 225 238 2337 216 363 272 235 3485 413 302 220 1842 202 428 206 1145 299 211 441 372 2117 613 823 2790 878 858 266 1438 4956 951 2246 1864 288 12250 292 407 229 598 450 999 1518 274 746 341 485 238 223 1455 287 255 344 765 770 293 218 2704 575 381 331 288 2010 796 242 350 320 625 682 444 842 467 406 327 366 368 645 356 301 342 857 1074 1116 783 207 775 1392 1306 244 1020 1079 324 334 344 9355 224 2487 3054 716 217 563 5697 476 702 1335 1242 337
leaf_count=396 387 341 200 2661 1605 225 511 494 545 1420 212 304 360 2451 251 359 563 7172 7631 586 741 480 225 238 2337 216 363 272 235 3485 413 302 220 1842 202 428 206 1145 299 211 441 372 2117 613 823 2790 878 858 266 1438 4956 951 2246 1864 288 12250 292 407 229 598 450 999 1518 274 746 341 485 238 223 1455 287 255 344 765 770 293 218 2704 575 381 331 288 2010 796 242 350 320 625 682 444 842 467 406 327 366 368 645 356 301 342 857 1074 1116 783 207 775 1392 1306 244 1020 1079 324 334 344 9355 224 2487 3054 716 217 563 5697 476 702 1335 1242 337
internal_value=2.55309e-05 -0.002405 -0.00181354 0.0182037 0.0245393 -0.00224543 -0.00304688 -0.00060742 -0.00344303 0.0166937 -0.00754671 -0.00582433 -0.0189073 0.000384376 0.000574446 -0.00454482 -0.00681291 0.0150633 0.00217882 0.0215494 -0.00385353 0.0185752 -0.0105519 -0.0194058 0.00332452 -0.00110641 -0.00431642 0.00429601 0.00129721 0.00638366 -0.00898328 0.030596 0.0156087 -0.00431117 0.00772781 -0.0100387 -0.0105328 -0.0124044 -0.0214671 -0.0112036 -0.013349 -0.00795848 -0.00915968 -0.0168453 0.0142029 0.00580836 -0.000855223 0.0149654 -0.00779411 -0.00511537 0.00390981 -0.00107433 -0.00345528 -0.000408717 -0.00214262 -0.00271763 -0.00535799 -0.0102739 -0.00361282 -0.00132643 -0.00639302 -0.00486168 -0.00485046 0.00513803 -0.00530538 -0.00592543 -0.00239084 -0.00551469 -0.00623319 -0.00954012 -0.00780328 -0.0170799 -0.00484469 -0.00440261 -0.00193259 -0.00845312 -0.011473 -0.00344602 -0.00281589 -0.00649344 -0.0105532 -0.0026739 -0.00333796 -0.00552491 0.00312696 -0.00780828 -0.00845647 -0.00568799 -0.00857894 -0.00369059 -0.00997924 -0.00776737 -0.0057695 -0.00875801 -0.00573024 -0.00972469 -0.0127204 -0.0163968 -0.00149205 -0.00338928 -0.00210932 -0.0011686 0.00048009 -0.0016436 0.00243309 -0.00268276 -0.000547525 -0.0042169 0.00324469 -0.00358593 0.000817085 0.00263629 -0.0027718 -0.00262559 -0.00365102 0.00639846 -0.00135933 -0.00241735 -0.00132763 -0.00430074 -0.000758759 0.00119268 -0.00513429 -0.00628098 -0.00491278 -0.000814052 -0.0125976
internal_weight=138300 121997 113751 16303 3161 104936 70470 34466 67455 13142 4301 3729 572 30165 29671 36926 8641 9895 15038 3247 28285 2723 8246 463 8815 1579 1161 7236 2985 4251 648 1907 492 3388 418 7783 7355 4213 505 3708 2536 3142 2755 1391 1303 3015 1237 1254 2383 13367 7407 14633 3197 11436 5488 14918 2668 699 1969 961 1172 1740 12856 3759 11418 9415 2003 9074 7558 2235 1997 542 5323 5100 1516 961 668 4335 3991 1287 712 5200 4670 2660 530 7404 6397 2270 1344 1007 4127 2284 1817 1411 1061 695 1843 1001 926 662 30529 12602 6033 3412 1323 6569 3511 2089 2621 1795 1547 1716 17927 17593 9699 468 7894 5407 4550 1496 780 5948 3058 2513 2037 1546 778
internal_count=138300 121997 113751 16303 3161 104936 70470 34466 67455 13142 4301 3729 572 30165 29671 36926 8641 9895 15038 3247 28285 2723 8246 463 8815 1579 1161 7236 2985 4251 648 1907 492 3388 418 7783 7355 4213 505 3708 2536 3142 2755 1391 1303 3015 1237 1254 2383 13367 7407 14633 3197 11436 5488 14918 2668 699 1969 961 1172 1740 12856 3759 11418 9415 2003 9074 7558 2235 1997 542 5323 5100 1516 961 668 4335 3991 1287 712 5200 4670 2660 530 7404 6397 2270 1344 1007 4127 2284 1817 1411 1061 695 1843 1001 926 662 30529 12602 6033 3412 1323 6569 3511 2089 2621 1795 1547 1716 17927 17593 9699 468 7894 5407 4550 1496 780 5948 3058 2513 2037 1546 778
cat_boundaries=0 3 6 9 12 13 16 19 20 21 22 23 24 25 27 29 30 31 32 34 37 38 39 40 41 42 43 44 45 46 47 48 51 52 53 56 57 58 59
cat_threshold=268494848 3776 11 65142784 100999168 8929280 134217985 138412056 1083056 0 3072 1 1 1 4194304 1081984 134217728 4194304 33296 67895296 629 2195 625 21 852 262146 2684370944 570753536 4 20 2637 920 2228224 65536 33554432 262144 8912896 256 64 1029 2132 1833 537001984 1320 84 2 72 2433 0 0 32 19 581 0 0 32 1547 2052 268435456
is_linear=0
shrinkage=0.05


Tree=25
num_leaves=128
num_cat=58
split_feature=2 2 2 6 2 2 6 0 10 0 6 6 10 1 3 4 6 2 4 2 4 10 4 10 7 9 4 10 3 7 4 0 4 3 10 10 4 4 10 6 10 10 7 3 2 4 7 6 4 3 7 7 6 6 6 6 6 10 4 0 4 4 4 4 7 6 10 7 9 3 2 4 7 7 3 10 4 7 7 6 2 6 4 4 6 4 6 2 7 3 7 9 10 9 7 7 3 1 7 3 10 6 10 7 7 4 4 7 3 4 3 4 7 7 7 10 4 7 7 6 3 7 7 7 4 4 7
split_gain=2154.9 212.71 92.8335 61.585 78.0611 52.9044 64.2395 40.5611 30.3683 65.5764 86.28 51.2662 28.1576 27.5797 27.4995 22.5944 21.7099 19.7601 17.7551 17.4356 100.113 17.3761 17.1 15.5299 15.5925 28.3605 18.3762 18.9042 17.2112 18.2854 15.1799 15.0739 16.6561 14.7807 15.3266 16.2986 14.7511 14.4199 14.0906 13.7496 13.6659 12.5616 11.7617 13.908 12.0457 11.6348 12.5515 13.0491 11.3671 14.1655 12.211 11.2847 12.4179 11.1199 13.6647 13.333 11.0759 10.6339 10.4871 10.0574 9.79619 9.53434 9.36329 9.21557 9.1101 8.97722 15.1604 14.1981 8.8715 8.72192 8.53276 8.47892 10.7241 9.93019 8.24175 8.24113 8.22908 8.2234 15.1894 7.98335 17.771 9.98126 13.1885 10.3884 9.61411 15.311 8.61944 7.87775 7.86975 7.84703 7.83043 13.2668 22.0988 12.2429 17.0992 16.1588 10.069 11.404 9.57211 8.9001 8.59808 8.38805 7.72883 7.49862 7.39991 7.33617 7.15987 10.2675 7.13241 7.12383 7.01 10.7903 8.35295 7.80655 26.2881 12.7855 9.27955 21.5111 17.2836 7.5823 11.2055 7.19126 6.89004 10.8197 9.22755 7.9278 6.85466
threshold=0 1 2 2016.5000000000002 3 4 2016.5000000000002 5 161.50000000000003 6 2018.5000000000002 2016.5000000000002 163.50000000000003 7 8 9 2016.5000000000002 10 11 12 13 307.00000000000006 14 1696.5000000000002 26.500000000000004 1896.5000000000002 15 1611.0000000000002 16 29.500000000000004 17 18 19 20 259.50000000000006 299.50000000000006 21 22 1514.0000000000002 2018.5000000000002 179.00000000000003 1982.0000000000002 2.5000000000000004 23 24 25 21.500000000000004 2020.5000000000002 26 27 9.5000000000000018 27.500000000000004 2018.5000000000002 2017.5000000000002 2019.5000000000002 2018.5000000000002 2016.5000000000002 1514.0000000000002 28 29 30 31 32 33 27.500000000000004 2018.5000000000002 68.500000000000014 22.500000000000004 2231.5000000000005 34 35 36 8.5000000000000018 21.500000000000004 37 185.00000000000003 38 9.5000000000000018 19.500000000000004 2018.5000000000002 39 2020.5000000000002 40 41 2020.5000000000002 42 2019.5000000000002 43 22.500000000000004 44 13.500000000000002 1998.5000000000002 1431.0000000000002 2060.5000000000005 8.5000000000000018 12.500000000000002 45 46 3.5000000000000004 47 1630.0000000000002 2018.5000000000002 121.50000000000001 13.500000000000002 28.500000000000004 48 49 21.500000000000004 50 51 52 53 8.5000000000000018 20.500000000000004 19.500000000000004 1886.0000000000002 54 8.5000000000000018 15.500000000000002 2020.5000000000002 55 6.5000000000000009 25.500000000000004 19.500000000000004 56 57 22.500000000000004
decision_type=9 9 9 2 9 9 2 9 2 9 2 2 2 9 9 1 2 9 1 9 1 2 1 2 2 2 1 2 9 2 1 9 1 9 2 2 1 1 2 2 2 2 2 9 9 1 2 2 1 9 2 2 2 2 2 2 2 2 1 9 1 1 1 1 2 2 2 2 2 9 9 1 2 2 9 2 1 2 2 2 9 2 1 1 2 1 2 9 2 9 2 2 2 2 2 2 9 9 2 9 2 2 2 2 2 1 1 2 9 1 9 1 2 2 2 2 1 2 2 2 9 2 2 2 1 1 2
left_child=3 19 16 4 62 6 13 22 15 11 14 60 -8 70 -11 65 31 36 57 20 -2 -16 75 24 30 -26 28 -28 29 37 87 109 -33 45 -35 -36 -9 -27 -30 77 -12 -6 61 44 -44 46 47 -13 49 71 -50 52 -47 -20 55 -55 102 -19 64 -58 -10 -32 -1 -51 -37 66 -7 74 69 -41 -4 73 -73 -15 -68 -5 -61 -25 -79 108 81 82 89 -83 85 126 -84 -14 -46 -81 91 92 -89 94 98 -95 97 100 99 -93 -92 -98 -17 -86 -24 -54 -57 -108 -21 -3 111 -70 -113 114 116 119 117 121 -119 -115 -121 -112 123 124 -56 -125 -82
right_child=1 2 5 7 41 8 12 17 9 10 40 33 23 48 21 56 -18 18 53 79 -22 -23 104 39 25 26 27 -29 38 -31 42 32 -34 34 35 58 -38 -39 -40 68 -42 -43 43 -45 88 51 -48 -49 50 63 -52 -53 105 54 122 106 59 -59 -60 76 -62 -63 -64 -65 -66 -67 67 -69 110 -71 -72 72 -74 -75 -76 -77 -78 78 -80 80 84 83 86 -85 103 -87 -88 90 -90 -91 96 93 -94 95 -96 -97 101 -99 -100 -101 -102 -103 -104 -105 -106 -107 107 -109 -110 -111 113 112 -114 115 -116 -117 -118 118 -120 120 -122 -123 -124 125 -126 -127 -128
leaf_value=0.02182795500905629 -0.033542692742104495 -0.014689933851984822 -0.0044767242206418352 0.018001866439252796 0.031838431417198103 0.0059670353185158802 -0.021225985133964006 0.018399926669193073 0.0068190564395426284 -0.0085440125958012435 -0.0051857938696345208 0.0039356935040514808 0.00377623961151888 0.0073329086826247405 -0.016363817169873351 0.0058664191616190561 0.0054700885508407798 0.01192143758611254 0.017069398986366616 -0.0045510705924003405 0.0045990007152640891 -0.033253946958337818 0.024053874407547422 -0.0068367957715610318 0.002182043595878539 -0.029245177275990533 -0.0057466065909709957 0.0072462543381790635 0.0045212424672827446 -0.0064637050475807077 0.0069638945357326613 -0.0066054610273966648 0.011588151879709963 -0.012249342057139172 0.0085369150796517114 -0.0010808285334755392 0.006641676016097213 -0.01376386961107349 -0.0095542474045973037 0.0046666671267831085 0.010184051302491184 0.021735498532971721 0.001711683800976113 -0.0033093756956420863 -0.0061604763843208675 0.0018170625049630466 -0.0019541732972978522 0.016048535957400287 0.0039458899979082579 0.010271922802059588 -0.0019350865397829735 0.0064417260725123581 -0.0090242099508076254 0.013335301967632891 0.023695784559100867 0.0091187237287620095 0.0091254715295872296 0.020478065491405777 -0.0027435027668270308 0.0074361241818734969 0.0021614339520733866 -0.0018341922275802664 0.010845048495755051 0.0028232049945282425 0.0048974999202666646 0.0027687767916675355 0.0024697343613262293 -0.015877821966384847 0.0039833722576277236 -0.005615527732172978 -0.015241348896366122 -0.0074986834014561903 0.0012744824152530847 -0.0023032330215709859 -0.0089308463727517644 0.0081153725413878695 -0.0046569152780134111 0.0048064516602741589 -0.0048263227837176039 -0.0030142779353054916 -0.01869343361981254 -0.015525452936287907 -0.024632939632394751 -0.0045536904061995653 0.0047336409558833342 -0.0040984198805151962 -0.015188603475525593 7.1628209453348707e-05 -0.011541171170869065 -0.014285895339279681 0.0010872192542633996 0.009750941290484004 -0.01894017216380663 -0.0030175404561637387 0.007056364115671611 -0.015218782245168958 -0.006444292265094239 -0.0082056571827331982 -0.0065272514574143837 -0.0035410908556553311 0.0092979766423253122 -0.00047332203503789943 -0.0074367825347135255 -0.0065587194080409771 0.014226457681111498 -0.0024465348822745353 -0.0043924590642251474 0.010187799271581503 -0.0093963476809221912 -0.0031137318558190482 -0.0066514795824409809 0.0018968537403502275 -0.0098850298736865069 -0.001031278778878161 -0.025379006910077259 0.00064317812778665409 -0.01061892378424973 0.0093133622499634375 -0.006982169349640144 -0.002168494274839759 -0.015808453802349891 -0.018156745591207998 0.022144134269416652 0.013825320263074254 0.012878944775731958 0.001146517835219302 -0.0076233856514960098
leaf_weight=275 406 223 716 552 1501 302 231 332 1498 379 245 987 659 823 249 201 5186 451 1532 1383 296 392 1986 700 1012 226 3178 307 286 544 410 209 291 372 360 5604 1480 697 470 307 353 387 414 16631 3282 1431 632 287 1201 893 3330 463 565 1397 365 853 1750 1863 19694 264 4645 1145 1025 817 719 920 351 300 317 587 254 493 1187 396 276 341 280 762 884 272 431 381 471 547 259 726 496 287 857 418 2983 222 327 3143 712 297 1037 291 694 269 357 1359 239 340 212 1722 298 203 1902 353 282 201 598 232 246 564 1841 330 321 240 469 262 318 263 699 242 207
leaf_count=275 406 223 716 552 1501 302 231 332 1498 379 245 987 659 823 249 201 5186 451 1532 1383 296 392 1986 700 1012 226 3178 307 286 544 410 209 291 372 360 5604 1480 697 470 307 353 387 414 16631 3282 1431 632 287 1201 893 3330 463 565 1397 365 853 1750 1863 19694 264 4645 1145 1025 817 719 920 351 300 317 587 254 493 1187 396 276 341 280 762 884 272 431 381 471 547 259 726 496 287 857 418 2983 222 327 3143 712 297 1037 291 694 269 357 1359 239 340 212 1722 298 203 1902 353 282 201 598 232 246 564 1841 330 321 240 469 262 318 263 699 242 207
internal_value=-6.34552e-05 -0.00236462 -0.0017908 0.0168456 0.0231012 -0.00213702 -0.00309229 0.0153685 -0.000843198 -0.00129147 -0.0111237 -0.000880265 -0.00380852 0.000550995 -0.0200331 0.00288202 0.00412249 0.0138023 0.0148408 -0.0099724 -0.0176214 -0.0262829 0.0204745 -0.00373 -0.00332432 -0.00553221 -0.00689991 -0.00458887 -0.0104553 -0.013642 -0.00290491 -0.0023342 0.00400282 -0.0016648 -0.00217038 -0.00202905 0.00888522 -0.0180205 -0.00417418 -0.0055978 0.00388704 0.0296107 -0.00367703 -0.00398674 -0.00643956 0.000559593 0.00378675 0.00666441 0.00140376 0.00314986 -0.000375429 -0.000917104 -0.00183596 0.0133545 0.0121561 0.00990841 0.00588542 0.0187294 -0.00217526 0.00730071 0.00331184 0.000518549 0.0133172 0.0067502 -0.000400389 -0.000961869 -0.00376237 -0.00693203 -0.00673693 -0.00209523 -0.00742226 0.00101027 -0.00129233 0.00416835 -0.00265175 0.0140691 0.00124006 -0.0022974 -0.000366922 -0.00926529 -0.0106337 -0.0133745 -0.0157514 -0.00927463 -0.00692108 -0.00927518 -0.0195861 -0.00151147 -0.00725704 -0.00994913 -0.00180529 -0.00309335 -0.0100535 -0.00229261 0.000932247 -0.00407096 -0.000536474 0.00112405 -0.00274739 0.00259522 0.00195897 -0.00304488 -0.00135964 -0.00167605 0.0230014 -0.0041217 0.00637269 0.00148566 -0.00739892 -0.00776969 -0.00743991 -0.00375437 -0.00683558 -0.008274 -0.0096586 -0.00530955 -0.00838481 -0.00481382 0.00127824 -0.0088774 -0.0114448 -0.0121926 0.015433 0.0140729 0.0169334 0.00804601 -0.0148687
internal_weight=138432 121857 113322 16575 3188 107060 61580 13387 45480 40597 1618 38979 51470 10110 1020 4883 6262 10296 8484 8535 702 641 3091 51239 42096 6720 5708 3485 2223 1467 35376 1076 500 32836 26749 26377 1812 923 756 9143 598 1888 22739 21184 4553 6087 1906 1274 9140 4609 4531 4181 3718 6170 4638 2751 2734 2314 26017 2294 6143 1555 1300 1710 6323 2149 1229 927 6797 894 970 2899 1680 1219 627 893 544 2346 1646 7833 4548 2585 1657 928 1963 1364 967 12637 4139 690 11978 5951 614 5337 1897 3440 6027 3631 1185 491 3340 2396 440 599 2198 2287 1354 501 3285 576 5903 1116 799 4787 3282 1505 3036 1195 651 941 709 544 1887 1569 1064 505 638
internal_count=138432 121857 113322 16575 3188 107060 61580 13387 45480 40597 1618 38979 51470 10110 1020 4883 6262 10296 8484 8535 702 641 3091 51239 42096 6720 5708 3485 2223 1467 35376 1076 500 32836 26749 26377 1812 923 756 9143 598 1888 22739 21184 4553 6087 1906 1274 9140 4609 4531 4181 3718 6170 4638 2751 2734 2314 26017 2294 6143 1555 1300 1710 6323 2149 1229 927 6797 894 970 2899 1680 1219 627 893 544 2346 1646 7833 4548 2585 1657 928 1963 1364 967 12637 4139 690 11978 5951 614 5337 1897 3440 6027 3631 1185 491 3340 2396 440 599 2198 2287 1354 501 3285 576 5903 1116 799 4787 3282 1505 3036 1195 651 941 709 544 1887 1569 1064 505 638
cat_boundaries=0 3 6 9 12 15 16 17 18 19 20 23 24 27 28 29 30 31 32 33 34 35 36 37 38 41 42 43 44 45 46 47 48 49 50 51 53 54 55 56 58 59 60 61 62 63 64 65 66 67 68 69 70 71 72 73 74 75 76
cat_threshold=268494848 2147487424 4194315 48365568 100999168 9977856 2147484678 16640 8192 0 2147486720 1 150995200 4194320 33424 64 136 270565376 12 2480 268492800 2147483648 4194305 1568 2097152 8192 8912896 1549 76 1185 14 1640 17 2633 80 2049 1 66 0 16 640 2570 1621 7 268 1 21 2050 5 1092 17 134217728 4194304 529 14 1602 4194304 65536 271 23 3040 256 18 22 805437440 19 160 218 12 225 2 64 162 4 9 2438
is_linear=0
shrinkage=0.05


Tree=26
num_leaves=128
num_cat=43
split_feature=2 2 2 6 2 2 6 0 10 0 6 6 10 8 8 1 4 6 8 2 4 2 4 10 7 10 4 10 10 3 8 4 0 4 4 8 10 10 3 10 2 5 8 7 3 2 4 7 4 3 8 7 8 8 7 6 6 6 8 6 4 7 4 10 8 0 8 6 7 10 4 4 8 3 7 8 8 7 8 8 8 3 7 7 7 8 8 8 8 8 7 6 3 7 8 10 7 8 4 10 2 2 10 3 7 7 2 4 8 10 7 7 10 10 7 10 10 6 6 7 8 2 7 7 8 3 7
split_gain=1945.72 192.195 83.7637 55.6095 70.3287 47.7675 57.9842 36.5554 27.4174 59.2138 77.8964 46.2863 25.4103 25.3849 26.2214 24.9547 20.4145 19.6247 17.9027 17.8103 15.9893 15.8046 90.5912 14.0281 14.1092 21.6929 25.9983 16.3975 14.4239 13.9505 13.773 13.6998 13.653 15.0921 13.3733 12.9193 12.455 12.3335 12.1864 15.9863 23.2591 17.8134 11.2452 10.6233 12.5495 10.8765 10.4577 10.2876 10.2675 12.8022 15.5227 11.1006 10.2045 11.349 24.4322 10.0076 12.3888 12.0208 11.444 10.0023 9.66661 10.0256 10.4707 9.59707 9.39895 9.07677 9.01896 8.97882 8.85189 8.77524 10.4325 8.62344 8.48144 11.7039 16.4966 11.2081 28.9496 11.7361 15.8902 11.6609 9.95405 13.2499 9.29363 12.2671 8.53569 13.5864 8.29014 25.4651 14.5847 12.8485 8.16007 8.10881 13.744 10.1912 11.2974 9.93041 8.00321 8.00074 7.99044 16.1796 14.2418 8.35355 7.93617 20.7114 9.60026 7.82154 7.74057 7.45469 7.43828 7.35312 13.3675 7.30357 9.94347 9.16913 7.25989 12.5954 16.8678 9.37884 8.99755 7.1714 11.2681 7.11749 7.05997 10.5349 13.0694 9.32614 11.0425
threshold=0 1 2 2016.5000000000002 3 4 2016.5000000000002 5 161.50000000000003 6 2018.5000000000002 2016.5000000000002 163.50000000000003 28.500000000000004 346.50000000000006 7 8 2016.5000000000002 306.50000000000006 9 10 11 12 1696.5000000000002 26.500000000000004 1431.0000000000002 13 1611.0000000000002 1207.0000000000002 14 308.50000000000006 15 16 17 18 355.50000000000006 1736.5000000000002 179.00000000000003 19 267.50000000000006 20 21 214.50000000000003 2.5000000000000004 22 23 24 5.5000000000000009 25 26 49.500000000000007 6.5000000000000009 141.50000000000003 117.50000000000001 16.500000000000004 2017.5000000000002 2019.5000000000002 2018.5000000000002 348.50000000000006 2016.5000000000002 27 27.500000000000004 28 1514.0000000000002 76.500000000000014 29 12.500000000000002 2018.5000000000002 15.500000000000002 97.500000000000014 30 31 342.50000000000006 32 19.500000000000004 293.50000000000006 291.50000000000006 8.5000000000000018 279.50000000000006 115.50000000000001 72.500000000000014 33 19.500000000000004 10.500000000000002 17.500000000000004 206.50000000000003 207.50000000000003 187.50000000000003 326.50000000000006 47.500000000000007 24.500000000000004 2018.5000000000002 34 16.500000000000004 122.50000000000001 97.500000000000014 5.5000000000000009 294.50000000000006 35 259.50000000000006 36 37 1519.5000000000002 38 28.500000000000004 28.500000000000004 39 40 139.50000000000003 1555.5000000000002 9.5000000000000018 28.500000000000004 1555.5000000000002 1583.5000000000002 11.500000000000002 1587.5000000000002 1555.5000000000002 2020.5000000000002 2018.5000000000002 14.500000000000002 85.500000000000014 41 13.500000000000002 12.500000000000002 344.50000000000006 42 20.500000000000004
decision_type=9 9 9 2 9 9 2 9 2 9 2 2 2 2 2 9 1 2 2 9 1 9 1 2 2 2 1 2 2 9 2 1 9 1 1 2 2 2 9 2 9 1 2 2 9 9 1 2 1 9 2 2 2 2 2 2 2 2 2 2 1 2 1 2 2 9 2 2 2 2 1 1 2 9 2 2 2 2 2 2 2 9 2 2 2 2 2 2 2 2 2 2 9 2 2 2 2 2 1 2 9 9 2 9 2 2 9 1 2 2 2 2 2 2 2 2 2 2 2 2 2 9 2 2 2 9 2
left_child=3 21 17 4 69 6 15 18 16 11 13 64 -8 -11 -15 106 91 32 -5 34 63 22 42 24 31 28 29 111 46 -27 38 121 -3 -34 -9 -6 52 -12 60 41 -41 -40 -2 71 45 -45 -26 -32 49 86 -51 -50 53 68 -55 58 57 -57 -22 -18 90 62 -62 -21 -10 -61 -23 -64 -25 108 -71 -33 75 -74 -75 76 77 78 -38 80 82 119 83 -79 -81 -86 87 89 -88 -17 109 92 -7 94 -94 -95 -69 -66 -68 101 -101 -100 105 -104 -105 -31 -4 -67 -1 -13 -111 113 -113 -28 115 116 118 -116 -47 -82 -121 -14 123 124 -123 126 -124
right_child=1 2 5 7 35 8 12 19 9 10 37 30 23 14 -16 48 59 -19 -20 20 55 66 -24 36 25 26 27 -29 -30 102 47 43 33 -35 -36 -37 72 -39 39 40 -42 -43 -44 44 -46 114 -48 -49 51 50 -52 -53 -54 54 -56 56 -58 -59 -60 65 61 -63 67 -65 97 107 98 96 -70 70 -72 -73 73 74 -76 -77 -78 79 -80 84 81 -83 -84 -85 85 -87 88 -89 -90 -91 -92 -93 93 95 -96 -97 -98 -99 99 100 -102 -103 103 104 -106 -107 -108 -109 -110 110 -112 112 -114 -115 117 -117 -118 -119 -120 120 -122 122 125 -125 -126 -127 -128
leaf_value=0.015263636328687716 -0.024452034085534695 -0.0073963977493434743 -0.0042559711778825957 0.021336679376542121 0.030066194201030523 -0.011939658984764775 -0.020164685720553646 0.017506831099125368 0.0073462295358932526 -0.034253666463687465 -0.0049265037779636887 0.010018845606186193 0.0035902498656068061 -0.0060069858731376241 -0.024067122248661282 0.005648587899580431 -0.0012916561342056164 0.0051965841978517295 0.011570875377328082 0.011325365829804798 0.018259576822350437 0.00078831187877725451 0.0043765652112151476 -0.011165839513685083 -0.010722105758250451 -0.019854118197526346 -0.0046851411830974819 0.0068839415619665516 0.0041415593882033067 0.0016857417157408871 0.0076400143740650659 0.0066239900528896785 -0.0062902694925257609 0.011027993527693562 0.0063118208438517828 0.018706235460159353 -0.0052860721706728042 0.0096748487939616202 -0.001376345230696293 -0.0025214425817352793 0.010904302511210894 -0.022227869275036852 -0.041095407021727731 0.001628118191688115 -0.0031440063246516584 -0.0094236560064580362 -0.00086934233337901976 9.3748350453646379e-05 0.005817984993661646 -0.0012951574471495204 0.0093825919588533969 -0.0013492467980779381 -0.00012265834108220728 -0.0058057919750267289 -0.024616552893282243 0.012668536831731473 0.014675053432390093 0.0060574275731216385 0.0070779055404377039 0.0086717904250492046 -0.0084309852817370749 0.0061987350732980988 0.0027940651155892488 0.019454162057151225 0.0010783331085421198 0.0070778874202842151 -0.0075886325685376654 0.0037852530920140532 2.4558557505836551e-05 0.021299634028020577 0.008744345013094082 -0.00174327671132756 -0.015372281341023586 -0.0099868137615283029 0.0017717974560995738 0.0023861432668445173 -0.022824105175609209 -0.0048573027000105885 -0.020443940143333748 0.0092483528527303686 -0.017644511038751001 0.00028684209020276604 -0.0060594412632825152 0.010282019907668671 0.0056623915997386191 -0.010697244520478405 -0.0044211857506461704 0.015894505992531779 0.0089473283602911763 -0.0045861937311363838 -0.0027715729633111469 0.0026303378272416961 -0.0029979798253625635 0.0030182782461324591 0.013568331642550821 -0.0115495784499866 -0.0047004207348540893 0.0056585247357059153 -0.0020100129961199988 -0.0048695885464869323 -0.018902162809772565 -0.010005959130051763 -0.0011158548604133865 -0.02337544129258759 -0.010224396632546481 -0.0096946662108578531 -0.014508147459745295 -0.0044320986756316285 0.0029831782101615565 -0.0083496900001431215 0.0078670693445192143 -0.0064521903877171804 0.0024265105512884903 -0.013602549128724765 -0.0066984574534992977 0.0064639939209867898 -0.01687811098219005 -0.013394778082079657 0.0017875277351107829 -0.011327668131304326 0.00017174016437352155 -0.002796516727805772 0.0050966440418733685 -0.0098317594967297552 0.0096986940065041036 -0.0021282662958806023 -0.0016402550264667415
leaf_weight=201 205 576 716 2514 1591 341 231 332 1095 216 245 535 659 406 398 572 440 5186 577 451 1252 237 296 426 416 415 743 307 831 259 504 410 209 291 1480 297 1276 353 211 22045 318 205 201 414 16631 285 753 4347 627 469 1241 3904 261 336 355 1397 1887 1354 280 1750 532 412 1062 1863 3772 264 4230 346 302 434 346 1145 372 735 502 698 204 217 200 336 202 582 332 349 314 213 1090 325 251 661 367 920 200 207 212 269 1411 1276 422 259 870 1815 291 341 234 362 254 280 319 204 337 756 541 471 2169 243 272 689 481 601 330 5226 1274 507 218 3589 1164
leaf_count=201 205 576 716 2514 1591 341 231 332 1095 216 245 535 659 406 398 572 440 5186 577 451 1252 237 296 426 416 415 743 307 831 259 504 410 209 291 1480 297 1276 353 211 22045 318 205 201 414 16631 285 753 4347 627 469 1241 3904 261 336 355 1397 1887 1354 280 1750 532 412 1062 1863 3772 264 4230 346 302 434 346 1145 372 735 502 698 204 217 200 336 202 582 332 349 314 213 1090 325 251 661 367 920 200 207 212 269 1411 1276 422 259 870 1815 291 341 234 362 254 280 319 204 337 756 541 471 2169 243 272 689 481 601 330 5226 1274 507 218 3589 1164
internal_value=-6.04884e-05 -0.00224711 -0.00170166 0.0160069 0.0219513 -0.00203054 -0.00293824 0.0146033 -0.000801129 -0.00122707 -0.0105701 -0.000836319 -0.00361871 -0.0190356 -0.0149472 0.000523118 0.00273848 0.00391535 0.0194508 0.0131164 0.0141023 -0.00947871 -0.0167607 -0.00354412 -0.00315855 -0.0052588 -0.00710802 -0.00400976 -0.000894645 -0.0116162 -0.00158177 -0.00275959 -0.00222345 0.00380756 0.00844783 0.0281302 -0.0053193 0.00369269 -0.00200812 -0.00250634 -0.00232678 -0.0122191 -0.0319059 -0.0034931 -0.00378744 -0.00611739 -0.0044747 0.000877776 0.00133428 0.00299378 0.00641649 -0.000356658 -0.00920885 -0.0108801 -0.0154698 0.0126916 0.0115549 0.00941465 0.0162159 0.00559331 0.000176336 -0.0011585 -0.00206652 0.017793 0.00314698 0.00693827 -0.00880556 -0.000832555 -0.00652367 0.0126639 0.0161154 0.000494271 -0.00444373 -0.00765884 -0.00517311 -0.00356004 -0.00436501 -0.00360458 -0.00733998 -0.00201843 -0.00368273 -0.00591582 0.000582022 0.00447772 0.00302077 -0.000949757 0.000959752 0.00344367 -0.00191895 0.000161815 0.00364128 -0.000915272 -0.00357688 -0.000228466 0.00552643 -0.0052144 -0.00302937 0.00223608 -0.00911649 -0.0109813 -0.0158936 -0.00855127 -0.00919991 -0.012355 -0.0177154 -0.00494825 -0.00706121 0.00118056 0.00773005 0.00586241 0.00175206 -0.00535762 -0.00274874 -0.00814486 -0.00689419 -0.00378301 -0.00618188 -0.00831279 -0.00238374 -0.00902489 -0.00725162 -0.00143582 -0.00171511 -0.00293816 -0.00229616 -0.000510331 0.00187249
internal_weight=138432 121857 113322 16575 3188 107060 61580 13387 45480 40597 1618 38979 51470 1020 804 10110 4883 6262 3091 10296 8484 8535 702 51239 42096 6720 4720 2818 2000 1902 32836 35376 1076 500 1812 1888 9143 598 27985 22779 22363 416 406 22739 21184 4553 1169 4851 9140 4609 1710 4531 1680 1419 691 6170 4638 2751 1532 2734 5206 3763 3351 2314 6143 2294 7833 2819 728 1300 780 1555 7463 1609 1237 5854 5156 4952 1476 3476 2613 1715 898 566 863 527 2899 1558 1341 1233 1443 2149 1229 888 412 476 1757 5048 7596 3366 1129 2237 1487 866 575 621 970 544 520 1076 541 2511 1297 1214 4139 1281 1038 2858 766 1133 931 12637 11978 5951 5444 6027 2438
internal_count=138432 121857 113322 16575 3188 107060 61580 13387 45480 40597 1618 38979 51470 1020 804 10110 4883 6262 3091 10296 8484 8535 702 51239 42096 6720 4720 2818 2000 1902 32836 35376 1076 500 1812 1888 9143 598 27985 22779 22363 416 406 22739 21184 4553 1169 4851 9140 4609 1710 4531 1680 1419 691 6170 4638 2751 1532 2734 5206 3763 3351 2314 6143 2294 7833 2819 728 1300 780 1555 7463 1609 1237 5854 5156 4952 1476 3476 2613 1715 898 566 863 527 2899 1558 1341 1233 1443 2149 1229 888 412 476 1757 5048 7596 3366 1129 2237 1487 866 575 621 970 544 520 1076 541 2511 1297 1214 4139 1281 1038 2858 766 1133 931 12637 11978 5951 5444 6027 2438
cat_boundaries=0 3 6 9 12 15 16 17 18 19 22 23 26 27 28 29 30 31 32 33 34 37 38 39 42 43 44 45 46 47 48 49 50 51 52 53 54 57 59 60 62 63 64 65
cat_threshold=268494848 2147487424 4194315 48365568 100999168 9977856 2147484678 16640 8192 0 2147486720 1 150995200 4194320 33424 64 136 270565376 2480 268492800 2147483648 4194305 1568 2097152 8192 8912896 1549 1185 2 1640 17 2633 2049 16 0 0 262176 9 66 0 16 640 2644 1621 7 2562 132 1 1415 2050 4 21 16 1836 33685504 262144 1048576 12582912 100663296 16 134217728 4194304 1602 256 6
is_linear=0
shrinkage=0.05


Tree=27
num_leaves=128
num_cat=64
split_feature=2 2 2 6 2 6 2 1 10 2 2 6 8 8 2 6 8 10 2 6 10 4 8 2 4 8 4 10 4 4 1 10 8 3 4 3 9 4 6 4 2 8 4 6 4 3 4 3 4 2 9 2 8 8 8 0 10 9 8 8 8 6 6 4 2 4 2 6 6 4 4 8 4 10 8 8 4 3 3 8 8 2 8 3 8 1 2 3 4 4 3 8 8 8 4 8 10 9 8 2 8 10 8 3 8 10 4 4 2 4 9 6 8 6 8 9 4 6 8 3 4 4 3 6 4 4 10
split_gain=1756.44 173.545 75.6479 50.2426 63.3657 42.9142 74.9223 70.9216 50.1612 34.1023 33.3727 26.697 23.347 38.38 21.0437 20.9868 16.4809 15.9952 15.573 15.7407 15.5303 15.0641 14.8172 14.2402 81.7941 14.1785 14.1587 13.4689 27.1275 13.01 12.5745 12.0787 11.6596 11.6024 12.2989 11.4898 11.3453 10.9597 10.7196 19.118 10.6023 10.1488 10.0745 9.69649 15.9525 9.84548 9.63004 8.50569 11.9647 13.0451 9.2018 10.2015 8.72108 8.30306 8.14455 7.99988 7.92333 7.77357 12.0007 9.10422 7.71791 7.48456 16.0028 17.1476 15.4135 14.221 11.2717 7.29846 11.9642 13.2467 10.6306 9.45808 10.2326 7.04824 6.84984 7.70217 6.82136 9.95828 6.80315 6.8002 6.7973 6.76671 6.86255 6.72641 6.56698 6.48744 6.37332 8.32603 14.8316 6.66492 7.53255 6.33329 7.58437 7.25301 6.31054 6.35024 8.95798 6.09371 6.04519 5.82581 5.74131 5.70981 7.96056 6.60296 5.53989 7.96941 6.9371 5.48631 5.2479 15.4665 9.11398 5.64333 5.18355 5.17968 8.07308 5.14091 5.05019 5.04552 5.56913 5.03795 14.4958 12.9352 5.08255 5.02792 5.0243 4.93539 4.93312
threshold=0 1 2 2016.5000000000002 3 2017.5000000000002 4 5 307.00000000000006 6 7 2016.5000000000002 28.500000000000004 346.50000000000006 8 2016.5000000000002 47.500000000000007 308.50000000000006 9 2017.5000000000002 1630.0000000000002 10 312.50000000000006 11 12 70.500000000000014 13 255.00000000000003 14 15 16 40.500000000000007 355.50000000000006 17 18 19 2060.5000000000005 20 2018.5000000000002 21 22 214.50000000000003 23 2016.5000000000002 24 25 26 27 28 29 2422.0000000000005 30 141.50000000000003 74.500000000000014 12.500000000000002 31 1181.0000000000002 2267.5000000000005 329.50000000000006 308.50000000000006 64.500000000000014 2018.5000000000002 2020.5000000000002 32 33 34 35 2019.5000000000002 2018.5000000000002 36 37 170.50000000000003 38 1579.5000000000002 295.50000000000006 301.50000000000006 39 40 41 316.50000000000006 128.50000000000003 42 341.50000000000006 43 332.50000000000006 44 45 46 47 48 49 324.50000000000006 197.50000000000003 166.50000000000003 50 256.50000000000006 1583.5000000000002 2267.5000000000005 324.50000000000006 51 279.50000000000006 1886.0000000000002 74.500000000000014 52 343.50000000000006 1360.0000000000002 53 54 55 56 2040.0000000000002 2021.5000000000002 280.50000000000006 2020.5000000000002 39.500000000000007 2102.0000000000005 57 2017.5000000000002 137.50000000000003 58 59 60 61 2021.5000000000002 62 63 1620.5000000000002
decision_type=9 9 9 2 9 2 9 9 2 9 9 2 2 2 9 2 2 2 9 2 2 1 2 9 1 2 1 2 1 1 9 2 2 9 1 9 2 1 2 1 9 2 1 2 1 9 1 9 1 9 2 9 2 2 2 9 2 2 2 2 2 2 2 1 9 1 9 2 2 1 1 2 1 2 2 2 1 9 9 2 2 9 2 9 2 9 9 9 1 1 9 2 2 2 1 2 2 2 2 9 2 2 2 9 2 2 1 1 9 1 2 2 2 2 2 2 1 2 2 9 1 1 9 2 1 1 2
left_child=3 23 15 4 35 6 8 38 16 21 20 14 -10 -14 124 25 -4 -16 19 26 27 36 43 24 41 -3 -11 28 -9 -19 -30 -27 -6 84 -35 -1 -5 -32 39 -7 -13 -2 -20 44 -18 -46 -37 48 49 52 57 -52 80 -31 -25 -17 -36 59 101 100 -22 78 63 99 -64 -66 -65 68 69 -21 -70 72 -69 -54 126 -76 -33 -78 -56 -61 97 82 -81 -68 94 -48 87 88 -42 -88 -91 92 93 -38 95 96 -29 -12 -71 -63 108 102 -59 -104 105 -72 -107 -40 109 -49 -111 -110 -97 -74 -115 -80 -41 118 -23 121 122 -89 -121 -96 -8 -90 -58
right_child=1 2 5 9 32 7 11 10 12 18 47 40 13 -15 17 55 22 29 42 67 60 117 -24 54 -26 31 -28 33 30 53 37 76 -34 34 56 46 91 -39 107 116 86 -43 -44 -45 45 -47 85 50 -50 -51 51 -53 73 -55 61 -57 74 58 -60 79 -62 62 64 66 65 -67 83 71 70 98 104 -73 113 -75 75 -77 77 -79 115 81 -82 -83 -84 -85 -86 -87 89 119 125 90 -92 -93 -94 -95 123 112 -98 -99 -100 -101 -102 -103 103 -105 -106 106 -108 -109 111 110 -112 -113 -114 114 -116 -117 -118 -119 -120 120 -122 -123 -124 -125 -126 -127 -128
leaf_value=0.020712058706309908 -0.023229432370309243 -0.012064733175528156 0.0091487737070055346 0.0049758187039633806 0.028562884610789457 -0.011796600769427935 -0.013488218373126923 -0.024208350435818291 -0.032540981736706776 0.0098768980458851241 -0.00031033813823331592 -0.0074267617019620827 0.0028281671289907663 -0.022863766095184503 0.013150660262393022 -0.00010739014824024179 -0.0029298918360366553 0.0034991133038622547 0.013378780769823163 0.0061632311393413864 0.0025921661349880788 0.012527091326979054 0.0071902922803299312 0.00074889605063237729 0.0041648880537109318 0.01034659852903661 0.01895940924461061 0.00058882891341090269 -0.01088337201964383 0.007670487256327011 0.0086660350562666709 0.0028414576093229774 0.017770924682255447 -0.0023570242152313311 0.00024148021372555041 0.0024704079473126883 0.013490128406782194 -0.005108466859906912 0.0094525129286086237 0.011008413795547159 -0.012687048139277997 -0.039040635642943106 0.0038499373067170384 -0.0027826898374668954 -0.007146445313563044 -0.02167859117112669 0.020616452050933116 0.012330199153899837 0.002040933384515145 -0.014108166419590513 0.0096970873728114502 -0.00042679710026537323 -0.00043711018577570606 0.00018684872130655722 -0.011879542701927663 0.0053584837668155189 -0.0050356145600160933 0.0028941458967239719 -0.016707682125986771 0.0069937564120295323 -0.0061227111311187125 -0.0092251673893973731 0.0023328435754446293 -0.0034856129921309494 -0.018537679074330508 -0.0052202934423156615 -0.016959580780596364 0.0033522020379899357 0.01480900405897718 0.017460597246242663 0.011872321231206382 0.016713774297418087 0.008784407194498061 0.0092631070348708072 -0.015515440227147652 -0.0045177474694576463 -0.01371160874119157 -4.8532735097673754e-05 -0.0075987609627267416 0.0033730959259976757 -0.01203543420191298 -0.0065033704832267881 -0.0021914160774198221 -0.0082902936112693275 0.0063707844486597942 0.0089531535043724884 0.00225483879088097 0.0058562352235403854 0.0026904128690032249 -0.0049655043249214569 1.8123595665412529e-05 0.023633966704254949 0.0072110113387372212 0.025147903409998607 -0.0039207821430065617 0.009775464944660802 -0.0077748071249026315 -0.0091827578295124116 0.0088139361170260049 -0.018800860962095229 -0.0054238734404250342 0.00090003350393825707 -0.013267283745801535 -0.0048091127820583564 0.012225687713557934 0.0064750450537199291 -0.0022815476354774394 0.0043978977207436145 -0.0026701207202309827 -0.0096678119600604219 0.003297388068720672 0.0017398136176010434 0.00023636415262693819 0.023540502684422735 0.011634958569186568 -0.0031327960160114974 0.00012156615281565508 0.023068729678694944 0.022464314141377277 0.0065750551061484726 -0.0036540360122544625 -0.0034521445608341628 0.00011441576012261983 0.004220334905339857 -0.0037415888572121326 -0.0043948288164426799 -0.00043891568112105713
leaf_weight=304 205 285 214 276 1591 244 219 216 216 676 793 657 229 398 316 780 454 6361 420 546 262 284 208 237 296 241 1769 1588 492 388 216 389 297 9567 747 360 393 390 861 204 461 201 865 797 234 319 203 230 3127 215 296 1334 705 8284 558 5076 10508 234 208 350 8371 276 425 664 279 752 434 368 377 1113 243 1378 344 255 324 313 222 324 1523 1128 226 380 1089 628 277 433 2381 768 366 940 3765 233 260 202 2390 278 401 256 247 940 1579 445 323 915 238 400 498 1613 15532 261 282 761 292 241 348 1117 223 1388 280 481 3411 709 813 206 378 713 618
leaf_count=304 205 285 214 276 1591 244 219 216 216 676 793 657 229 398 316 780 454 6361 420 546 262 284 208 237 296 241 1769 1588 492 388 216 389 297 9567 747 360 393 390 861 204 461 201 865 797 234 319 203 230 3127 215 296 1334 705 8284 558 5076 10508 234 208 350 8371 276 425 664 279 752 434 368 377 1113 243 1378 344 255 324 313 222 324 1523 1128 226 380 1089 628 277 433 2381 768 366 940 3765 233 260 202 2390 278 401 256 247 940 1579 445 323 915 238 400 498 1613 15532 261 282 761 292 241 348 1117 223 1388 280 481 3411 709 813 206 378 713 618
internal_value=-5.773e-05 -0.00213527 -0.00161697 0.0152082 0.0208584 -0.00195646 -0.000507697 -0.00265514 -0.0079509 0.013874 -0.00299265 0.000221999 -0.0183642 -0.0134803 0.00165759 0.00329738 -0.00404306 0.00201657 0.0123725 0.013143 -0.00399684 0.0183414 -0.00544616 -0.00900706 -0.0159196 -0.00205919 0.0165662 -0.0034407 -0.00838615 0.00178387 -0.00500751 0.00036562 0.0267237 -0.00320448 -0.00371347 0.0120421 0.0139275 -0.000137764 0.00467788 -0.000912386 -0.0012581 -0.0303106 0.00704368 -0.00690314 -0.0101643 -0.0157655 0.0092163 -0.00177546 -6.24523e-06 -0.00261679 -0.00216457 0.00146852 -0.00145344 0.000521079 -0.00836805 0.00463941 -0.0047481 -0.00241518 -0.00530065 -0.0021312 -0.00585823 -0.00866352 -0.0100019 -0.0121237 -0.00571461 -0.00896758 -0.00873765 0.0118438 0.0103929 0.0131361 0.00741544 0.0138271 0.0107696 0.00213951 -0.00506899 -0.0101116 -0.00220702 -0.00575055 -0.00682296 0.000451273 -0.00417011 -0.000430464 0.000636911 -0.0119583 -0.0011269 0.0129374 -0.000978731 -0.00197172 -0.00525256 0.000104637 -0.000985962 0.0163264 0.0143349 0.0174479 -0.00153197 0.000235095 -0.00109735 -0.00247558 0.0157742 -0.0167204 -0.00253938 -0.00406296 -0.00556332 -0.0071619 0.00524869 0.00383937 0.00166564 0.00621299 -0.0022725 0.00174433 -0.00288144 -0.00246263 0.00488877 0.0135144 0.0165063 -0.00568764 0.00545566 0.021339 0.0174605 -0.00114727 -0.00194654 0.00139479 0.00254794 -0.0032622 -0.00748029 -0.00198886 -0.00478029
internal_weight=138432 121857 113322 16575 3188 106005 34480 71525 3069 13387 68380 31411 843 627 15946 7317 2226 15349 10071 8786 37456 3316 2012 8535 702 1461 2445 28823 1314 15033 1098 1176 1888 27509 22077 1300 1364 606 3145 671 15465 406 1285 1804 1007 553 996 30924 5577 2450 25347 1630 2235 8672 7833 5856 12510 23717 2125 21592 8633 7596 4398 2942 1456 1031 1726 6341 3662 1906 1756 2679 1301 960 11763 637 935 546 3198 2947 1275 2597 2217 1062 5432 636 14808 7722 1540 7086 4705 1088 855 595 5155 2559 1989 1049 1360 1216 18645 1917 1472 1238 1379 1141 898 2474 17066 773 543 16293 570 933 589 2640 427 1952 564 6182 4705 1477 1294 2596 597 1079 11126
internal_count=138432 121857 113322 16575 3188 106005 34480 71525 3069 13387 68380 31411 843 627 15946 7317 2226 15349 10071 8786 37456 3316 2012 8535 702 1461 2445 28823 1314 15033 1098 1176 1888 27509 22077 1300 1364 606 3145 671 15465 406 1285 1804 1007 553 996 30924 5577 2450 25347 1630 2235 8672 7833 5856 12510 23717 2125 21592 8633 7596 4398 2942 1456 1031 1726 6341 3662 1906 1756 2679 1301 960 11763 637 935 546 3198 2947 1275 2597 2217 1062 5432 636 14808 7722 1540 7086 4705 1088 855 595 5155 2559 1989 1049 1360 1216 18645 1917 1472 1238 1379 1141 898 2474 17066 773 543 16293 570 933 589 2640 427 1952 564 6182 4705 1477 1294 2596 597 1079 11126
cat_boundaries=0 3 6 9 12 15 16 18 21 23 26 27 30 31 32 33 34 35 36 37 38 39 40 43 44 45 46 47 48 49 52 55 56 57 59 60 63 64 65 66 67 68 69 72 73 74 77 78 79 80 81 82 85 86 87 88 90 91 92 93 94 95 96 97 98
cat_threshold=268494848 2147487424 4194315 48365568 100999168 9977856 2147484678 536887552 9216 0 2147486720 1 1 4194304 512 83886145 2048 3648 134218240 4194320 32784 134217984 134217728 268435456 128 10 844 2097152 8192 8912896 1549 1288 772 597 32768 16 876 65 3146 773 512 0 32896 3081 3840 9 2840 80 421 262400 0 544 262400 0 128 16 2528 37879808 67108864 529 131072 100925440 1048576 2147 98 320 802 20 66 262144 0 544 12 524288 0 0 16 2 145 1320 8 3522 33685504 262144 1064960 2 132 2055 256 8 418 1224 1 1029 2984 4 2353 2624
is_linear=0
shrinkage=0.05


Tree=28
num_leaves=128
num_cat=57
split_feature=2 2 2 10 0 6 6 2 6 7 6 2 2 2 10 2 4 2 7 4 7 3 10 7 7 4 4 10 7 9 4 2 10 3 4 7 6 7 10 7 3 4 7 3 2 0 6 7 3 4 4 9 4 0 7 9 3 4 9 4 3 3 6 2 10 7 3 4 10 10 4 6 4 6 4 7 4 3 7 7 9 10 10 7 7 7 7 7 4 4 6 7 6 7 7 7 3 7 7 4 3 3 6 9 4 7 3 0 3 7 10 7 4 4 3 10 7 7 7 3 7 10 7 7 7 7 3
split_gain=1586.08 156.835 68.6111 55.8032 109.749 46.1189 45.419 57.0109 35.4016 33.3643 31.3679 30.5371 28.9388 26.5405 22.1178 21.2846 19.2279 32.2279 15.2427 14.6249 13.8696 16.9237 13.8007 12.2696 17.1717 13.6915 11.9302 11.6252 11.923 23.2637 14.895 15.183 15.1381 13.643 12.3268 11.8749 16.7673 17.7524 10.8337 10.4616 10.4015 10.1666 9.75942 10.3726 10.022 9.63059 12.263 14.1744 9.49764 44.3435 12.02 8.9225 8.7255 8.62793 8.72616 8.59549 8.55214 8.78738 8.49747 8.22531 8.03062 7.91609 7.88322 11.6622 8.0046 17.9722 15.4713 8.99635 8.64244 8.30319 7.99848 7.92477 10.0523 8.23951 7.78345 7.76418 7.68559 14.9901 9.82734 7.93187 7.53963 7.38035 9.07171 7.36464 7.34358 7.27905 7.19849 7.06702 6.90106 6.76529 10.8683 8.66407 9.97263 6.76078 6.75515 8.62566 22.6576 19.6914 11.8853 11.3496 20.1087 10.6766 12.691 8.80146 7.87566 7.6053 6.81756 6.46908 6.21609 8.4116 8.25046 6.73314 6.17932 6.13678 20.5658 20.9692 16.5237 10.3368 9.39124 10.9935 7.63174 12.8816 7.00696 9.7749 6.13015 11.2093 6.10129
threshold=0 1 2 307.00000000000006 3 2016.5000000000002 2016.5000000000002 4 2016.5000000000002 20.500000000000004 2016.5000000000002 5 6 7 163.50000000000003 8 9 10 12.500000000000002 11 3.5000000000000004 12 168.00000000000003 3.5000000000000004 22.500000000000004 13 14 1696.5000000000002 26.500000000000004 1896.5000000000002 15 16 1611.0000000000002 17 18 27.500000000000004 2018.5000000000002 28.500000000000004 1736.5000000000002 7.5000000000000009 19 20 2.5000000000000004 21 22 23 2018.5000000000002 21.500000000000004 24 25 26 2060.5000000000005 27 28 14.500000000000002 2048.5000000000005 29 30 2545.0000000000005 31 32 33 2018.5000000000002 34 259.50000000000006 15.500000000000002 35 36 51.500000000000007 322.50000000000006 37 2019.5000000000002 38 2020.5000000000002 39 19.500000000000004 40 41 25.500000000000004 6.5000000000000009 2155.0000000000005 1047.0000000000002 107.00000000000001 10.500000000000002 27.500000000000004 14.500000000000002 13.500000000000002 9.5000000000000018 42 43 2020.5000000000002 27.500000000000004 2018.5000000000002 22.500000000000004 29.500000000000004 19.500000000000004 44 23.500000000000004 8.5000000000000018 45 46 47 2020.5000000000002 2254.0000000000005 48 15.500000000000002 49 50 51 28.500000000000004 1579.5000000000002 27.500000000000004 52 53 54 1524.5000000000002 13.500000000000002 25.500000000000004 11.500000000000002 55 16.500000000000004 1548.0000000000002 17.500000000000004 18.500000000000004 6.5000000000000009 4.5000000000000009 56
decision_type=9 9 9 2 9 2 2 9 2 2 2 9 9 9 2 9 1 9 2 1 2 9 2 2 2 1 1 2 2 2 1 9 2 9 1 2 2 2 2 2 9 1 2 9 9 9 2 2 9 1 1 2 1 9 2 2 9 1 2 1 9 9 2 9 2 2 9 1 2 2 1 2 1 2 1 2 1 9 2 2 2 2 2 2 2 2 2 2 1 1 2 2 2 2 2 2 9 2 2 1 9 9 2 2 1 2 9 9 9 2 2 2 1 1 9 2 2 2 2 9 2 2 2 2 2 2 9
left_child=6 12 5 10 8 15 7 40 59 18 13 19 -2 -4 -7 -3 17 -12 -6 81 -19 45 87 -24 39 -26 -13 28 34 -30 31 33 108 -31 -16 -35 -37 -38 61 -25 -1 -9 74 44 -44 -22 51 60 49 -15 -50 -47 -42 54 -18 -23 89 84 94 -5 -48 -29 -14 71 66 69 -65 -68 -69 -66 -70 88 -73 -74 -36 83 77 -17 86 -78 -33 82 -8 -60 -58 -54 -79 -21 -64 90 -10 92 -91 -46 95 98 97 -97 103 100 -100 102 -101 -40 -98 -103 -105 -52 109 111 -111 112 -32 117 115 -115 -117 -45 119 -116 121 -120 -122 -124 125 -94 -72
right_child=1 2 3 4 9 14 11 41 56 -11 16 26 62 48 27 76 53 20 -20 22 21 55 23 24 25 -27 -28 38 29 30 32 80 -34 35 42 36 37 -39 58 -41 52 -43 43 113 93 46 47 -49 50 -51 107 -53 85 -55 -56 -57 57 -59 75 -61 -62 -63 63 64 65 -67 67 68 70 -71 126 72 73 -75 -76 -77 79 78 -80 -81 -82 -83 -84 -85 -86 -87 -88 -89 -90 91 -92 -93 124 -95 -96 96 104 -99 99 101 -102 105 -104 106 -106 -107 -108 -109 -110 110 -112 -113 -114 114 118 116 -118 -119 120 -121 122 -123 123 -125 -126 -127 -128
leaf_value=0.019709436707508198 -0.02428817768193961 -0.013595055692800971 0.012710344903318307 0.0058964884651973928 -0.017645289140610813 -0.018676498500651086 0.016464872770171092 0.031967947336853618 0.0007631427082271234 -0.0048042641103486806 -0.016016657493091224 0.012685043164499227 -0.0061296017688619326 -0.02092194127865599 -0.0012359462029978771 0.012786923411223814 -0.0070562511385954254 0.013725653944056219 -0.035093139676630296 0.024052506835392579 0.006569455810498461 0.009640151966515428 0.0031023171169731719 0.023916366054410384 -0.0039253464240424961 0.01116281183105429 0.0080371042907846618 -0.0001305806026178992 0.0021950455265420795 -0.0020800946771672344 -0.0008062805347658832 -0.0067377176473047504 0.0066524441884860926 -0.023240126138950101 0.0064600430805945687 -0.0059442828055066262 -0.0080582703536376359 -0.02616814345066136 0.0037544386711492158 0.013476815352220801 0.0023502260352629614 0.022263852357260257 0.0017327951896231337 -0.0024134726523893737 -0.0053172733996450887 -0.016232653007989102 0.0028753144448953813 0.0078883989294541833 0.0038664590429797045 0.001711142996395844 -0.0098835186345996185 -0.0029767617458200529 0.018714851813005952 0.0058864363128584909 0.0043605257202524268 0.00088025284315860737 -0.0008142627502471249 -0.002340146959771063 -0.0031154867577880847 0.0016529736844646656 -0.0094686635834790901 -0.0098659166126456831 -0.016332653177924816 0.0022579773950615321 -0.011385383934150083 -0.018726182516533515 -0.0031315400902377933 -0.018862959031654705 -0.00087672175033259446 -0.00022836895157775746 -0.0066215297915882838 0.0064280047061927156 -0.012102350900012035 -0.00061668689552662895 -0.0014872617096300777 0.00038981207675928449 0.0037335334344619601 3.389016257027872e-05 -0.0060771928209998136 -0.00053386906362270722 0.0063700498738326131 0.015582922723385757 0.023651381703416952 -0.012999549974416068 0.0045204599443349116 0.0078979008781966085 0.0083839655045602618 0.015028001070216609 -0.0040043067083492196 0.00160360297872873 0.010019474983540265 0.0057255225118704907 -0.0053235984795062339 -0.010304467493229164 0.0047958987296536394 -0.026074355416320163 0.0016397968371893513 -0.0079589732837358727 0.012735350550696582 -0.013335193145466814 -0.0022468050516816595 0.0057331429205538242 0.0008504789095153736 -0.01341111038686933 -0.0057175986164833738 -0.0051931048672385956 -0.0049048398647775684 0.00067763678962364795 -0.0018074169249155275 -0.0057913299846063951 0.004852542125930389 -0.013636797544324725 -0.010734567069802378 -0.0041653740807424443 0.0007365398435005702 -0.0051887289926743334 -0.020728144099262505 0.0056229606261320913 -0.0003768348525432479 -0.0077410299800190338 -0.0098699263272979103 0.01277222849951103 0.008094061130589884 -0.0026659573569081658 -0.0051035035854747265 0.010156839781020787 -0.016817751233263508
leaf_weight=304 281 254 243 1522 222 232 864 578 1436 238 256 3003 3145 384 12702 358 269 238 287 348 263 650 385 280 241 381 2903 255 1016 344 316 243 307 258 410 644 250 295 229 1679 360 1310 426 9358 3282 267 204 337 549 484 409 242 271 6404 443 492 5726 19738 268 4604 356 1425 236 280 593 812 351 384 206 232 311 229 280 353 1148 221 1295 574 333 6842 200 1834 893 635 727 365 469 576 253 1436 407 447 274 857 248 221 630 467 399 377 494 427 271 304 846 254 1172 228 1074 726 243 523 319 1070 547 268 473 418 767 1291 276 246 240 1751 1756 204 381
leaf_count=304 281 254 243 1522 222 232 864 578 1436 238 256 3003 3145 384 12702 358 269 238 287 348 263 650 385 280 241 381 2903 255 1016 344 316 243 307 258 410 644 250 295 229 1679 360 1310 426 9358 3282 267 204 337 549 484 409 242 271 6404 443 492 5726 19738 268 4604 356 1425 236 280 593 812 351 384 206 232 311 229 280 353 1148 221 1295 574 333 6842 200 1834 893 635 727 365 469 576 253 1436 407 447 274 857 248 221 630 467 399 377 494 427 271 304 846 254 1172 228 1074 726 243 523 319 1070 547 268 473 418 767 1291 276 246 240 1751 1756 204 381
internal_value=-5.50766e-05 -0.0020293 -0.00154305 -0.000199664 -0.0011371 -0.00266781 0.0144516 0.0198238 -0.000763748 -0.01999 0.0026766 0.0131831 -0.00864895 -0.00261245 -0.00327297 0.000417434 0.00384241 0.000679518 -0.0274833 0.0153317 0.00212914 0.00115487 0.0130575 0.0114288 0.0126709 0.00543311 0.0104179 -0.00320349 -0.00285395 -0.00477901 -0.00601301 -0.00920582 -0.00394225 -0.0112685 -0.0024878 -0.0134236 -0.0114065 -0.0178609 -0.00482016 0.0149689 0.0114602 0.0253875 -0.00318242 -0.00346361 -0.00557961 -0.0020565 -0.00370503 -0.00021385 -0.00446536 -0.0084259 -0.00152054 -0.00993024 0.00877141 0.005303 4.65115e-05 0.00581526 -0.0014277 -0.00181632 -0.00400356 0.0027196 -0.00508967 -0.00844773 -0.0080733 -0.00933705 -0.0108483 -0.0134454 -0.00868253 -0.0105079 -0.0124876 -0.0082479 -0.00990047 -0.00524689 -0.00240146 -0.00560863 0.000636052 -0.00801025 0.000790973 0.00380356 0.00139093 0.000145108 -0.000801888 0.0177521 0.0201174 -0.0100661 -0.000212919 0.0123134 0.00378862 0.0184268 -0.0103701 0.000282656 0.00279212 -0.000844764 -0.00164732 -0.00633459 -0.00329311 -0.00362246 -0.00615715 -0.0135806 -0.00222571 0.000183836 0.00451425 -0.00273927 -0.0072901 -0.00536589 -0.00258734 0.00163387 -0.0067809 -0.00615134 -0.00497068 -0.00652873 -0.00312212 -0.00943572 -0.00597562 -0.00288031 -0.00402211 -0.00859525 -0.015108 -0.00206774 -0.00239031 -0.00525616 -0.000791671 0.00281632 -0.00240389 -0.00136892 -0.00373698 0.00128312 -0.0123949
internal_weight=138432 121857 113530 51742 39024 61788 16575 3188 38277 747 12718 13387 8327 2297 51663 10125 10421 3305 509 7481 3049 2811 3890 2966 2581 622 5906 51431 42288 6758 5742 2234 3508 1791 35530 1447 1189 545 9143 1959 1300 1888 22828 21270 4565 1669 1406 897 2054 868 1186 509 996 7116 712 1142 32151 26191 7463 6126 560 1680 8046 4901 3550 1637 1913 1633 1282 825 898 1351 862 633 1558 1124 9871 1734 1376 8137 443 3591 1757 903 6453 636 1043 924 489 5960 1843 4117 3670 4139 6339 6091 2164 688 3927 2222 893 1329 648 1705 1476 681 1476 637 3201 2127 969 1158 635 16705 6929 1811 741 9776 5118 1838 3280 1013 2267 1991 2234 478 692
internal_count=138432 121857 113530 51742 39024 61788 16575 3188 38277 747 12718 13387 8327 2297 51663 10125 10421 3305 509 7481 3049 2811 3890 2966 2581 622 5906 51431 42288 6758 5742 2234 3508 1791 35530 1447 1189 545 9143 1959 1300 1888 22828 21270 4565 1669 1406 897 2054 868 1186 509 996 7116 712 1142 32151 26191 7463 6126 560 1680 8046 4901 3550 1637 1913 1633 1282 825 898 1351 862 633 1558 1124 9871 1734 1376 8137 443 3591 1757 903 6453 636 1043 924 489 5960 1843 4117 3670 4139 6339 6091 2164 688 3927 2222 893 1329 648 1705 1476 681 1476 637 3201 2127 969 1158 635 16705 6929 1811 741 9776 5118 1838 3280 1013 2267 1991 2234 478 692
cat_boundaries=0 3 6 9 10 13 16 19 20 23 24 26 27 28 29 30 31 34 35 36 37 38 39 42 43 44 45 46 47 48 49 50 51 52 53 55 56 57 58 59 60 61 62 63 64 65 66 67 68 69 70 71 72 73 74 75 76 77
cat_threshold=268494848 2147487424 4194315 48365568 100999168 8929280 150995200 4194320 1082000 136 0 2147486720 1 2048 3648 2 35651584 8192 524288 1540 256 0 512 912 262656 8 1714 25 72 3621 1185 0 0 16 16 1640 65 2624 66 0 16 1049216 12 20 2156 2364 2840 16 80 268 21 8 4 131072 67371008 2 228 1544 1540 2050 576 16 3968 2570 4 515 28 20 74 8 1 7 2384 389 4 8 12
is_linear=0
shrinkage=0.05


Tree=29
num_leaves=128
num_cat=52
split_feature=2 2 2 6 2 6 2 1 10 8 1 2 7 6 6 2 3 2 6 8 10 4 8 10 7 3 3 2 10 4 1 4 8 8 3 7 4 3 4 10 7 4 8 4 1 6 4 2 6 4 7 3 8 6 7 4 4 7 4 8 8 8 8 3 4 2 9 2 8 7 10 9 4 6 8 8 9 8 8 7 9 9 9 8 7 10 10 8 4 9 8 3 8 8 4 9 10 6 3 10 3 7 2 6 4 7 6 9 4 6 9 7 3 10 2 8 1 7 10 2 9 2 8 9 7 4 4
split_gain=1432.51 142.393 65.6112 44.1788 46.1933 35.6914 62.784 57.958 40.2459 27.2901 32.8794 27.2809 22.2547 21.3317 18.8969 18.0137 16.4482 15.6115 15.495 14.5742 14.1468 13.3905 13.2721 12.7567 14.5058 21.0603 12.1489 62.3778 11.7537 24.3393 11.5248 10.9734 10.1641 10.1547 10.1072 9.83377 14.6995 9.80487 10.65 13.3975 12.3758 9.73644 9.66243 9.57594 9.32589 9.28574 16.9941 9.27639 8.23909 14.1696 9.24192 8.89861 8.13388 7.97038 8.9913 19.5443 11.4427 8.61268 7.92039 7.46644 7.20347 7.58492 7.14933 7.12323 10.3218 11.818 8.26897 9.1549 7.70401 7.29653 11.4729 12.8909 7.05117 8.19231 8.89431 14.2134 6.94767 10.8436 7.67546 6.80102 8.61012 9.07863 8.96033 8.04992 7.47555 19.6748 21.2461 18.7579 14.0442 10.1613 10.4105 15.5046 14.5483 11.2781 13.9506 8.6785 8.55184 11.6989 8.0501 7.79404 8.40984 14.8197 6.70373 7.29817 8.3163 10.7487 9.61017 7.01255 6.83493 13.6435 6.55565 6.4107 6.37649 6.34591 6.30003 6.20729 6.18305 6.15794 22.4266 16.7909 6.12071 6.05816 6.25462 6.03779 5.95517 12.792 10.3507
threshold=0 1 2 2016.5000000000002 3 2017.5000000000002 4 5 307.00000000000006 360.50000000000006 6 7 20.500000000000004 2016.5000000000002 2016.5000000000002 8 9 10 2017.5000000000002 47.500000000000007 308.50000000000006 11 312.50000000000006 1630.0000000000002 5.5000000000000009 12 13 14 255.00000000000003 15 16 17 355.50000000000006 119.50000000000001 18 19.500000000000004 19 20 21 1181.0000000000002 1.5000000000000002 22 70.500000000000014 23 24 2018.5000000000002 25 26 2016.5000000000002 27 22.500000000000004 28 95.500000000000014 2017.5000000000002 15.500000000000002 29 30 25.500000000000004 31 74.500000000000014 76.500000000000014 47.500000000000007 68.500000000000014 32 33 34 2422.0000000000005 35 141.50000000000003 10.500000000000002 1447.0000000000002 2086.5000000000005 36 2020.5000000000002 39.500000000000007 172.50000000000003 2267.5000000000005 329.50000000000006 308.50000000000006 9.5000000000000018 1994.5000000000002 1896.5000000000002 2005.0000000000002 274.50000000000006 15.500000000000002 1587.5000000000002 1250.5000000000002 134.50000000000003 37 2206.5000000000005 238.50000000000003 38 241.50000000000003 170.50000000000003 39 2022.5000000000002 1524.5000000000002 2020.5000000000002 40 1497.5000000000002 41 12.500000000000002 42 2018.5000000000002 43 7.5000000000000009 2020.5000000000002 2048.5000000000005 44 2016.5000000000002 1957.0000000000002 24.500000000000004 45 1579.5000000000002 46 316.50000000000006 47 8.5000000000000018 68.500000000000014 48 2267.5000000000005 49 341.50000000000006 2022.5000000000002 25.500000000000004 50 51
decision_type=9 9 9 2 9 2 9 9 2 2 9 9 2 2 2 9 9 9 2 2 2 1 2 2 2 9 9 9 2 1 9 1 2 2 9 2 1 9 1 2 2 1 2 1 9 2 1 9 2 1 2 9 2 2 2 1 1 2 1 2 2 2 2 9 1 9 2 9 2 2 2 2 1 2 2 2 2 2 2 2 2 2 2 2 2 2 2 2 1 2 2 9 2 2 1 2 2 2 9 2 9 2 9 2 1 2 2 2 1 2 2 2 9 2 9 2 9 2 2 9 2 9 2 2 2 1 1
left_child=3 26 14 4 34 6 8 45 19 10 53 23 16 15 21 -8 -10 -12 52 -4 -17 44 48 28 25 41 27 -2 29 -9 -31 -22 -6 -27 -1 36 -36 -30 40 -40 -39 -25 -23 -32 -3 46 -7 -15 49 -21 -50 -51 62 54 55 -5 -56 60 -29 -33 61 -55 -19 64 65 68 76 -68 120 70 -66 -72 -20 -74 -75 -76 78 -78 -65 80 81 -41 -82 110 85 86 -81 -87 -88 90 91 93 -92 94 95 -86 112 98 -98 100 -90 -102 103 108 105 -105 107 -106 109 -28 -83 -69 -94 -70 -60 -80 -44 119 -119 -104 -13 122 -117 -71 126 -126 -49
right_child=1 2 5 9 32 7 13 11 12 -11 17 63 -14 47 -16 20 -18 18 72 22 31 42 -24 24 -26 33 102 58 37 30 43 59 -34 -35 35 -37 -38 38 39 79 -42 -43 116 -45 -46 -47 -48 124 50 51 -52 -53 -54 57 56 -57 -58 -59 114 -61 -62 -63 -64 66 69 -67 67 111 113 123 71 -73 73 74 75 -77 77 -79 115 84 82 83 -84 -85 89 87 88 -89 99 -91 92 -93 96 -95 -96 -97 97 -99 -100 -101 101 -103 117 104 106 -107 -108 -109 -110 -111 -112 -113 -114 -115 -116 121 -118 118 -120 -121 -122 -123 -124 -125 125 -127 -128
leaf_value=0.019684601082832966 -0.037140199657924443 -0.0039168085901312424 0.0086455739451415641 0.0017584048719810588 0.025845275683378851 -0.011237664950835542 -0.0069490441150312767 -0.022715557423065857 -0.011042963973387093 -0.0034684568075821379 0.00563484264518047 -0.0018389007038183188 -0.0045895901810869858 -0.0068708039315786042 0.0043212136442938752 0.012308357749871109 -0.029551603497417124 0.016164659921243486 0.012996534194379399 -0.0026521442099755373 0.003193766334523479 -0.015628299661399576 0.0068803225469309844 0.012557500444763781 -0.0061410673284521475 -0.012135852814160427 -0.012054520130785572 5.5163798251134511e-05 -0.00098315893189572946 -0.010160647419840655 0.0083435626892142192 0.0072384111696947853 0.015769185854031108 0.0017796463078230769 -0.0049370918882849779 0.015234946424291698 0.010963960300885072 0.01019964795516125 0.0017135928699927819 -0.00058800822218641824 -0.0020338753690376269 0.00030152302772856938 -0.007246218247786782 -0.0045319982877699656 0.0077633946429013266 0.0056529725732012131 0.0050288676655077698 0.0014023526188430559 0.0013901294730530507 -0.0065741171502149438 -0.0098177950889092036 -0.02035195063054774 0.013892470553747399 0.020516119808065919 0.008949529744472497 0.019768546652180002 0.02500198523542195 0.012807972044779721 -0.011544123860638356 0.00014180774524853772 0.018990344666190012 0.033490358789318379 0.027149553110574182 -0.0023089503034325809 -0.0022791726132477988 -0.013351234331727028 0.0092737731723163547 0.0012785165757522919 -0.00037555944129117892 0.003346197447194014 0.014846491732139767 0.0015862020155673181 0.0080711598285487414 0.021702452253113614 0.0047435036014714963 0.018578134864407521 -0.0037540070710683814 -0.015773675747466489 0.0066877917627321693 -0.01719766739973581 0.0074291279006283729 -0.0075243147096759853 -0.0018545459789058773 0.001011941067641601 0.011596152926113977 -0.0085917482815764772 0.0054455962339706454 -0.02584427239149191 -0.016254360820909652 -0.012796834027422536 -0.018360565095132248 -0.0042100465483952279 0.0049940016893748893 0.010155556630630645 -0.0086927787382297811 -0.00066078884546142411 -0.0013008570872459627 0.00093924699651618156 -0.01249486528086443 -0.0018317517917327717 0.0037797786785559433 -0.013064652996273485 -7.5556712457104549e-05 0.00044733452508722009 -0.011031487328160941 -0.0098625384464280565 -0.0076993115242220125 -0.021155452299579741 -0.0084365555438400391 0.0033304760251348753 -0.017215005096189586 -0.0078352198938283924 -0.0057793988633342815 0.0088286835276613056 -0.0028143412966434799 0.0032167065255583349 0.003004240045386547 0.0088243666443076265 -0.0059839812966205001 -0.01677821057396587 -0.0097961570665148316 -0.0061515651940433789 -0.0020956226807883858 -0.0021593650978921409 -0.0069327268007628885 -2.9860097370459771e-05 -0.0015763240382446206
leaf_weight=295 207 278 214 340 1591 244 597 216 255 260 1090 951 265 657 6015 316 323 370 2614 454 6361 209 208 289 7400 377 215 245 5432 492 216 388 297 201 233 369 363 214 945 645 6088 366 352 390 419 2474 427 4918 509 234 288 319 1764 243 227 274 320 377 1137 8284 1053 210 247 18645 346 215 296 1100 705 860 399 339 2840 241 433 325 1917 208 350 308 300 662 1945 200 229 455 383 241 247 334 244 4143 285 324 336 391 218 310 778 845 252 271 279 338 290 1003 457 417 957 437 237 234 247 255 281 1128 243 303 1637 332 324 380 1089 1183 1150 1603 7137
leaf_count=295 207 278 214 340 1591 244 597 216 255 260 1090 951 265 657 6015 316 323 370 2614 454 6361 209 208 289 7400 377 215 245 5432 492 216 388 297 201 233 369 363 214 945 645 6088 366 352 390 419 2474 427 4918 509 234 288 319 1764 243 227 274 320 377 1137 8284 1053 210 247 18645 346 215 296 1100 705 860 399 339 2840 241 433 325 1917 208 350 308 300 662 1945 200 229 455 383 241 247 334 244 4143 285 324 336 391 218 310 778 845 252 271 279 338 290 1003 457 417 957 437 237 234 247 255 281 1128 243 303 1637 332 324 380 1089 1183 1150 1603 7137
internal_value=-5.23791e-05 -0.00191578 -0.00144709 0.0138289 0.0191609 -0.00176724 -0.000446013 -0.00240442 -0.00725965 0.0125705 0.012892 -0.00270953 -0.0165876 0.000221952 0.00306473 0.00150521 -0.0220884 0.0114494 0.0121597 -0.00375973 0.00183737 -0.00194998 -0.00507918 -0.00361745 -0.00530445 -0.000283408 -0.00814071 -0.0117582 -0.00311342 -0.00773327 -0.00453772 0.00161849 0.0241324 -0.00717263 0.0114294 0.00872978 0.00484873 -0.00289275 -0.00336063 -0.00405617 -0.00161589 0.00581664 -0.00630144 0.000118256 0.00311521 0.00422463 -0.000978766 -0.00110108 -0.0064581 -0.00946422 -0.00265991 -0.0147422 0.0156208 0.0175001 0.0142992 0.0101461 0.018961 0.0195666 -0.00839571 0.000458793 0.0212584 0.0265307 0.0205622 -0.00160901 9.99598e-06 -0.00241473 -0.0019651 0.00147896 -0.00130789 0.00191141 0.00523328 0.00875538 0.0109015 0.00941653 0.0133355 0.0106752 -0.00220263 -0.00493052 -0.00193416 -0.00442657 -0.00266139 -0.00529698 -0.000613966 -0.00806066 -0.00507608 -0.00719777 -0.00497397 -0.0145657 -0.00308964 -0.00426356 -0.0038838 -0.00272994 -0.00688926 0.0020774 -0.000638652 0.003805 -0.00536641 -0.00754317 -0.0101833 -0.00511583 -0.00878622 -0.00485557 -0.00710965 -0.00838383 -0.010092 -0.00721016 -0.0132364 -0.0170028 -0.00577654 -0.00171647 -0.010079 -0.000317763 -2.26974e-05 0.00206932 -0.009846 0.00043703 -0.00313119 -0.00503006 -0.00367113 -0.00942714 -0.00386098 -0.00040539 0.000604541 0.000158199 -0.000839879 -0.00293866 -0.000361277
internal_weight=138432 122056 113521 16376 3148 106005 34480 71525 3069 13228 12968 68380 843 31411 7516 15946 578 9924 8834 2226 15349 1501 2012 37456 8633 1233 8535 1870 28823 1314 1098 15033 1888 578 1260 965 596 27509 22077 15775 6302 655 804 606 697 3145 671 15465 1804 1007 797 553 2381 3044 1161 614 547 1883 1663 8672 1506 453 617 30924 5577 2450 25347 1630 2235 3127 1084 738 6453 3839 999 758 23717 2125 21592 14830 3989 1744 2245 1099 10841 3002 2306 696 1998 7839 7505 5423 2082 1280 956 620 1838 1306 996 1615 770 523 6665 4114 2505 1341 1164 707 1609 652 899 1334 532 960 1418 2947 595 2551 1940 611 1275 2597 2217 2043 14808 2753 12055
internal_count=138432 122056 113521 16376 3148 106005 34480 71525 3069 13228 12968 68380 843 31411 7516 15946 578 9924 8834 2226 15349 1501 2012 37456 8633 1233 8535 1870 28823 1314 1098 15033 1888 578 1260 965 596 27509 22077 15775 6302 655 804 606 697 3145 671 15465 1804 1007 797 553 2381 3044 1161 614 547 1883 1663 8672 1506 453 617 30924 5577 2450 25347 1630 2235 3127 1084 738 6453 3839 999 758 23717 2125 21592 14830 3989 1744 2245 1099 10841 3002 2306 696 1998 7839 7505 5423 2082 1280 956 620 1838 1306 996 1615 770 523 6665 4114 2505 1341 1164 707 1609 652 899 1334 532 960 1418 2947 595 2551 1940 611 1275 2597 2217 2043 14808 2753 12055
cat_boundaries=0 3 6 9 12 15 16 17 20 22 23 26 27 28 29 32 33 34 35 36 37 38 39 40 41 42 43 46 47 48 49 50 51 52 53 56 59 60 61 62 63 64 65 68 69 70 71 74 75 78 81 82 83
cat_threshold=268494848 3776 4194315 48365568 100999168 9977856 2147484678 2684371200 9216 0 3072 1 1 4194304 512 83886145 786432 134218240 4194320 32784 134217984 134217728 14 24576 0 4194305 414 22 65 2097152 8192 8912896 772 32768 597 65 2616 16 556 40 3146 1 773 512 0 32896 3840 9 1478 753 520 80 421 262400 0 544 262400 0 128 1574 2128 4 193 2 1 39845888 33882112 16384 1197 1425 9 33685504 65536 16384 25166336 0 67108864 1572864 262144 0 544 1921 1832
is_linear=0
shrinkage=0.05


Tree=30
num_leaves=128
num_cat=50
split_feature=2 2 2 10 0 6 2 6 6 6 2 8 7 3 4 4 2 10 7 4 2 3 9 2 8 4 10 2 7 9 8 4 4 4 8 4 7 3 3 8 3 10 10 7 10 7 2 7 10 8 6 2 8 9 6 8 4 10 2 2 8 8 7 3 7 4 9 7 10 8 4 9 8 1 2 8 10 8 8 9 3 7 3 10 9 10 4 7 9 2 6 9 3 4 4 7 9 7 6 3 7 8 10 4 7 4 10 3 7 1 8 3 7 9 7 4 6 4 7 9 8 7 7 4 4 7 7
split_gain=1323.48 141.109 53.6749 44.913 90.3224 33.8164 41.5448 31.801 27.9859 25.7315 24.4688 24.7823 23.9684 22.6175 23.1552 19.3889 19.0127 18.8773 18.843 18.8007 27.8975 16.128 15.1627 15.049 17.6452 13.1169 24.9426 20.5051 15.371 12.5753 12.4423 12.3086 12.1281 11.8488 11.8443 11.7506 11.6764 10.8862 10.5813 12.9257 10.3784 24.8893 35.0596 17.6349 13.7242 12.4567 11.392 10.2616 10.6079 10.1136 10.2252 10.0828 14.2715 9.9869 9.70436 9.41844 9.39173 9.36952 8.70538 8.59052 10.4604 11.6647 9.43061 8.56304 9.90159 14.7074 8.37826 8.19658 19.5676 18.0547 14.4588 8.01548 7.80237 7.79819 7.75675 8.4254 7.68642 7.59029 8.77673 7.52452 8.63776 7.19754 11.1122 7.13462 7.06834 9.33869 17.6258 12.8393 11.156 15.6878 9.19952 7.8355 7.69543 24.5834 14.0265 7.04507 6.96202 6.96103 6.7926 7.10171 18.8825 14.2111 11.3459 9.0786 8.40489 14.3348 6.78992 6.60552 6.59538 8.08633 8.86689 6.58521 10.5884 13.869 8.07249 11.5011 11.4375 7.8487 16.1444 12.7856 11.0939 8.08816 30.1382 7.65418 7.04241 6.97873 6.57284
threshold=0 1 2 299.50000000000006 3 2016.5000000000002 4 2017.5000000000002 2016.5000000000002 2018.5000000000002 5 355.50000000000006 20.500000000000004 6 7 8 9 1635.0000000000002 25.500000000000004 10 11 12 2066.0000000000005 13 170.50000000000003 14 205.50000000000003 15 10.500000000000002 1579.5000000000002 312.50000000000006 16 17 18 285.50000000000006 19 3.5000000000000004 20 21 307.50000000000006 22 1620.5000000000002 1587.5000000000002 18.500000000000004 322.50000000000006 27.500000000000004 23 3.5000000000000004 185.00000000000003 6.5000000000000009 2021.5000000000002 24 270.50000000000006 2165.0000000000005 2018.5000000000002 314.50000000000006 25 267.50000000000006 26 27 43.500000000000007 18.500000000000004 21.500000000000004 28 19.500000000000004 29 1864.0000000000002 8.5000000000000018 97.500000000000014 145.50000000000003 30 1962.0000000000002 17.500000000000004 31 32 319.50000000000006 128.50000000000003 111.50000000000001 190.50000000000003 1988.5000000000002 33 24.500000000000004 34 1283.5000000000002 1727.0000000000002 259.50000000000006 35 4.5000000000000009 2152.0000000000005 36 2019.5000000000002 2422.0000000000005 37 38 39 27.500000000000004 2061.5000000000005 4.5000000000000009 2016.5000000000002 40 8.5000000000000018 348.50000000000006 1553.5000000000002 41 20.500000000000004 42 110.50000000000001 43 3.5000000000000004 44 124.50000000000001 45 18.500000000000004 1900.5000000000002 12.500000000000002 46 2019.5000000000002 47 22.500000000000004 2074.5000000000005 290.50000000000006 7.5000000000000009 10.500000000000002 48 49 24.500000000000004 15.500000000000002
decision_type=9 9 9 2 9 2 9 2 2 2 9 2 2 9 1 1 9 2 2 1 9 9 2 9 2 1 2 9 2 2 2 1 1 1 2 1 2 9 9 2 9 2 2 2 2 2 9 2 2 2 2 9 2 2 2 2 1 2 9 9 2 2 2 9 2 1 2 2 2 2 1 2 2 9 9 2 2 2 2 2 9 2 9 2 2 2 1 2 2 9 2 2 9 1 1 2 2 2 2 9 2 2 2 1 2 1 2 9 2 9 2 9 2 2 2 1 2 1 2 2 2 2 2 1 1 2 2
left_child=5 16 7 9 8 6 63 32 31 13 11 33 21 15 18 22 56 25 74 20 -11 -6 -4 77 71 26 -9 -27 30 -30 38 95 58 47 -8 -12 37 -19 49 53 59 42 44 -44 -42 46 -46 -7 -49 50 -28 -21 66 -40 -50 72 -2 73 -3 60 61 -31 -63 -1 65 -65 -53 -17 70 -70 -69 -25 -10 -34 -15 76 -76 -16 -79 80 -68 108 -83 -60 -18 87 -87 -86 89 90 -88 -90 93 -89 -94 97 -26 -5 99 101 103 102 -59 -101 105 -102 -24 -64 -22 -110 -111 112 114 -114 -29 -116 -117 118 120 125 -113 -119 -123 -115 -118 -120 -62
right_child=1 2 3 4 12 10 34 17 55 19 35 -13 -14 14 23 67 84 36 -20 51 81 -23 106 24 96 27 28 111 29 40 -32 -33 57 -35 -36 -37 -38 -39 39 -41 41 -43 43 -45 45 -47 -48 48 54 -51 -52 52 -54 -55 -56 -57 -58 98 83 -61 126 62 107 64 -66 -67 79 68 69 -71 -72 -73 -74 -75 75 -77 -78 78 -80 -81 -82 82 -84 -85 85 86 88 92 91 -91 -92 -93 94 -95 -96 -97 -98 -99 -100 100 104 -103 -104 -105 -106 -107 -108 -109 109 110 -112 117 113 123 115 116 124 121 119 -121 -122 122 -124 -125 -126 -127 -128
leaf_value=0.018546472675269769 -0.025956085631826328 -0.0091140940508456503 -0.017729632463571524 -0.0067562537684852444 -0.012892542883692454 0.0032662058028822337 0.025620613346476497 -0.018479798670097868 0.0016258306643458368 -0.013837529439135451 0.011978706625070383 -0.0029768076213989771 -0.0051666559659488218 0.001211799518461647 -0.0027538756597787141 0.0058355507921660325 -0.013932780605346824 0.0063947524093881146 -0.0032689700069039791 0.015670378952016138 0.0087666510917585021 -0.032819181609349227 0.0026763999559694814 -0.0049914680327932687 -0.017084129341646919 0.0024244753324779286 0.00069216359633861519 -0.0013142530882185471 0.0048140450975907275 -0.00040486367960130019 0.010975764173272888 0.0043247639815085677 -0.0091857514973207009 0.016130276403232096 0.017510129625584778 0.0073725761079194057 -0.0057863434397345363 -0.0063660482392493868 -0.0045332317491918036 -0.015598277921800491 -0.015311261654373199 0.0097663895085973382 -0.027132756122618441 -0.011299306660916754 0.0062866853858994281 -0.014079823560724167 -0.0043328810790417152 0.017741962752390841 0.013805956178957851 0.0021846002716615618 -0.014468339922392898 0.010331389745468707 0.011165037113022689 0.0072188758158258023 0.004634340715929431 0.00093180812706608509 -0.010206414434291862 -8.8768357271852864e-05 0.00098119821798899314 -0.0095405587652350014 0.0037353479924945908 -0.017456948054595963 -0.0025080264646559955 -0.0066015177380136202 0.01453882547438537 0.0097246872630683875 0.005012642716400513 -0.0039481599717899893 0.0026644181250775048 -0.013899656546831394 0.011763937960995754 0.0057656374714908105 -0.0018037303336847544 0.0023269067620981508 0.013684782609701683 0.020798334597624962 0.0035037718701149047 0.01606284967379018 0.0015618949975651593 0.0045239350004417913 -0.0075632052633460185 0.001845917524658576 0.015680494512496299 -0.0027017929771163862 -0.014018100762790808 -0.01521601769283646 -0.0091986099389300951 0.010760988231186415 -0.002269100313775094 -0.014220703036716551 0.0044958994016009715 -0.0099658038479069049 -0.015305128404229821 -0.0060001146349774968 -0.0038454975075683643 -0.0074195767171917658 -0.0053258551548675459 0.001748515648152137 -0.00062083845108989403 -0.0021716421397127866 0.010217623481451041 -0.0060329911784957292 0.0064324822066873268 -0.014378358225332422 -0.0010245257282310947 -0.0028933192413405336 -0.0091461503373769428 -0.011711056621976041 0.0089335916229538268 0.0069560805477790148 -0.0028626623600251787 -0.0014858775220635873 0.010164656454403682 0.0038796365497409738 0.0025989797885051453 -0.0023210202562190668 -0.020660414522246005 -0.00063390556211005537 -0.016182208640331572 -0.00028498120321210021 0.0049499926905620783 -0.01671001867739742 -0.0039160075408708464 -0.0019921132641741255 -0.0082559510126008189 -0.0067799407941347249 -0.0021710667956353481
leaf_weight=271 220 428 351 273 233 325 1236 283 1771 261 3017 204 233 217 200 400 416 391 334 295 275 273 210 324 266 2534 246 2589 338 620 206 3572 446 4884 708 2864 7737 277 1299 231 315 208 299 427 283 284 1902 705 695 1893 203 448 988 210 493 4287 245 977 1714 521 602 253 490 203 380 392 229 270 258 454 304 372 26084 217 468 217 307 217 201 1619 312 356 248 5648 365 857 271 319 1247 901 224 450 322 643 1507 299 239 2027 5852 357 591 368 2102 274 944 318 288 336 230 285 1190 2504 368 788 286 388 213 1126 275 628 914 519 4070 1813 347 699 2165
leaf_count=271 220 428 351 273 233 325 1236 283 1771 261 3017 204 233 217 200 400 416 391 334 295 275 273 210 324 266 2534 246 2589 338 620 206 3572 446 4884 708 2864 7737 277 1299 231 315 208 299 427 283 284 1902 705 695 1893 203 448 988 210 493 4287 245 977 1714 521 602 253 490 203 380 392 229 270 258 454 304 372 26084 217 468 217 307 217 201 1619 312 356 248 5648 365 857 271 319 1247 901 224 450 322 643 1507 299 239 2027 5852 357 591 368 2102 274 944 318 288 336 230 285 1190 2504 368 788 286 388 213 1126 275 628 914 519 4070 1813 347 699 2165
internal_value=-5.77952e-06 -0.00179786 -0.00134733 -0.000155882 -0.000994223 0.0133359 0.0179636 -0.00233534 -0.000657617 0.00243553 0.0122266 0.0141859 -0.0181903 2.37722e-05 0.0027093 -0.0035346 -0.00821872 -0.00311899 0.00719679 0.0045469 0.00143678 -0.0245469 -0.00965675 -0.00111584 -0.00436802 -0.00258991 -0.00378821 -0.00177394 -0.00347917 -0.00464829 -0.00101358 0.00242629 -0.000706917 0.0146988 0.0225508 0.00975188 -0.00523875 0.00110365 -0.00161863 -0.00455766 -0.0050157 -0.00701992 -0.00803467 -0.0178202 -0.00548283 -0.00422889 -0.0029485 0.0114226 0.0128832 0.000581908 -0.00616214 0.00679977 0.00603063 -0.00289775 0.00999989 -0.00124991 -0.0180474 0.000262103 -0.00225255 -0.00350038 -0.00277599 -0.00587031 -0.00901079 0.010541 0.00815021 0.00420706 0.00410866 -0.000412979 -0.00235975 -0.00789751 0.00450939 0.000758019 -0.00158568 -0.00552111 0.0101476 0.0119694 0.00965179 0.00517326 0.0090899 0.00281802 -0.00228712 0.00302698 0.00781651 -0.00184183 -0.00758796 -0.0072272 -0.00884741 -0.00519938 -0.00701095 -0.0103444 -0.00294206 -0.00431006 -0.00404609 -0.00038859 -0.00593525 -0.0001988 -0.0115193 0.000739036 0.000587732 0.0017802 -0.000262957 0.00324391 0.00436322 -0.00773446 0.00227989 0.00571153 -0.00416074 -0.00642378 0.00158122 0.000422274 -0.00095898 -0.00238197 -0.00115901 0.00107946 -0.00290047 -0.00622845 -0.00882589 -0.00315393 -0.0017027 -0.00584785 0.000235125 -0.00442348 -0.00536297 -0.000205949 -0.0134904 -0.00943459 -0.000886043
internal_weight=138365 121988 114001 51685 39052 16377 3190 62316 38313 12633 13187 7306 739 5897 3362 2535 7987 42080 1543 6736 2845 506 849 1819 1201 33675 13614 20061 13331 9043 4288 6171 20236 7102 1944 5881 8405 668 4082 1740 8705 3718 3510 726 2784 2469 2185 2218 1893 2342 449 3891 3596 1509 1188 32142 465 12446 7790 4987 4466 1699 1079 1246 975 595 2608 1686 1286 712 574 696 27855 663 1209 992 775 618 418 2160 541 2584 604 7362 7522 7106 3950 3156 3093 1396 495 1697 2791 962 1829 2599 505 2300 11783 5931 2484 3447 3079 631 1853 909 498 826 1980 1705 1475 17527 6792 2969 3823 1234 948 10735 5020 1602 3418 5715 4589 2601 560 974 2767
internal_count=138365 121988 114001 51685 39052 16377 3190 62316 38313 12633 13187 7306 739 5897 3362 2535 7987 42080 1543 6736 2845 506 849 1819 1201 33675 13614 20061 13331 9043 4288 6171 20236 7102 1944 5881 8405 668 4082 1740 8705 3718 3510 726 2784 2469 2185 2218 1893 2342 449 3891 3596 1509 1188 32142 465 12446 7790 4987 4466 1699 1079 1246 975 595 2608 1686 1286 712 574 696 27855 663 1209 992 775 618 418 2160 541 2584 604 7362 7522 7106 3950 3156 3093 1396 495 1697 2791 962 1829 2599 505 2300 11783 5931 2484 3447 3079 631 1853 909 498 826 1980 1705 1475 17527 6792 2969 3823 1234 948 10735 5020 1602 3418 5715 4589 2601 560 974 2767
cat_boundaries=0 3 6 9 10 13 16 17 18 19 22 23 25 26 29 30 33 34 35 36 37 38 39 40 43 45 46 49 52 53 54 55 56 59 60 61 62 64 65 66 67 68 69 70 71 72 73 74 75 76 77
cat_threshold=268494848 3776 4202507 56754176 100737024 8404992 142606592 4456464 1608336 136 0 3072 1 34816 3136 2 20 3117 2596 18874368 8192 16384 968 1028 536870912 14 1024 536887296 1024 2069 256 4456448 557184 3656 2450 2372 3621 22 14 25 134217984 0 128 1536 2147483648 2245 0 4456448 1081856 134217728 16 1049104 1 568 145 268599296 262656 2684354560 1024 12 28 2242 33685504 67108864 10 2069 9 28 1065 1608 17 75497984 20 192 586 296 296
is_linear=0
shrinkage=0.05


Tree=31
num_leaves=128
num_cat=42
split_feature=2 2 2 10 1 6 2 6 6 6 8 2 7 4 2 2 10 2 10 4 2 8 7 0 4 10 2 7 7 4 10 4 8 4 7 5 4 2 8 9 7 10 4 4 10 4 2 8 8 6 7 4 9 7 7 6 9 8 7 9 9 9 9 9 4 7 10 10 6 4 4 2 9 6 10 8 4 8 9 9 7 10 6 7 2 7 2 10 7 4 8 7 8 8 8 7 7 4 10 4 7 4 7 7 7 4 10 1 7 8 6 8 6 7 7 10 7 4 6 4 7 9 4 9 7 7 9
split_gain=1194.84 127.533 48.4645 40.5814 82.0546 30.5423 37.4331 28.6978 24.9168 23.235 22.2119 24.8181 19.44 19.1679 25.8152 18.7351 17.6103 17.2834 17.028 16.9639 24.3771 13.9787 12.9426 12.6424 11.8411 22.5082 18.5154 14.357 11.6331 11.5799 11.4124 11.1116 10.6895 10.6565 10.538 12.0595 10.3172 9.87284 9.84376 14.3329 9.60686 9.88498 9.47387 9.27417 13.8723 9.21659 9.15331 12.8819 8.80686 8.75819 7.78726 7.76321 7.6997 8.50022 11.7218 7.99413 7.56263 7.15301 7.10002 6.79583 6.76267 6.68264 6.47655 7.18382 7.5829 9.48287 18.3597 7.07694 12.2304 9.00404 8.86817 8.67092 12.8993 9.48537 9.3103 8.72691 7.44095 8.70386 6.81374 6.43559 6.35818 6.31295 6.31053 6.80247 16.2757 11.3365 11.4493 9.44834 12.7281 7.59727 6.66781 6.28233 6.2008 14.9712 6.62453 6.15673 11.8434 12.4316 5.74084 7.85443 5.73987 5.55703 6.3031 7.93971 6.02073 5.47796 7.27215 5.2304 10.0969 5.21024 7.24924 5.10105 5.05638 5.0465 10.0174 5.03359 6.18169 13.2209 11.1159 14.1102 10.2097 8.56991 8.30563 6.97842 12.2626 10.2232 9.86097
threshold=0 1 2 299.50000000000006 3 2016.5000000000002 4 2017.5000000000002 2016.5000000000002 2018.5000000000002 360.50000000000006 5 20.500000000000004 6 7 8 200.50000000000003 9 1635.0000000000002 10 11 170.50000000000003 12.500000000000002 12 13 205.50000000000003 14 24.500000000000004 28.500000000000004 15 232.50000000000003 16 285.50000000000006 17 3.5000000000000004 18 19 20 29.500000000000004 1669.5000000000002 3.5000000000000004 185.00000000000003 21 22 97.500000000000014 23 24 270.50000000000006 314.50000000000006 2018.5000000000002 21.500000000000004 25 1579.5000000000002 10.500000000000002 8.5000000000000018 2021.5000000000002 1864.0000000000002 17.500000000000004 3.5000000000000004 1988.5000000000002 2170.0000000000005 1530.5000000000002 2470.5000000000005 1727.0000000000002 26 4.5000000000000009 229.50000000000003 255.00000000000003 2017.5000000000002 27 28 29 2152.0000000000005 2019.5000000000002 313.00000000000006 298.50000000000006 30 254.50000000000003 2048.5000000000005 2143.5000000000005 27.500000000000004 1561.5000000000002 2016.5000000000002 20.500000000000004 31 7.5000000000000009 32 1477.0000000000002 16.500000000000004 33 72.500000000000014 4.5000000000000009 200.50000000000003 221.50000000000003 187.50000000000003 21.500000000000004 25.500000000000004 34 259.50000000000006 35 5.5000000000000009 36 6.5000000000000009 2.5000000000000004 7.5000000000000009 37 149.50000000000003 38 14.500000000000002 270.50000000000006 2019.5000000000002 329.50000000000006 2019.5000000000002 10.500000000000002 12.500000000000002 1886.0000000000002 22.500000000000004 39 2018.5000000000002 40 16.500000000000004 2110.5000000000005 41 1669.5000000000002 12.500000000000002 14.500000000000002 2119.5000000000005
decision_type=9 9 9 2 9 2 9 2 2 2 2 9 2 1 9 9 2 9 2 1 9 2 2 9 1 2 9 2 2 1 2 1 2 1 2 1 1 9 2 2 2 2 1 1 2 1 9 2 2 2 2 1 2 2 2 2 2 2 2 2 2 2 2 2 1 2 2 2 2 1 1 9 2 2 2 2 1 2 2 2 2 2 2 2 9 2 9 2 2 1 2 2 2 2 2 2 2 1 2 1 2 1 2 2 2 1 2 9 2 2 2 2 2 2 2 2 2 1 2 1 2 2 1 2 2 2 2
left_child=5 17 7 9 8 6 51 30 31 13 11 33 22 14 -4 23 28 45 24 20 -11 -18 -6 29 25 -9 98 52 43 -15 105 80 81 40 35 -20 113 -29 79 -40 -7 -42 61 44 -17 -2 -21 56 57 -43 58 -1 -27 54 55 101 -48 -10 -22 -58 -52 -32 63 -19 -65 66 -66 76 69 -69 -70 73 75 -72 -74 78 77 -67 -73 -39 91 -8 -44 85 -85 -84 -87 -88 90 -86 -89 -5 94 -94 -93 -33 97 -97 -26 -100 -50 102 103 -54 -104 -3 -107 -53 -109 -41 -111 -112 -105 -13 -115 116 118 -118 119 -59 121 -121 123 124 -120 126 -125
right_child=1 2 3 4 12 10 32 18 48 19 -12 36 -14 15 -16 16 21 62 34 46 50 -23 -24 -25 26 27 -28 37 -30 -31 42 95 -34 -35 -36 -37 -38 38 39 109 41 49 82 -45 -46 -47 47 -49 100 -51 60 107 53 -55 -56 -57 59 115 -60 -61 -62 -63 -64 64 65 67 -68 68 70 -71 71 72 74 -75 -76 -77 -78 -79 -80 -81 -82 -83 83 84 89 86 87 88 -90 -91 -92 92 93 -95 -96 96 -98 -99 99 -101 -102 -103 104 112 -106 106 -108 108 -110 110 111 -113 -114 114 -116 -117 117 -119 122 120 -122 -123 -124 125 -126 -127 -128
leaf_value=0.0036392935094203081 -0.025099576461289609 -0.012851065269046247 -0.0050320127531259034 -0.0064184413321150789 -0.013863476687435842 0.0028186401299203881 0.020648644428566273 -0.017555808949763701 0.0015898541448655227 -0.011671263385848011 -0.0027129068698312315 0.0081092800225514034 -0.0059260936070669734 0.0016526239784646587 0.010413958105393556 0.011087343004359975 -0.0031366731384213069 -0.013236141785903153 -0.0062515855268336449 0.014912548725737535 0.008284896827493218 -0.018976615199112687 -0.029220680546638501 -0.0047485856694541237 0.0066567443192610118 0.0041712694520897728 -0.0022635681813739355 -0.014483283117644975 -0.011365507951779093 0.013707158101372461 0.0036665924955741505 0.0027094789144037519 0.016634622903884882 0.015295869526456521 -0.0054970262269044843 0.0070502314784228462 0.007148287526029644 -0.0033729274125111081 -0.013092071181651385 0.0020966957182673262 0.017128014697150137 0.013115658416771229 0.0016023274402615262 -0.003201470100452897 -0.00085761757588043652 -0.0096119139826241675 0.009814820265936372 0.010606785350302914 0.0068916047352456282 0.0044026235728685205 0.010387328507991039 0.018333287447783796 0.0057859545684282171 -0.003951459515455261 0.0043183768050734242 -0.010557635360121451 -0.0021751186885641174 0.0016257404459000967 -0.00053902143349475722 0.0042977382608124113 0.0016233348875262198 -0.0022620503138847101 -0.01320156336220012 0.00097697020583114224 -0.024346779881540791 -0.0032573602116236972 -0.0071689916344451279 0.0056450648287995663 -0.018588631355854136 -0.0056410503195553664 -0.0087656011679268214 -0.0073199735264461198 -0.012361132632941009 0.0020588753524732558 -5.7156915102305625e-05 -0.024007988198606584 -0.0067242317142995047 0.0077794941319163109 -0.018861459241032233 -0.012844008762069073 -0.007048597560267285 0.027799114276382278 -0.0031260803921867933 -0.013811291808141741 0.0025491547415672682 0.010173452008187492 -0.005016396516996157 0.005441779216839554 0.00962611910668487 -0.0038953472434266078 -0.0027715069174851664 0.00095034112504014171 0.014812792592346366 0.0011303366197617608 -0.0096455266571989877 0.021210364232428822 0.0020576381370367536 0.0056395839086866807 -0.0055369325740270356 0.0025261683166776412 0.00038860170692168062 -0.0034794707909859579 0.010571591155386943 -0.00057820721471216533 -0.0002835396736153501 0.0035169381458946035 -0.0067561944625083095 0.017530384431196814 0.004068500481815519 0.0014663827923319629 -0.011989785336621412 -0.0020217537174334822 -0.0097270879914847352 0.023211178195253375 0.011673032283416212 0.0009572215290659645 0.0020551647624873983 -0.0023254906482526967 -0.013659344010273786 0.00056055495807501895 -0.0072775428869245378 -0.0061894630347326049 -0.0049208108024296447 0.0031339451991666115 0.00072337853788055455 -0.0044131885575276752 -0.002427940165436418
leaf_weight=368 216 209 391 273 258 318 598 283 1768 309 265 801 284 429 846 346 268 416 302 295 274 290 293 283 585 425 17527 328 282 381 512 2443 708 4894 7737 366 2791 263 310 650 661 695 6047 1564 817 249 448 988 372 493 527 301 244 5727 834 270 541 3154 1357 1619 378 6633 427 331 218 882 543 239 242 610 478 320 278 351 344 208 1198 224 213 564 299 638 1347 287 782 403 491 370 490 1076 744 526 247 1049 205 224 565 340 363 1586 3863 1697 258 320 253 241 604 235 342 381 292 229 286 207 2062 1672 2772 4515 330 1750 996 643 4862 1526 269 1886 1668
leaf_count=368 216 209 391 273 258 318 598 283 1768 309 265 801 284 429 846 346 268 416 302 295 274 290 293 283 585 425 17527 328 282 381 512 2443 708 4894 7737 366 2791 263 310 650 661 695 6047 1564 817 249 448 988 372 493 527 301 244 5727 834 270 541 3154 1357 1619 378 6633 427 331 218 882 543 239 242 610 478 320 278 351 344 208 1198 224 213 564 299 638 1347 287 782 403 491 370 490 1076 744 526 247 1049 205 224 565 340 363 1586 3863 1697 258 320 253 241 604 235 342 381 292 229 286 207 2062 1672 2772 4515 330 1750 996 643 4862 1526 269 1886 1668
internal_value=-5.84626e-06 -0.00170861 -0.0012803 -0.000148152 -0.000945042 0.0126709 0.0170688 -0.00221912 -0.000603875 0.00231513 0.0116166 0.0119105 -0.0163567 2.3349e-05 0.00553048 -0.00144729 -0.0032017 -0.00781278 -0.00296356 0.00432147 0.00136715 -0.0113689 -0.0220298 0.00425536 -0.00246107 -0.0035996 -0.00168579 -0.00330603 -0.00169779 0.00742073 -0.000672194 0.00230533 0.0214233 0.0139322 -0.00497681 0.00104849 0.00943492 -0.00633989 -0.0052731 -0.00327658 0.0107964 0.0122269 -0.000393857 -0.000698044 0.0026731 -0.0171831 0.00646146 0.00572874 -0.00116428 0.0094999 0.00299543 0.0100226 -0.00241857 -0.00270179 -0.00098221 -0.00231054 0.00390274 -0.00148773 0.000943354 0.00267653 0.00672679 -0.00183464 -0.00721148 -0.00686114 -0.00646407 -0.00684282 -0.0120898 -0.00614038 -0.00763115 -0.00246388 -0.00943354 -0.00830013 -0.0107863 -0.00413265 -0.00555636 -0.0153219 -0.00401617 -0.00101289 -0.0119322 -0.00983204 -0.00018886 0.0243396 0.000462515 -0.000687372 -0.0029433 0.000571134 0.00256479 0.0010476 0.00291038 -0.00118384 -4.35753e-05 0.000702085 0.00166109 0.00373803 -0.00202114 0.00410913 0.00717418 0.0122998 0.00230373 0.00100897 0.000959822 -0.00158238 0.000802724 -0.00182965 0.00519713 -0.00573771 -0.00378147 0.0126269 0.00938853 -0.00131601 -0.00377529 -0.00760844 -0.004896 0.0114838 0.0127257 -0.00169666 -0.00187874 -0.000659445 -0.00239881 -0.000779985 -0.00301479 -0.00125318 -0.00340365 -0.0020924 -0.00720033 -0.00149423 0.000229366
internal_weight=138365 121988 114001 51685 39052 16377 3190 62316 38217 12633 13187 12922 835 5897 1237 4660 3567 7987 42080 6736 2845 558 551 1093 33675 13614 20061 13331 3009 810 20236 6171 1944 7061 8405 668 5861 3017 2689 1862 2167 1849 19182 2727 1163 465 3891 3596 32046 1188 2536 1246 10314 9889 4162 3328 2608 27811 1631 2160 905 7145 7522 7095 6679 6348 761 5587 3283 849 2434 2192 1363 829 622 741 2304 1106 533 827 2599 1236 12037 5990 2145 3845 2498 2095 1604 1858 1114 2300 2027 1296 731 3572 1129 564 2534 1949 4235 3058 1361 850 511 1054 845 878 577 1552 902 521 606 3070 2269 26043 24371 7287 17084 6543 3389 2393 10541 5679 599 5080 3194
internal_count=138365 121988 114001 51685 39052 16377 3190 62316 38217 12633 13187 12922 835 5897 1237 4660 3567 7987 42080 6736 2845 558 551 1093 33675 13614 20061 13331 3009 810 20236 6171 1944 7061 8405 668 5861 3017 2689 1862 2167 1849 19182 2727 1163 465 3891 3596 32046 1188 2536 1246 10314 9889 4162 3328 2608 27811 1631 2160 905 7145 7522 7095 6679 6348 761 5587 3283 849 2434 2192 1363 829 622 741 2304 1106 533 827 2599 1236 12037 5990 2145 3845 2498 2095 1604 1858 1114 2300 2027 1296 731 3572 1129 564 2534 1949 4235 3058 1361 850 511 1054 845 878 577 1552 902 521 606 3070 2269 26043 24371 7287 17084 6543 3389 2393 10541 5679 599 5080 3194
cat_boundaries=0 3 6 9 10 13 16 17 20 23 26 27 29 30 31 34 35 36 37 38 39 42 43 44 45 47 48 49 50 51 53 54 57 60 61 62 63 64 65 66 67 68 69
cat_threshold=268494848 3776 4202507 56754176 100737024 8404992 142606592 4456464 1608336 547356672 0 3072 1 0 3072 2 1033 2147745792 2281717760 1024 2147484676 16384 1024 18874368 8192 16384 968 1028 671088640 13 2069 256 4456448 557184 2146 3656 2372 2 3621 256 0 128 2450 354 2189 1536 2147483648 840 16 13 2240 4325376 67108864 3460 256 4194304 1048704 134217984 0 1048704 100 274 320 2049 3088 524288 2448 1826 630
is_linear=0
shrinkage=0.05


Tree=32
num_leaves=128
num_cat=49
split_feature=2 2 2 10 1 3 6 2 6 6 6 4 2 10 2 8 1 8 4 2 10 2 7 6 10 7 2 6 4 10 2 7 9 4 4 8 7 10 7 5 8 8 3 10 10 7 10 7 2 2 8 3 4 4 7 7 6 8 10 8 8 2 6 8 7 8 8 2 2 3 10 7 3 7 10 4 10 8 3 8 8 9 9 8 6 3 4 7 4 7 7 7 8 3 8 7 4 6 4 7 8 7 4 9 7 7 7 9 4 4 7 4 4 10 9 7 7 9 9 2 8 4 8 2 3 4 4
split_gain=1078.6 115.236 43.8272 38.1929 77.7719 31.328 27.592 33.7695 25.706 22.5179 21.257 20.4245 23.7166 20.1435 33.1866 20.0487 22.577 17.2575 15.5432 21.8512 15.1673 14.1817 19.6682 14.9004 14.051 29.8499 11.1401 13.4596 10.871 22.5875 16.7378 13.0011 10.6705 10.4999 10.0466 9.83362 9.78833 9.68475 9.5124 10.9171 9.47583 9.07753 8.94727 22.2003 30.9 16.379 13.4207 11.857 10.6966 8.51195 11.5704 8.49307 31.2931 10.0402 12.7984 8.19094 16.2126 10.2988 8.48028 8.18799 8.10857 8.02559 10.567 11.7254 7.9836 7.94863 7.93868 7.39493 6.9581 9.22395 8.28468 6.86172 12.7276 6.85699 8.88085 11.2489 10.0089 10.928 6.71766 10.6168 7.75552 8.36731 6.63674 6.60615 6.56458 7.85221 14.017 7.98129 7.6856 9.89035 8.34874 7.14178 6.92002 11.6286 7.28933 6.52107 19.0301 6.51531 9.46329 6.8457 6.72318 7.40508 15.3908 7.47345 8.73104 8.38216 6.71677 13.2769 11.2717 9.27793 7.32508 6.54226 6.47237 14.9021 10.0297 8.31239 7.71694 8.88978 7.13234 7.87474 10.5671 6.46552 6.45587 6.42668 6.3891 13.8447 6.5185
threshold=0 1 2 299.50000000000006 3 4 2016.5000000000002 5 2017.5000000000002 2016.5000000000002 2018.5000000000002 6 7 261.00000000000006 8 360.50000000000006 9 27.500000000000004 10 11 1635.0000000000002 12 28.500000000000004 2016.5000000000002 348.00000000000006 15.500000000000002 13 2017.5000000000002 14 205.50000000000003 15 10.500000000000002 1579.5000000000002 16 17 347.50000000000006 8.5000000000000018 322.50000000000006 3.5000000000000004 18 168.50000000000003 194.50000000000003 19 1620.5000000000002 1587.5000000000002 18.500000000000004 322.50000000000006 27.500000000000004 20 21 270.50000000000006 22 23 24 16.500000000000004 18.500000000000004 2020.5000000000002 17.500000000000004 1608.5000000000002 95.500000000000014 74.500000000000014 25 2019.5000000000002 25.500000000000004 12.500000000000002 314.50000000000006 187.50000000000003 26 27 28 279.00000000000006 25.500000000000004 29 7.5000000000000009 146.50000000000003 30 82.500000000000014 137.50000000000003 31 307.50000000000006 6.5000000000000009 2143.5000000000005 1864.0000000000002 45.500000000000007 2016.5000000000002 32 33 4.5000000000000009 34 24.500000000000004 8.5000000000000018 13.500000000000002 237.50000000000003 35 117.50000000000001 6.5000000000000009 36 2020.5000000000002 37 18.500000000000004 35.500000000000007 3.5000000000000004 38 2329.5000000000005 9.5000000000000018 11.500000000000002 25.500000000000004 1908.0000000000002 39 40 15.500000000000002 41 42 46.000000000000007 1727.0000000000002 22.500000000000004 11.500000000000002 1941.5000000000002 2010.0000000000002 43 301.50000000000006 44 17.500000000000004 45 46 47 48
decision_type=9 9 9 2 9 9 2 9 2 2 2 1 9 2 9 2 9 2 1 9 2 9 2 2 2 2 9 2 1 2 9 2 2 1 1 2 2 2 2 1 2 2 9 2 2 2 2 2 9 9 2 9 1 1 2 2 2 2 2 2 2 9 2 2 2 2 2 9 9 9 2 2 9 2 2 1 2 2 9 2 2 2 2 2 2 9 1 2 1 2 2 2 2 9 2 2 1 2 1 2 2 2 1 2 2 2 2 2 1 1 2 1 1 2 2 2 2 2 2 9 2 1 2 9 9 1 1
left_child=6 24 8 10 9 -6 7 41 33 34 11 12 -4 14 -13 16 95 -7 19 -12 28 40 23 51 37 -26 -18 59 29 -10 -30 36 -33 67 -5 -19 78 112 39 -22 -16 66 55 44 46 -46 -44 48 -48 -20 82 52 -23 -53 -55 56 58 -58 64 83 -9 -57 63 -63 -34 122 -1 -3 84 -70 -71 -21 -73 -25 75 76 -75 -78 80 -80 81 -31 -51 -28 85 86 91 -87 89 121 -90 -35 93 -88 -95 96 -8 100 99 -99 -29 102 -102 104 111 -105 107 -106 110 -108 -109 -103 113 -2 -115 116 -116 -118 119 -114 -121 -89 -11 -119 126 -126 -62
right_child=1 2 3 4 5 17 15 60 20 65 18 13 -14 -15 21 -17 26 35 49 71 38 22 -24 73 25 -27 27 97 30 31 -32 32 42 68 -36 -37 -38 -39 -40 -41 -42 -43 43 -45 45 -47 47 -49 -50 50 -52 53 -54 54 -56 61 57 -59 -60 -61 124 62 -64 -65 -66 -67 -68 -69 69 70 -72 72 -74 74 -76 -77 77 -79 79 -81 -82 -83 -84 -85 -86 87 92 88 90 -91 -92 -93 -94 94 -96 -97 -98 98 -100 -101 101 103 -104 105 106 -107 109 108 -110 -111 -112 -113 118 114 115 -117 117 123 -120 120 -122 -123 -124 -125 125 -127 -128
leaf_value=0.021505075852432873 -0.015116688629548014 -0.0017126423214943805 -0.0047866862743368328 -0.00017941698526386025 -0.031059428938519359 -0.022133895364063589 0.021719514684954668 0.017002839937266766 -0.018161280798403824 0.0015103613786629562 -0.011105993704660139 -0.019770696882468349 0.0097991439960798416 0.013220189584587986 0.0010679086904306196 -0.0025772612060437788 0.0049118674349556898 0.0014531715335758357 0.014191368428582197 0.0014645695187158895 -0.0059490248814631158 0.0014941153532767038 -0.013146458769397877 0.0077881489395974328 -0.0023124338697059462 -0.028117637389152461 0.012501494410564676 0.0020515797949492327 0.00218794994591012 -0.012756170406770545 -0.002159782940532397 0.0044651988248985549 -0.0091748192532024545 0.0041039330725341217 0.0039074210229236434 -0.011525848281441951 0.0038755377377419245 0.00049277664651386794 -0.005222174945157314 0.0067070950734481084 0.015112621668045976 0.017539178450438141 -0.015331265384476659 0.0093850758515495389 -0.025578544634381889 -0.010319316535272072 -0.0039982278800487301 -0.013479269304548083 0.0058662485445556412 0.0090694685773433838 0.0098900492365784562 0.0051748930073166593 -0.020367553267849836 0.0026397517080097889 -0.013130719224988882 -0.01304252968131946 -0.001359891785496053 0.01316816893282248 -0.01144528290606104 0.012197221260673057 0.00511369695870398 -0.010879523694890286 -0.0066502604487109346 0.0018454173773246399 0.0009519559005218719 0.00091183087648466499 0.032357858272635535 -0.0084178840368082444 -0.0061781616674690875 -0.0062687076416679047 0.0051736557642373159 -0.0024340267610952473 0.013343077206531582 0.010726184856849818 0.0080895810112216818 -0.0071609096813085764 0.0053096457445544415 -0.0087229559472867101 -0.0028239752181449407 -0.014529253570666617 0.0016203079570828599 0.00097178789909204213 0.0025754406729467955 0.023156515089890157 -0.00057336546893940298 -0.0075890226091476195 0.010589211370398949 0.012816696606594645 -0.0088351550484341655 -0.0022350211631957727 0.00047428343457367152 -0.0064325849811791048 0.013236610534097257 0.0064019396248811908 -0.0054280306214215335 0.016245248346598282 0.0021226900583413621 0.020599942695721039 0.0080281677227656643 0.011095346885330953 -0.0051998833556825778 0.01856133061807284 0.011605686307703755 0.0065747949245295164 -0.003449376421392758 0.018226084913255253 0.017961272808294359 0.0045670250326650527 0.0037184535465136464 0.0067253633057387562 0.015155734526940601 0.006864151488310895 0.00074703969955122263 -0.014631174125465184 -0.0025638235845840242 0.00011269742516212783 -0.015997634009196592 0.0020213252567641794 -0.010621501109560878 -0.0042638018920943882 -0.016473683762797342 0.0038692173439656093 -0.0016118987292850836 -0.0081591634216929016 -0.0061548317909004731 0.01118282023251992 0.016454136606614055
leaf_weight=602 391 7271 391 2599 221 207 201 308 256 1768 309 244 935 222 292 265 988 279 295 2122 302 341 371 385 211 239 241 358 2534 223 17200 338 255 292 3572 306 861 416 7737 366 204 1036 282 208 299 427 1860 281 314 475 1034 338 309 238 280 261 209 293 264 1749 271 221 1577 1001 822 4235 234 428 890 235 484 201 346 245 302 508 290 266 1228 230 1465 221 2291 367 5116 282 492 297 285 446 1554 358 360 237 289 2520 322 443 757 331 256 364 273 226 305 487 331 226 852 499 589 237 337 241 1068 868 292 200 2253 505 273 686 26043 693 211 233 295
leaf_count=602 391 7271 391 2599 221 207 201 308 256 1768 309 244 935 222 292 265 988 279 295 2122 302 341 371 385 211 239 241 358 2534 223 17200 338 255 292 3572 306 861 416 7737 366 204 1036 282 208 299 427 1860 281 314 475 1034 338 309 238 280 261 209 293 264 1749 271 221 1577 1001 822 4235 234 428 890 235 484 201 346 245 302 508 290 266 1228 230 1465 221 2291 367 5116 282 492 297 285 446 1554 358 360 237 289 2520 322 443 757 331 256 364 273 226 305 487 331 226 852 499 589 237 337 241 1068 868 292 200 2253 505 273 686 26043 693 211 233 295
internal_value=-5.61023e-06 -0.00162342 -0.00121628 -0.000154386 -0.000937966 -0.0145434 0.0120387 0.0162188 -0.00212145 -0.000573377 0.00216829 2.1194e-05 0.00549456 -0.00148816 -0.00219923 0.0110366 0.0113158 -0.00960498 0.00403854 0.00127228 -0.00283096 -0.00116997 -0.00219369 -0.00103962 -0.00742583 -0.0160179 0.010112 0.0106837 -0.0023497 -0.00344934 -0.00160067 -0.00316534 -0.00424863 -0.000649173 0.00219224 -0.00533585 -0.00088194 -0.0069227 -0.00472792 0.000996665 0.0067091 0.0205571 -0.00459214 -0.00646274 -0.00743328 -0.0166038 -0.00500077 -0.00381413 -0.00256487 0.0060324 0.00536342 -0.00479435 -0.00904972 -0.00144051 -0.00577337 -0.00317193 -0.000545073 0.00711963 -0.00341434 0.0139348 0.00982646 -0.00476441 -0.00393185 -0.000455902 -0.00144575 -0.00110612 0.0245428 -0.00209583 0.000257616 -0.00279768 0.00141413 0.00274146 0.00774507 0.00179336 0.000360713 -0.00142242 0.00227794 -0.00140379 -0.00209851 -0.00463867 -0.00013346 -0.00592311 0.00369065 0.0189331 0.000719494 0.00190656 0.0043793 0.000480279 0.00117806 0.00391305 -0.000963214 -0.00167351 0.00722588 0.00517126 -9.59723e-05 0.015141 0.01011 0.00952727 0.0123814 0.0163244 0.00865385 0.0091627 0.00359403 0.00987841 0.00890318 0.014533 0.00773024 0.00614205 0.00789693 0.0115036 0.0120714 0.0143717 -0.0073559 -0.00586229 -0.00480344 -0.00404456 -0.0056462 -0.00842424 -0.00897619 -0.00573212 -0.00843977 0.00674232 -0.00141341 -0.00594783 0.00773531 0.00298944 0.0112074
internal_weight=138365 121988 114001 52464 39230 1013 16377 3190 61537 38217 13234 6161 1326 4835 4613 13187 12922 792 7073 2978 41535 4369 3873 3502 7987 450 9879 8891 33130 13396 19734 13140 8912 20002 6171 585 4228 7537 8405 668 496 1872 8574 3671 3463 726 2737 2455 2174 4095 3800 1506 650 856 518 4903 1843 502 1341 2357 1318 3060 2799 1222 1077 32046 836 7699 12303 1609 719 2669 547 1996 1611 1309 801 556 3367 1458 1909 444 2766 608 10694 5578 2028 3550 3268 1429 1839 650 1378 1018 526 3043 523 6534 1531 774 5003 4645 529 4116 3403 713 2802 1972 1667 830 815 601 7121 3753 3362 3121 2253 1185 3368 1115 778 983 27811 893 1010 444 566
internal_count=138365 121988 114001 52464 39230 1013 16377 3190 61537 38217 13234 6161 1326 4835 4613 13187 12922 792 7073 2978 41535 4369 3873 3502 7987 450 9879 8891 33130 13396 19734 13140 8912 20002 6171 585 4228 7537 8405 668 496 1872 8574 3671 3463 726 2737 2455 2174 4095 3800 1506 650 856 518 4903 1843 502 1341 2357 1318 3060 2799 1222 1077 32046 836 7699 12303 1609 719 2669 547 1996 1611 1309 801 556 3367 1458 1909 444 2766 608 10694 5578 2028 3550 3268 1429 1839 650 1378 1018 526 3043 523 6534 1531 774 5003 4645 529 4116 3403 713 2802 1972 1667 830 815 601 7121 3753 3362 3121 2253 1185 3368 1115 778 983 27811 893 1010 444 566
cat_boundaries=0 3 6 9 10 11 14 15 18 20 21 22 24 27 30 31 34 35 36 37 38 41 43 44 45 46 49 52 55 56 57 58 59 60 61 62 63 64 65 66 67 68 69 70 73 74 77 78 79 80
cat_threshold=268494848 3776 4202507 56754176 100737024 8404992 142606592 4456448 1608336 547356672 1 0 0 10 1033 2147745792 2281717760 1024 512 16 786432 968 1028 671088640 2147484676 0 1024 0 0 1 2069 256 4456448 557184 2450 3656 2 25 0 0 16 1536 2147483648 20 914 2100 256 0 128 142606592 0 2192 142606336 0 1081872 11 24 482 14 24 9 521 16 3457 3115 780 1952 3396 860 1944 131072 100663296 16384 512 131072 0 8388608 25 1320 198
is_linear=0
shrinkage=0.05


Tree=33
num_leaves=128
num_cat=49
split_feature=2 2 2 10 1 3 6 2 6 6 6 8 2 3 4 4 7 8 4 2 10 10 7 10 4 9 2 4 3 4 8 4 4 7 4 8 10 7 3 2 0 7 10 7 4 10 4 4 2 8 3 7 3 2 4 6 8 8 7 6 7 3 2 8 8 8 3 6 7 7 7 6 10 7 7 9 9 7 1 8 9 4 10 9 7 9 9 7 10 9 7 2 3 10 8 6 9 10 3 10 4 7 6 7 7 7 8 6 3 4 7 4 8 3 2 7 10 3 7 6 3 4 7 7 8 3 8
split_gain=974.031 104.004 39.5379 33.643 70.3503 28.4671 24.9067 30.5204 23.5519 20.3263 19.0602 18.1043 21.0009 16.7369 17.0902 16.5956 21.3989 15.5749 15.138 28.0724 13.5573 12.68 26.9395 12.1095 24.0814 11.4415 11.2748 9.81771 9.6483 9.48723 9.10999 9.06979 9.02399 9.01589 13.0569 8.87484 8.74138 8.58659 9.22607 8.5002 8.16062 7.82895 8.38261 7.77778 21.4463 16.1436 15.0665 11.7273 7.7126 10.3248 7.64341 7.56005 7.50284 7.94349 7.92839 7.49155 7.38997 7.31567 9.90604 7.44138 7.18433 11.524 6.65848 6.4615 8.11605 7.41418 6.41073 7.30789 6.29241 7.70894 10.3634 6.87094 6.16744 6.15646 8.70957 5.94125 5.86413 5.85183 6.87836 6.72972 6.91483 5.83737 13.4466 9.05002 7.50566 6.97722 7.51629 9.82589 6.94336 6.79651 8.25278 12.3286 13.4441 18.4645 6.91119 6.43483 8.94675 5.78976 5.7759 8.54316 11.2478 10.5117 6.6516 5.73825 5.68481 5.6698 5.66145 6.16285 9.59114 7.35116 6.48921 7.10234 6.15073 6.8188 5.61988 10.4819 8.64805 6.2677 7.03567 5.89021 7.27914 12.7228 6.90377 7.18202 6.86632 10.1521 6.57862
threshold=0 1 2 299.50000000000006 3 4 2016.5000000000002 5 2017.5000000000002 2016.5000000000002 2018.5000000000002 360.50000000000006 6 7 8 9 25.500000000000004 27.500000000000004 10 11 1635.0000000000002 348.00000000000006 15.500000000000002 204.50000000000003 12 2066.0000000000005 13 14 15 16 194.50000000000003 17 18 19.500000000000004 19 347.50000000000006 322.50000000000006 3.5000000000000004 20 21 22 3.5000000000000004 185.00000000000003 8.5000000000000018 23 97.500000000000014 24 25 26 270.50000000000006 27 6.5000000000000009 28 29 30 2018.5000000000002 187.50000000000003 343.50000000000006 14.500000000000002 2019.5000000000002 25.500000000000004 31 32 361.50000000000006 357.50000000000006 313.50000000000006 33 2017.5000000000002 17.500000000000004 9.5000000000000018 4.5000000000000009 2019.5000000000002 110.50000000000001 14.500000000000002 18.500000000000004 2022.5000000000002 1864.0000000000002 3.5000000000000004 34 124.50000000000001 1994.5000000000002 35 46.000000000000007 1727.0000000000002 22.500000000000004 2267.5000000000005 2102.0000000000005 11.500000000000002 255.00000000000003 2470.5000000000005 4.5000000000000009 36 37 200.50000000000003 299.50000000000006 2018.5000000000002 2022.5000000000002 220.50000000000003 38 1620.5000000000002 39 25.500000000000004 2019.5000000000002 27.500000000000004 5.5000000000000009 4.5000000000000009 17.500000000000004 2017.5000000000002 40 41 16.500000000000004 42 24.500000000000004 43 44 19.500000000000004 1477.0000000000002 45 10.500000000000002 2016.5000000000002 46 47 4.5000000000000009 7.5000000000000009 237.50000000000003 48 117.50000000000001
decision_type=9 9 9 2 9 9 2 9 2 2 2 2 9 9 1 1 2 2 1 9 2 2 2 2 1 2 9 1 9 1 2 1 1 2 1 2 2 2 9 9 9 2 2 2 1 2 1 1 9 2 9 2 9 9 1 2 2 2 2 2 2 9 9 2 2 2 9 2 2 2 2 2 2 2 2 2 2 2 9 2 2 1 2 2 2 2 2 2 2 2 2 9 9 2 2 2 2 2 9 2 1 2 2 2 2 2 2 2 9 1 2 1 2 9 9 2 2 9 2 2 9 1 2 2 2 9 2
left_child=6 21 8 10 9 -6 7 28 27 31 13 12 29 14 25 51 39 -7 19 -12 23 36 -23 24 -10 -4 -18 62 -1 41 56 103 -14 34 -30 -19 81 38 -22 40 -17 -8 -43 44 -16 47 -47 -45 -20 76 -32 -15 54 63 68 -44 -9 98 -59 -60 77 -62 -3 64 65 106 67 -67 69 70 -11 -71 -27 -68 -75 -70 -50 -21 -79 -80 -81 82 -2 -84 85 86 87 104 -89 90 -83 94 -93 -94 95 -92 -97 -86 99 100 101 102 -25 105 -85 -5 -54 108 109 -108 111 -110 113 -109 115 117 -117 -29 -119 120 121 -116 -122 -124 125 -123 -127
right_child=1 2 3 4 5 17 11 30 20 52 18 -13 32 15 43 16 26 35 48 60 37 22 -24 57 -26 72 -28 114 33 -31 50 -33 -34 -35 -36 -37 -38 -39 -40 -41 -42 42 55 45 -46 46 -48 -49 49 -51 -52 -53 53 -55 -56 -57 -58 58 59 -61 61 -63 -64 -65 -66 66 73 -69 75 71 -72 -73 -74 74 -76 -77 -78 78 79 80 -82 89 83 84 97 -87 -88 88 -90 -91 91 92 93 -95 -96 96 -98 -99 -100 -101 -102 -103 -104 -105 -106 -107 107 112 110 -111 -112 -113 -114 -115 119 116 -118 118 -120 -121 122 124 123 -125 -126 126 -128
leaf_value=0.017161727784106792 -0.01436085424384774 -0.0016427260339704948 -0.015435197511839721 -0.0060885482257907533 -0.029573686370722854 -0.021027200837993032 0.0024670669858039319 0.020442112910727624 0.0017923302223156815 -0.0075843519326363436 -0.015935685332554083 -0.0024483981893512088 0.010390626038234268 0.0064880445824136712 0.015032985885933214 0.0072401276807639277 -0.012620118046223344 0.0013805128752477601 0.013505064720425328 0.0077364274294277717 0.0058200935351237319 -0.0021968123299992196 -0.026711755286450169 0.0016048905215090296 -0.021257891837764675 0.0021297428967798921 0.0031368430510935082 0.0049448890116636588 -0.0074438762793679379 0.013893176301640262 0.021884289046327707 0.0037125953623154892 0.0063459960350524718 0.012693653049371471 0.007955866918940924 -0.010949555746724014 0.0004681379249422417 -0.0049610661770550755 -0.0059268121943461876 -0.0012365731885339219 0.016712925574454193 0.015473569364404256 0.011793106699818008 -0.0034302203105038942 -0.0063638352306235012 0.0020995561473193718 -0.012273253247825839 0.010272088250525561 0.0085215127213546047 0.0093854294215319992 0.012211199174794586 -0.002889018942927076 0.0012432706209803898 0.0063539851665428268 0.0018714041569552278 0.0037347167921129758 0.030807379357358246 0.009230741252744248 0.0037818477076049847 -0.0059191548965741927 -0.0022265399051133858 0.012590287125888555 -0.0080065993112660768 0.0065899210526621293 -0.011281797480655217 0.0059535905401453528 0.0068106708054186012 -0.0030895826407417557 0.0069544605779095145 -0.0040587987101184941 0.0050808172832055853 -0.015381164243025287 -0.0087862562810637288 -0.0075285671554505829 0.0034298318533921811 -0.002295145337792257 0.0024897107171879844 0.0079691878379875326 0.0055780558649936706 0.0061067193681737996 -0.0039474066492304269 -0.015131438382786145 -0.013899615433557864 -0.0068283066375676646 0.0073582648931006557 -0.012331296974387502 0.0020223821769286116 -0.0057605245861882476 -0.015307796177018537 -0.017090542455537056 -0.0047385945584855083 -0.012640865163987939 0.0093303413072669313 -0.0054035933380969497 -0.018101534470596425 -0.0034635123866307849 -0.015241113052776908 -0.0021926357597130321 -0.0019166056266574504 0.0041833671125849443 -0.002907033656445577 -0.016053830204144227 -0.007980581421513663 -0.0066871967967163564 0.0018344970187689697 0.0015870064086008304 -0.0085192162805804231 -0.00069681572732170703 -0.00095615663794887959 -0.001102270446642934 -0.00038744895971755828 0.0083817562204046136 -0.0022778453564959761 -0.012836332746566981 -0.0015898352679725961 -0.012258704976637053 0.00039209434592708695 -0.009337037822018222 0.0026837590143936668 -0.0005453568228770034 -0.0070472585421029327 0.0098825258856286673 0.0073478022009654531 0.00020460420631019033 0.012850739531963806 0.0060818431195547567 -0.0051566295337740001
leaf_weight=285 391 7232 368 273 221 207 318 641 220 291 215 265 3070 254 249 968 202 279 295 293 391 211 239 240 229 233 241 446 201 4894 421 3572 2791 369 391 306 416 7737 277 210 323 661 695 286 208 295 472 328 488 1035 647 1398 1412 316 3890 493 235 323 388 403 204 364 428 244 214 271 643 1272 305 338 363 222 291 250 660 403 2312 236 318 200 1180 356 241 327 209 310 383 456 327 218 591 277 327 608 226 231 534 659 24776 336 5025 321 736 299 450 2027 425 206 310 1484 1133 600 16513 281 650 382 209 240 247 5129 284 494 401 2873 362 237 289
leaf_count=285 391 7232 368 273 221 207 318 641 220 291 215 265 3070 254 249 968 202 279 295 293 391 211 239 240 229 233 241 446 201 4894 421 3572 2791 369 391 306 416 7737 277 210 323 661 695 286 208 295 472 328 488 1035 647 1398 1412 316 3890 493 235 323 388 403 204 364 428 244 214 271 643 1272 305 338 363 222 291 250 660 403 2312 236 318 200 1180 356 241 327 209 310 383 456 327 218 591 277 327 608 226 231 534 659 24776 336 5025 321 736 299 450 2027 425 206 310 1484 1133 600 16513 281 650 382 209 240 247 5129 284 494 401 2873 362 237 289
internal_value=-5.07732e-06 -0.00154247 -0.00115568 -0.000151205 -0.000891416 -0.0138314 0.0114405 0.015412 -0.00201894 -0.000544659 0.00200511 0.0104885 0.0107538 6.63637e-06 -0.00293913 0.00224493 0.00536647 -0.00912473 0.00377575 0.0010633 -0.00269876 -0.00705488 -0.015217 -0.00224211 -0.0103973 -0.00858173 -0.00426212 -0.000605797 0.00904961 0.0126124 0.0193439 0.00208293 0.00847867 0.00649187 0.00273589 -0.00506906 -0.00657692 -0.00449148 0.000947399 0.00824397 0.00972041 0.00966926 0.0109602 -0.000169099 0.00548409 -0.00204107 -0.00687789 0.00400101 0.00573615 0.00510497 0.0163435 -0.00143856 -0.00105082 -0.0014106 0.000574621 0.00844901 0.0232227 -0.00212961 0.0018523 -0.00116064 0.00242307 0.00745121 -0.00200828 -0.00150769 -0.00158523 -0.00150373 0.000789497 -0.00149165 -0.00204608 -0.00424152 -0.000554602 -0.00854731 -0.00393239 0.00304594 0.000419283 0.0016895 0.00354097 0.00115151 0.000153902 -0.000973521 -0.00249029 -0.00698848 -0.00556999 -0.00456418 -0.00384331 -0.00536525 -0.00425384 -0.00579473 -0.0097477 -0.00852727 -0.0079617 -0.00704817 -0.00316063 -0.000248003 -0.00994364 -0.00865733 -0.0116847 0.000107063 -0.00227073 -0.00358025 -0.00399853 -0.00814217 -0.0056235 -0.00017048 -0.00181124 0.000675951 -0.00182119 -0.00202771 -0.000249172 -0.00278929 0.00212758 0.00528231 -0.00244117 -0.00797923 0.000273103 -0.00255802 -0.0077849 0.000725476 -0.00317505 0.000677634 0.00180098 0.00417953 0.000429617 0.0010795 0.00688498 0.00483522 -9.11737e-05
internal_weight=138365 121988 114001 52696 39230 1013 16377 3190 61305 38217 13466 13187 12922 6326 2730 3596 1944 792 7140 3010 41402 7987 450 32997 449 892 443 19903 1246 7061 1944 6171 5861 961 592 585 7537 8405 668 1501 1291 2167 1849 1838 457 1381 767 614 4130 3835 1068 1652 32046 26234 5812 1188 876 32548 1114 791 2795 568 7660 25918 25674 25460 3096 1543 1922 1214 654 560 524 1553 910 708 2800 2227 1934 1698 1380 7121 3753 3362 3121 2253 1943 1560 783 3368 3150 2794 1212 935 1582 1356 765 868 31434 6658 6322 1297 976 2599 777 2300 22364 20952 3952 1909 2043 910 17000 487 12243 1524 591 933 487 10719 5590 2032 3558 3274 1382 1020 526
internal_count=138365 121988 114001 52696 39230 1013 16377 3190 61305 38217 13466 13187 12922 6326 2730 3596 1944 792 7140 3010 41402 7987 450 32997 449 892 443 19903 1246 7061 1944 6171 5861 961 592 585 7537 8405 668 1501 1291 2167 1849 1838 457 1381 767 614 4130 3835 1068 1652 32046 26234 5812 1188 876 32548 1114 791 2795 568 7660 25918 25674 25460 3096 1543 1922 1214 654 560 524 1553 910 708 2800 2227 1934 1698 1380 7121 3753 3362 3121 2253 1943 1560 783 3368 3150 2794 1212 935 1582 1356 765 868 31434 6658 6322 1297 976 2599 777 2300 22364 20952 3952 1909 2043 910 17000 487 12243 1524 591 933 487 10719 5590 2032 3558 3274 1382 1020 526
cat_boundaries=0 3 6 9 10 11 14 17 18 19 20 21 24 25 28 29 30 31 32 33 34 35 37 38 39 40 41 43 44 45 48 49 50 53 54 55 56 58 59 60 61 62 63 64 65 68 69 70 71 72
cat_threshold=268494848 3776 4202507 56754176 100737024 8404992 142606592 4456448 1606288 547356672 1 0 3072 1 0 3072 2 20 2596 722 968 1028 134217728 2048 938 2147484162 16384 2048 2450 65 2372 3656 3621 568 22 2147485187 536887296 17 275 1217 145 1536 2147483648 18 16 512 0 32 212 24 142606592 0 144 3 75497984 1944 2097152 65536 16 66 129 73 1153 2144 3 256 4194304 128 20 24 9 16
is_linear=0
shrinkage=0.05


Tree=34
num_leaves=128
num_cat=56
split_feature=2 2 2 10 1 6 10 6 6 6 8 2 4 3 7 4 7 4 2 2 4 2 2 7 10 10 7 2 8 4 2 10 10 4 10 8 4 10 8 8 7 4 4 4 10 7 5 4 8 4 4 7 8 8 3 6 7 7 4 3 7 10 7 3 4 2 7 7 6 7 10 4 2 4 3 6 2 3 7 2 1 4 7 4 4 2 4 6 8 7 10 8 8 8 8 7 4 7 8 10 4 7 3 8 8 8 3 6 8 6 10 3 8 10 7 7 3 7 4 4 3 7 4 7 7 4 8
split_gain=879.441 93.8876 35.7606 29.0067 59.4308 22.5452 27.8871 21.5104 18.3497 17.0902 16.3422 18.9486 16.0527 15.7826 15.7504 15.4389 14.3974 14.1838 24.3443 13.9799 18.8089 17.4619 12.7013 12.5411 12.3521 11.4414 24.3129 10.9113 14.877 10.7771 10.6924 10.4207 9.41075 20.9545 9.2503 8.7322 8.5689 8.36025 9.57612 10.3772 9.62227 8.18778 8.14647 7.94061 7.89107 7.74918 9.59807 7.51748 7.43448 7.8555 7.42042 7.38953 7.88474 9.31918 11.4077 9.25891 7.378 10.3394 13.3909 7.11435 7.06563 7.5653 7.0088 6.77375 7.27097 7.18834 7.15505 7.00184 6.76113 6.72912 6.67355 6.59092 6.59016 17.9579 6.7724 6.24139 7.28529 12.6982 6.62729 10.072 9.31715 8.48624 11.2816 6.36573 6.23699 6.69576 6.23223 6.21106 6.17642 7.35382 6.15859 6.12778 11.6652 17.6642 9.16689 7.5504 7.71535 7.05229 6.09864 6.0096 5.90895 5.88056 5.84354 5.83196 7.32425 6.69319 5.78569 6.59537 5.72727 5.66224 10.0008 17.0429 8.62225 6.59593 5.65265 5.58765 13.3883 10.741 11.3539 6.46212 5.83107 5.71573 6.61185 5.55621 7.86039 5.47666 5.37083
threshold=0 1 2 299.50000000000006 3 2016.5000000000002 1144.0000000000002 2017.5000000000002 2016.5000000000002 2018.5000000000002 360.50000000000006 4 5 6 20.500000000000004 7 25.500000000000004 8 9 10 11 12 13 12.500000000000002 1635.0000000000002 348.00000000000006 15.500000000000002 14 170.50000000000003 15 16 107.00000000000001 204.50000000000003 17 232.50000000000003 185.50000000000003 18 122.50000000000001 262.50000000000006 294.50000000000006 21.500000000000004 19 20 21 322.50000000000006 3.5000000000000004 22 23 319.50000000000006 24 25 28.500000000000004 262.50000000000006 249.50000000000003 26 2016.5000000000002 2.5000000000000004 12.500000000000002 27 28 3.5000000000000004 185.00000000000003 16.500000000000004 29 30 31 20.500000000000004 22.500000000000004 2018.5000000000002 14.500000000000002 207.50000000000003 32 33 34 35 2016.5000000000002 36 37 20.500000000000004 38 39 40 10.500000000000002 41 42 43 44 2019.5000000000002 132.50000000000003 18.500000000000004 303.50000000000006 95.500000000000014 87.500000000000014 84.500000000000014 101.50000000000001 2.5000000000000004 45 24.500000000000004 115.50000000000001 130.50000000000003 46 16.500000000000004 47 361.50000000000006 357.50000000000006 313.50000000000006 48 2017.5000000000002 174.50000000000003 2018.5000000000002 1250.5000000000002 49 28.500000000000004 1506.0000000000002 10.500000000000002 21.500000000000004 50 25.500000000000004 51 52 53 13.500000000000002 54 14.500000000000002 18.500000000000004 55 28.500000000000004
decision_type=9 9 9 2 9 2 2 2 2 2 2 9 1 9 2 1 2 1 9 9 1 9 9 2 2 2 2 9 2 1 9 2 2 1 2 2 1 2 2 2 2 1 1 1 2 2 1 1 2 1 1 2 2 2 9 2 2 2 1 9 2 2 2 9 1 9 2 2 2 2 2 1 9 1 9 2 9 9 2 9 9 1 2 1 1 9 1 2 2 2 2 2 2 2 2 2 1 2 2 2 1 2 9 2 2 2 9 2 2 2 2 9 2 2 2 2 9 2 1 1 9 2 1 2 2 1 2
left_child=5 25 7 9 8 6 12 34 41 13 11 36 -1 17 23 16 30 18 35 37 -21 -22 31 -6 32 44 -27 28 101 -8 -15 -19 33 -9 84 -4 60 125 56 40 -40 -5 -13 -20 -2 46 -26 -29 49 -32 51 52 53 54 -36 -54 -39 58 -58 -60 -7 -62 -14 64 67 103 -66 -10 -63 -45 98 -24 91 74 -74 76 -52 -78 79 -77 -80 -81 102 -82 -3 -86 90 -41 -56 -90 -75 92 93 97 -93 96 -96 -34 126 -30 -69 -17 -83 104 105 -65 107 -107 -100 -99 -111 112 -112 -113 -89 116 121 118 -117 -118 -119 -43 -123 -108 -125 -11 -59
right_child=1 2 3 4 14 10 29 24 63 19 -12 42 62 15 -16 27 -18 22 43 20 21 -23 71 -25 45 26 -28 47 99 -31 48 -33 72 -35 50 -37 -38 38 39 87 -42 115 -44 69 -46 -47 -48 -49 -50 -51 75 -53 55 -55 88 -57 57 70 59 -61 61 68 -64 65 66 -67 -68 100 -70 -71 -72 -73 73 86 -76 78 77 -79 80 81 83 82 -84 -85 85 -87 -88 114 89 -91 -92 94 -94 -95 95 -97 -98 109 108 -101 -102 -103 -104 -105 -106 106 123 -109 -110 110 111 113 -114 -115 -116 117 119 120 -120 -121 -122 122 -124 124 -126 -127 -128
leaf_value=-0.00038731712953640935 -0.0066399461585654324 -0.01145301189742425 -0.022239882199625888 -0.00016195667025132693 -0.010982092081879577 0.0023437138934950664 0.021753878582512279 0.0020893716324907044 -0.0030064337812085785 0.011229838198033986 -0.0023259786114026354 0.0098727815461700022 0.0077661684884313886 -0.0019298793225725358 -0.004525589228699535 0.0051736853095392388 -0.0030254736373669308 0.0088160501186381399 0.0063720232132356619 0.0064486308789709615 -0.018283817074084021 -0.00034599891383080717 0.0011078211295511196 -0.026099262401817605 -0.0056114624520071238 -0.0020869717641923383 -0.025376168163259473 0.010178929377060913 -0.0046092792322588528 0.013753870915203352 0.012140602143644355 -0.0021274866321762133 -0.0026947141823179324 -0.018498844746719079 -0.012459997996307913 -0.0088558980021073274 0.013199934070041559 0.010939410781957606 0.020224467689792316 0.0097716241652622479 0.00545449818749273 0.0016352209705607517 0.0060298290535856338 -0.011453262708085936 0.0004447310885622686 -0.0047130129102451275 0.0062551653841782882 -0.00038192534417498346 0.018606087101778638 0.0017296511111810475 0.0014952178319611452 0.004795045484453927 -0.013725496734193127 0.003109169713383412 0.0042534880322073745 -0.0013499230906171234 0.0074152324450499386 -0.00064350485843191348 -0.011322951843162189 -0.0018260624705606688 0.014699890960075538 0.011203451247503915 0.01744621184964975 -0.001730485699700269 0.0037444642103611949 0.0060460314106594694 -0.0010952543643917673 0.0074875159068786574 0.0035479809463583312 0.0012822645791404621 0.0097955544165525352 -0.0097385595821071064 -0.0017268556155742402 0.00033270678070037289 -0.013518944853014275 0.0080949205376828707 -0.0095451812887727416 0.0055564279950831991 -0.012841714884450859 -0.0029434302179541854 -0.0051215842808315509 0.0050670789863883721 0.0044888460108516237 -0.00012323355685057405 0.0011402054109648898 -0.0091706155567441282 -0.0009129530418235419 0.00802720434688187 -0.0077285410964462124 0.0014605476221444987 0.0061254613458206902 0.0065854291043493931 -0.011790227936346188 0.0098098885926167275 -0.0040216061320921138 -0.0022114362149505038 0.0045195946409212545 8.0102011434395206e-05 -0.0047236046351463307 -0.015654176735977392 -0.0027039009914546458 -0.0041173626280700173 -0.0035240594264655937 0.0062604249280411757 -0.010717707396067123 0.0056559111321464392 0.006470137376220199 -0.0029351035416683596 0.0030954309800985905 0.0019467208898677536 0.0035229662203298665 -0.0094510192254392226 -0.0090153980532292118 -0.021004704844628304 -0.0016472542959758464 0.019830448066111273 0.0098815209972474977 0.0062943524807338534 0.0049955463070156317 0.001421307262804139 -0.0037164878297103136 -0.010432015380837587 0.00033792776003283736 -0.0071521388912107802 0.0032583402899079815 0.003239812241521155 0.0091803836931059896
leaf_weight=370 7121 284 252 2599 258 318 1077 234 1876 680 265 3070 376 212 284 375 354 507 240 381 226 331 236 293 302 211 239 286 234 995 490 381 6372 256 312 236 4894 226 240 344 204 891 2791 204 416 7737 366 398 225 306 7565 306 350 637 310 266 269 202 300 579 661 695 372 22364 2192 316 1172 333 493 211 373 343 216 981 313 365 384 209 204 1936 1004 234 1408 1726 434 237 2188 225 527 371 862 319 397 260 377 18363 834 275 400 260 239 312 1068 244 214 271 643 1272 565 218 244 202 313 318 459 224 604 296 340 379 269 261 308 250 660 352 447
leaf_count=370 7121 284 252 2599 258 318 1077 234 1876 680 265 3070 376 212 284 375 354 507 240 381 226 331 236 293 302 211 239 286 234 995 490 381 6372 256 312 236 4894 226 240 344 204 891 2791 204 416 7737 366 398 225 306 7565 306 350 637 310 266 269 202 300 579 661 695 372 22364 2192 316 1172 333 493 211 373 343 216 981 313 365 384 209 204 1936 1004 234 1408 1726 434 237 2188 225 527 371 862 319 397 260 377 18363 834 275 400 260 239 312 1068 244 214 271 643 1272 565 218 244 202 313 318 459 224 604 296 340 379 269 261 308 250 660 352 447
internal_value=-4.64257e-06 -0.00146548 -0.00109798 -0.000129462 -0.000807827 0.010871 0.0146495 -0.00190775 -0.000517476 0.00192963 0.00996522 0.0102173 0.00828523 -9.20831e-07 -0.0139239 0.00221484 0.00582579 -0.00292877 -0.00708356 0.0036499 -0.0020164 -0.00781828 0.000334446 -0.0190208 -0.00255289 -0.00670293 -0.0144561 -0.000872536 -0.00377258 0.0180835 0.00841428 0.00407479 -0.00212339 -0.00900181 -0.000564805 -0.0154507 0.0119827 0.0045518 0.00368724 0.00705031 0.0134383 0.00197908 0.00805616 -0.000711131 -0.00624891 -0.00426691 0.000899949 0.00411691 0.0104784 0.00831265 -0.000325691 -0.00257034 -0.00339238 -0.00196758 -0.00409514 -0.0083815 0.00221433 0.00158534 -0.00219235 -0.00515823 0.0091858 0.0104122 0.0124143 -0.000998391 0.00054605 -0.00134025 0.00205223 -0.00152365 0.00802656 -0.00486096 0.00376792 -0.00537383 -0.00202142 -0.000253179 -0.0088254 0.000105033 0.00107653 -0.00421881 -0.000892378 0.000212614 -0.0027796 -0.000423151 0.00138152 -0.00197344 -0.00536762 -0.00258281 0.000890835 0.00429131 -0.0018165 -0.00393216 0.00302565 -0.00230352 -0.00341962 -0.00301445 -0.00182223 -0.00195925 0.00186472 -0.00343429 0.00237492 -0.0104224 0.00331284 0.00095417 -0.00196818 -0.0014326 -0.00150627 -0.00142885 0.000750022 -0.00141706 -0.00014562 -0.00643593 -0.00781964 -0.00979649 -0.0034607 -0.0162049 0.00153513 0.00352748 0.002193 0.00644636 0.0113276 0.00666681 0.00157376 -0.000858934 -0.00477964 0.00289365 0.000398319 0.00864477 0.00612272
internal_weight=138365 121988 114001 51917 39052 16377 3190 62084 38217 12865 13187 12922 1118 6062 835 3452 1587 2610 1143 6803 938 557 1467 551 41947 7987 450 1865 1181 2072 1233 888 33542 490 20137 488 7061 5865 4833 1472 444 6171 5861 655 7537 8405 668 684 1021 796 19182 3079 2773 2157 1520 616 3361 3135 1148 879 2167 1849 748 32046 5812 26234 3364 2448 1188 415 1987 579 33052 4560 529 16103 8158 593 7945 5011 2934 4646 2710 2730 955 671 4031 1028 1208 898 1843 28492 8599 8202 19893 19574 1211 7942 1614 494 572 687 1302 25918 25674 25460 3096 1543 965 1570 1295 1077 557 520 684 3572 2443 1129 564 983 565 1460 569 1553 910 1032 649
internal_count=138365 121988 114001 51917 39052 16377 3190 62084 38217 12865 13187 12922 1118 6062 835 3452 1587 2610 1143 6803 938 557 1467 551 41947 7987 450 1865 1181 2072 1233 888 33542 490 20137 488 7061 5865 4833 1472 444 6171 5861 655 7537 8405 668 684 1021 796 19182 3079 2773 2157 1520 616 3361 3135 1148 879 2167 1849 748 32046 5812 26234 3364 2448 1188 415 1987 579 33052 4560 529 16103 8158 593 7945 5011 2934 4646 2710 2730 955 671 4031 1028 1208 898 1843 28492 8599 8202 19893 19574 1211 7942 1614 494 572 687 1302 25918 25674 25460 3096 1543 965 1570 1295 1077 557 520 684 3572 2443 1129 564 983 565 1460 569 1553 910 1032 649
cat_boundaries=0 3 6 9 10 13 14 15 16 17 18 20 21 24 27 29 30 33 34 35 36 37 38 39 40 41 42 43 44 45 46 47 50 51 54 55 56 59 60 61 62 63 64 65 68 69 70 71 72 73 74 75 76 77 78 79 80
cat_threshold=268494848 3776 4202507 56754176 100737024 8404992 142606592 4456464 1606288 547356672 0 3072 2 330 20 3117 2852 513 262659 2147500032 1073 1024 134217728 2048 2147483651 134217728 2048 2147484163 2281701376 3010 262144 2684354560 3072 938 2372 3656 3621 768 2 896 2081 2176 2 33 3 16 244 512 0 32 1153 134217728 16 16 4 10 134217728 4194320 16 11 134217984 269484032 120 523 3120 142606592 0 32768 1082 1280 176 4 3 21 26 274 39 26 162 1555
is_linear=0
shrinkage=0.05


Tree=35
num_leaves=128
num_cat=45
split_feature=2 2 2 10 2 6 6 6 2 4 3 2 6 2 3 10 4 7 2 8 10 2 4 4 4 9 7 8 9 8 2 7 9 1 8 7 7 9 8 7 3 3 3 9 8 8 3 4 8 8 8 4 7 3 9 9 7 3 7 7 7 7 9 3 6 3 3 4 1 2 8 9 8 7 7 8 10 10 4 7 9 8 10 9 4 4 6 2 10 8 8 2 8 9 7 8 8 6 7 9 2 8 7 6 8 8 6 7 10 8 4 7 7 7 8 4 9 8 7 8 6 3 4 10 3 2 4
split_gain=824.776 77.1719 32.1389 27.524 44.9031 28.9221 27.0964 23.6895 26.3922 20.1021 22.4817 18.7713 18.0123 17.6292 15.7389 14.5962 15.9035 11.8991 11.5558 11.4277 11.2942 10.4443 10.8661 10.4264 9.539 9.29877 8.62632 9.09418 8.5431 12.4942 12.2577 9.1237 8.51689 8.48969 8.213 8.6851 12.9753 8.03976 8.01712 7.07851 13.1802 7.54537 6.95025 6.93326 6.79536 14.1175 6.97202 13.5029 11.1624 11.0419 9.39009 8.93183 9.04779 12.9368 12.2297 11.2832 9.00724 12.0564 8.88917 6.78522 7.63821 14.2693 9.1342 13.3511 14.2793 7.69812 6.76712 21.0843 14.1326 10.902 11.9088 13.513 10.5182 11.5368 26.2756 17.2774 14.5684 11.0726 12.1709 9.45977 9.18604 16.9956 10.7468 9.06145 17.3202 10.6255 12.0466 11.4783 15.917 15.7105 11.2994 11.0998 13.559 9.14744 13.6492 8.85694 9.47647 8.78588 8.73525 13.0789 9.68847 9.21822 8.12892 7.92867 7.42796 14.9322 7.22717 7.14068 7.55487 8.31263 7.03564 9.40536 9.47039 7.93061 25.8632 6.91776 6.73526 8.91871 6.68895 15.1343 6.61184 8.28109 11.7945 15.9289 7.7777 7.37793 6.93571
threshold=0 1 2 258.00000000000006 3 2016.5000000000002 2016.5000000000002 2016.5000000000002 4 5 6 7 2016.5000000000002 8 9 168.00000000000003 10 1.5000000000000002 11 360.50000000000006 348.00000000000006 12 13 14 15 2311.0000000000005 25.500000000000004 318.50000000000006 2545.0000000000005 311.50000000000006 16 19.500000000000004 2119.5000000000005 17 350.50000000000006 13.500000000000002 19.500000000000004 1530.5000000000002 316.50000000000006 12.500000000000002 18 19 20 1669.5000000000002 353.50000000000006 347.50000000000006 21 22 326.50000000000006 304.50000000000006 237.50000000000003 23 16.500000000000004 24 2016.0000000000002 2093.5000000000005 26.500000000000004 25 13.500000000000002 29.500000000000004 21.500000000000004 18.500000000000004 2181.0000000000005 26 2017.5000000000002 27 28 29 30 31 27.500000000000004 2155.0000000000005 305.50000000000006 7.5000000000000009 12.500000000000002 4.5000000000000009 1360.0000000000002 1506.0000000000002 32 13.500000000000002 2267.5000000000005 132.50000000000003 1510.5000000000002 1896.5000000000002 33 34 2017.5000000000002 35 229.50000000000003 143.50000000000003 17.500000000000004 36 172.50000000000003 1908.0000000000002 20.500000000000004 176.50000000000003 291.50000000000006 2020.5000000000002 22.500000000000004 2110.5000000000005 37 97.500000000000014 28.500000000000004 2018.5000000000002 270.50000000000006 301.50000000000006 2019.5000000000002 2.5000000000000004 1924.5000000000002 291.50000000000006 38 7.5000000000000009 18.500000000000004 28.500000000000004 149.50000000000003 39 2082.5000000000005 85.500000000000014 2.5000000000000004 181.50000000000003 2017.5000000000002 40 41 277.00000000000006 42 43 44
decision_type=9 9 9 2 9 2 2 2 9 1 9 9 2 9 9 2 1 2 9 2 2 9 1 1 1 2 2 2 2 2 9 2 2 9 2 2 2 2 2 2 9 9 9 2 2 2 9 1 2 2 2 1 2 9 2 2 2 9 2 2 2 2 2 9 2 9 9 1 9 9 2 2 2 2 2 2 2 2 1 2 2 2 2 2 1 1 2 9 2 2 2 9 2 2 2 2 2 2 2 2 9 2 2 2 2 2 2 2 2 2 1 2 2 2 2 1 2 2 2 2 2 9 1 2 9 9 1
left_child=7 20 6 5 14 9 17 8 -1 33 13 23 18 -11 -5 -13 25 -3 -6 26 43 44 -23 -9 -10 32 27 -18 29 37 -31 39 -17 -4 35 -29 -37 -8 42 40 -30 -41 -32 -2 45 46 48 50 49 51 -48 56 55 -54 -55 -53 57 -19 -51 60 61 -40 65 -64 -65 -62 68 98 -39 70 -69 -72 73 75 76 -71 -75 103 -79 -76 82 -82 102 84 95 86 -85 89 -89 -87 97 115 -93 94 -92 -70 -97 -90 101 100 104 -68 -81 -77 -100 -106 -78 -103 109 -109 111 -95 -113 118 -115 -88 -84 -118 119 -112 124 125 123 -123 126 -122 -45
right_child=1 2 3 4 12 -7 28 11 24 10 -12 15 -14 -15 -16 16 19 21 -20 -21 -22 22 -24 -25 -26 -27 -28 34 31 30 38 -33 -34 -35 -36 36 -38 66 59 41 -42 -43 -44 120 -46 -47 47 -49 -50 58 -52 52 53 54 -56 -57 -58 -59 -60 -61 62 -63 63 64 -66 -67 67 69 83 72 71 -73 -74 74 79 77 106 78 -80 80 81 -83 116 85 -86 87 91 88 90 -91 93 92 -94 110 -96 96 -98 -99 99 -101 -102 107 -104 -105 105 -107 -108 108 -110 -111 113 112 -114 114 -116 -117 117 -119 -120 -121 121 122 -124 -125 -126 -127 -128
leaf_value=0.0085798057485182225 -0.014160652086491499 0.011872693352129279 -0.00012229004582968024 -0.022538147191123764 -0.0089215712239266356 0.0029888417301536952 0.0036918683174602569 0.012529693666250397 0.014372726472407319 -0.02257232108973925 -0.0013816159825198431 0.014071082141315021 -0.0010578887949116026 -0.0052165960045988486 -0.0064341940838440583 0.013063007655428944 0.0063185035985615359 0.0099773201025563137 0.0022007791989348451 -0.0030300269564992972 -0.015565496621756617 -0.01456689418923548 0.0001910008523228754 0.0026448519281459379 0.022292062124975059 0.015770542385056961 0.012700727612340977 0.0088445810940028478 0.0051880181565475483 -0.008796577743975036 0.011345221929136902 0.0022879247016952199 0.0050666096562160812 0.011145014182115213 0.0045761638762616989 0.02563441274669458 0.010777259915662201 -0.01430546845131098 -0.00075116411159948683 -0.006281493333196362 -0.012158991839423513 -0.018919635244567877 -9.739626498618561e-05 0.0068577172198834337 0.007558122713053627 -0.01170575917599366 0.0036651481937534413 0.00024580062082092441 0.0072357506168985071 -0.0014890540820812273 0.013388022473782846 0.005222937988460824 -0.0013555619906170484 -0.020176222655842173 -0.0041454326529055839 -0.0049300768356449129 -0.00674560979313963 0.00075716018593885892 -0.014930673266110028 0.007132878338236559 0.005742837278923673 0.0077678176805720369 0.002755551710640165 -0.0011556217615991151 -0.016606542746433611 -0.0033069143494459858 -0.0076524374227380692 -0.010396464606957862 -0.0046863536891063534 -0.012741578655424629 -0.0019267141463304455 0.010813189301114927 -0.014776991486894087 -0.022949547094723851 0.004581897911664687 -0.01165279096527609 -0.0056348470017426521 -0.00055008256361083663 0.013937472661587406 -0.0052991805571548679 -0.0051277541099404248 -0.020607700385153294 0.0034578618085328462 -0.0050277806505674627 0.0038254322559001619 -0.0051501000582014952 -0.00035655705472454431 -0.011610149774083381 0.0047914558772082332 0.007625434225750842 -0.018851918390052569 0.0002270863384092633 0.0080422216066851123 -0.0073005358227335232 -0.0015846122640401257 0.010932775165991121 -0.0041072026365279145 -0.0039963377996399584 -0.0022091187342728564 0.0015006982521566599 -0.015831004310567897 0.0070860203001648194 -0.014999272334031189 0.00022408051627670163 -0.015096894594051636 0.0015446980725615643 -0.013878139145495167 -0.0014895377668969936 0.0061918110729796659 0.0075226902040376178 -0.0075470953113696672 0.0079681469008908868 -0.0018008361198944491 -0.017134912216140632 -0.0019737039577920053 -0.012427146226611748 -0.00059199762988348752 -0.010879931951149363 -0.0034653461595796835 0.0090768675677614617 -0.011488678252327437 0.0028706472103569823 -0.0082662565812924773 -0.01083357069441078 -0.0073329200136917618 -0.0039393053364612345 -0.002729995315020277
leaf_weight=1261 264 226 594 286 233 10292 514 328 1037 301 857 2169 34538 316 369 856 3645 503 6346 221 343 228 271 1361 894 1347 1040 676 206 372 289 236 545 224 407 256 345 225 2481 289 216 243 248 237 343 235 693 2153 440 247 387 667 898 227 250 464 241 1170 245 302 378 613 265 241 394 586 404 254 1558 278 731 291 308 268 266 201 513 324 257 1720 582 255 553 1179 1800 417 240 563 773 569 234 3461 661 313 224 212 207 450 1031 790 222 350 247 467 383 208 552 4077 408 273 235 454 547 439 783 238 792 287 9870 328 1321 754 1194 295 689 475 789
leaf_count=1261 264 226 594 286 233 10292 514 328 1037 301 857 2169 34538 316 369 856 3645 503 6346 221 343 228 271 1361 894 1347 1040 676 206 372 289 236 545 224 407 256 345 225 2481 289 216 243 248 237 343 235 693 2153 440 247 387 667 898 227 250 464 241 1170 245 302 378 613 265 241 394 586 404 254 1558 278 731 291 308 268 266 201 513 324 257 1720 582 255 553 1179 1800 417 240 563 773 569 234 3461 661 313 224 212 207 450 1031 790 222 350 247 467 383 208 552 4077 408 273 235 454 547 439 783 238 792 287 9870 328 1321 754 1194 295 689 475 789
internal_value=4.526e-05 -0.00137248 -0.00107658 -0.00019222 -0.000809801 0.00185766 -0.00186403 0.0105723 0.014444 -0.00322181 -0.0066836 0.0096438 -0.000600996 -0.0139085 -0.013699 0.0103671 0.00951791 0.000531686 0.00179666 0.00813516 -0.00672995 0.000266413 -0.00670579 0.00462691 0.0181351 0.0127579 0.00853536 0.00772245 -0.00232756 -0.00222782 -0.000121161 -0.00651446 0.00995235 0.00306047 0.0107613 0.0127326 0.0171058 -0.00252463 0.000449948 -0.00869199 -0.00385621 -0.0125279 0.00627019 -0.00623754 0.000652713 0.000384909 0.000715871 0.0025448 -0.000392955 -0.00107711 0.00708359 -0.000286187 -0.00224605 -0.00497979 -0.0115326 0.0010576 0.00227969 0.00359343 -0.00818254 -0.000143392 -0.000586602 0.000936663 -0.00311502 -0.00673745 -0.0105759 0.000266909 -0.00259847 -0.00336649 -0.00208519 -0.00501496 -0.000701782 0.00170079 -0.0057125 -0.00535086 -0.00633323 -0.00146833 -0.0125295 0.00104084 0.00608877 -0.00457659 -0.00512577 -0.00984387 -0.00402851 -0.00197292 0.000288655 -0.00236248 -0.000517701 -0.00301842 -0.00335787 0.00220008 -0.00304303 0.000637127 0.00147673 -0.00346212 -0.0104068 -0.00293597 0.00350252 0.00155801 -0.00151177 -0.00388218 -0.00618829 -0.00038178 -0.00651724 -0.00334965 -0.00474168 -0.00923996 -0.00990743 0.000193268 -0.000313765 -0.000923943 -0.00321687 0.000262397 0.00262985 -0.00360625 -0.00742032 -0.0064981 -0.00102892 -0.00332845 -0.00316298 0.00213791 -0.00587402 -0.00697846 -0.00487528 -0.000973971 -0.00327296 -0.00952491 -0.000470473
internal_weight=138138 121750 115389 54356 41772 12584 61033 16388 3192 2292 1474 13196 41117 617 655 11507 9338 9888 6579 6590 6361 9662 499 1689 1931 2748 6369 5329 51145 49955 6169 1190 1401 818 1684 1277 601 43786 5797 954 422 532 537 6018 9163 8820 8585 3233 5352 4912 1080 4420 2506 1375 477 1131 1914 1673 492 5260 4958 3094 1864 900 635 964 43272 17292 25980 9146 1276 1022 7870 7562 6035 1527 1333 1249 581 4702 4436 837 3599 25755 3777 21978 5779 16199 15213 986 14650 4600 4122 13427 458 1977 419 1223 8146 2634 1844 5512 1967 668 1622 591 1065 5108 4758 4350 12969 1314 1001 11655 1222 478 1632 1079 10433 563 5754 4039 2243 1049 1715 1796 1026
internal_count=138138 121750 115389 54356 41772 12584 61033 16388 3192 2292 1474 13196 41117 617 655 11507 9338 9888 6579 6590 6361 9662 499 1689 1931 2748 6369 5329 51145 49955 6169 1190 1401 818 1684 1277 601 43786 5797 954 422 532 537 6018 9163 8820 8585 3233 5352 4912 1080 4420 2506 1375 477 1131 1914 1673 492 5260 4958 3094 1864 900 635 964 43272 17292 25980 9146 1276 1022 7870 7562 6035 1527 1333 1249 581 4702 4436 837 3599 25755 3777 21978 5779 16199 15213 986 14650 4600 4122 13427 458 1977 419 1223 8146 2634 1844 5512 1967 668 1622 591 1065 5108 4758 4350 12969 1314 1001 11655 1222 478 1632 1079 10433 563 5754 4039 2243 1049 1715 1796 1026
cat_boundaries=0 3 6 9 10 13 14 15 18 20 21 22 24 27 28 29 30 33 34 35 36 37 38 39 40 41 42 43 44 45 46 47 50 51 52 53 56 59 62 63 64 65 66 67 70 71
cat_threshold=268494852 3776 4194315 52559872 33890304 540672 134218240 71303168 9472656 1 0 3072 1 1306 20 268453892 0 4194305 1281 16 17 672 256 134234112 512 4194304 32912 3123 2049 1086 134217728 4194304 34816 1342242817 26 7 14 7 1124 771 3 4 17 6 28 3650 8388608 134218240 67108864 2688 32 274 308 0 0 1050752 134217728 4194304 128 134218240 4194304 16 1024 32 73 1414 13 2097152 33619968 524288 280
is_linear=0
shrinkage=0.05


Tree=36
num_leaves=128
num_cat=53
split_feature=2 2 2 10 2 6 6 6 2 4 3 2 0 6 3 4 2 7 4 2 6 2 10 2 3 4 9 8 2 7 0 2 8 7 4 7 2 7 3 9 8 9 7 3 10 4 6 9 2 10 2 4 8 8 7 9 3 3 4 9 8 6 7 4 9 2 4 2 3 8 7 3 3 10 3 7 4 10 4 8 7 10 8 7 8 9 7 7 7 9 3 6 9 7 8 10 3 10 3 4 2 2 8 9 8 7 7 8 10 9 4 7 6 9 8 10 9 4 4 6 2 10 8 8 2 8 9
split_gain=744.19 69.8556 29.4527 25.8655 40.6472 24.459 24.4021 20.6175 23.9583 17.4702 20.2241 17.3903 16.1591 16.0221 14.2601 11.551 11.077 11.4437 11.2086 10.5579 10.4277 10.426 10.1878 7.88834 10.8828 7.77569 7.76073 11.285 11.0951 8.26078 7.34359 11.9748 8.66647 7.77725 10.4399 12.3409 10.087 9.10999 17.2773 8.85553 7.25917 7.25661 6.80275 6.66553 6.52612 7.6537 7.4124 8.07647 7.29975 6.50252 8.54282 20.1996 9.0719 8.35007 7.40882 10.2479 6.73365 6.49233 12.0952 8.86535 6.57993 6.44606 16.6607 13.9164 9.10835 8.22154 6.84751 6.52702 6.44427 7.41457 6.4123 11.9514 6.84078 6.39052 9.16176 6.35936 7.76904 7.54274 6.82381 6.34313 6.3077 6.2451 11.9674 6.23564 7.87568 7.39868 6.12279 6.8885 12.878 8.24295 12.0593 12.8871 7.13543 6.47903 6.14718 7.15498 6.70973 6.10856 6.1035 19.009 12.8208 9.83551 10.7477 12.1955 9.49452 10.4317 23.7137 15.6057 13.1479 10.1309 15.6888 8.53745 8.35313 8.2904 15.3385 9.69902 8.18314 15.6366 9.58053 10.8664 10.3591 14.3651 14.1787 10.1977 10.0522 12.237 8.25556
threshold=0 1 2 258.00000000000006 3 2016.5000000000002 2016.5000000000002 2016.5000000000002 4 5 6 7 8 2016.5000000000002 9 10 11 1.5000000000000002 12 13 2017.5000000000002 14 348.00000000000006 15 16 17 2545.0000000000005 311.50000000000006 18 19.500000000000004 19 20 12.500000000000002 1.5000000000000002 21 28.500000000000004 22 9.5000000000000018 23 2060.5000000000005 316.50000000000006 1530.5000000000002 16.500000000000004 24 322.50000000000006 25 2018.5000000000002 2086.5000000000005 26 263.50000000000006 27 28 308.50000000000006 319.50000000000006 5.5000000000000009 2165.0000000000005 29 30 31 2048.5000000000005 258.50000000000006 2019.5000000000002 25.500000000000004 32 1941.5000000000002 33 34 35 36 316.50000000000006 12.500000000000002 37 38 1668.5000000000002 39 27.500000000000004 40 1392.0000000000002 41 194.50000000000003 6.5000000000000009 1332.5000000000002 53.500000000000007 6.5000000000000009 183.50000000000003 2022.5000000000002 29.500000000000004 21.500000000000004 18.500000000000004 2181.0000000000005 42 2017.5000000000002 2165.0000000000005 3.5000000000000004 343.50000000000006 1600.0000000000002 43 168.00000000000003 44 45 46 47 27.500000000000004 2155.0000000000005 305.50000000000006 7.5000000000000009 12.500000000000002 4.5000000000000009 1360.0000000000002 2061.5000000000005 48 13.500000000000002 2018.5000000000002 2267.5000000000005 132.50000000000003 1510.5000000000002 1896.5000000000002 49 50 2017.5000000000002 51 229.50000000000003 143.50000000000003 17.500000000000004 52 172.50000000000003 1908.0000000000002
decision_type=9 9 9 2 9 2 2 2 9 1 9 9 9 2 9 1 9 2 1 9 2 9 2 9 9 1 2 2 9 2 9 9 2 2 1 2 9 2 9 2 2 2 2 9 2 1 2 2 9 2 9 1 2 2 2 2 9 9 1 2 2 2 2 1 2 9 1 9 9 2 2 9 9 2 9 2 1 2 1 2 2 2 2 2 2 2 2 2 2 2 9 2 2 2 2 2 9 2 9 1 9 9 2 2 2 2 2 2 2 2 1 2 2 2 2 2 2 1 1 2 9 2 2 2 9 2 2
left_child=7 22 5 6 14 16 9 8 79 23 11 -11 15 21 -5 97 17 -3 -18 -14 25 -6 44 24 -4 -21 27 41 -29 70 31 -8 -32 -34 35 36 -35 38 -36 -40 43 -7 -12 -30 45 46 -2 -48 -49 -15 52 53 56 -52 -54 -56 75 58 59 -39 61 63 64 67 -63 -65 -66 -59 73 -70 71 -28 -72 -57 -75 76 -51 -78 -77 -1 -27 82 -19 84 -79 -85 87 88 93 92 -91 -92 -89 -42 -95 -96 -97 -9 100 -100 -43 102 -101 -104 105 107 108 -103 -107 112 -111 -108 -109 115 -115 -113 117 -102 119 -118 122 -122 -120 -123 -121 -126 -125
right_child=1 2 3 4 13 26 30 12 -10 10 42 -13 19 49 -16 -17 18 81 -20 20 -22 -23 -24 -25 -26 80 29 28 40 -31 32 -33 33 34 37 -37 -38 57 39 -41 86 98 -44 -45 -46 -47 47 48 -50 50 51 -53 54 -55 55 68 -58 60 -60 -61 -62 62 -64 65 66 -67 -68 -69 69 -71 72 -73 -74 74 -76 78 77 83 -80 -81 -82 -83 -84 85 -86 -87 -88 89 -90 90 91 -93 -94 94 95 96 -98 -99 99 101 116 104 103 -105 -106 106 111 109 -110 110 -112 113 -114 114 -116 -117 118 -119 120 124 121 123 -124 126 125 -127 -128
leaf_value=0.020736701070137618 -0.0053761865246163068 0.012496698248850288 -0.0091888469232279547 -0.021449311648344474 -0.008493849738604493 0.0035072752643749844 -0.01035662290025151 0.014277990371833844 0.0083617806861893875 -0.021479994920456717 0.0039497841986533451 -0.0044234940165415407 0.0032440348905899636 -0.0074330027839605841 -0.0061209726961953745 0.01447579524707017 -0.014456042456216948 -0.00024707456421913871 -0.0014264197850697824 0.0074856714084158525 0.0077259749064878327 0.0020704475720167257 -0.014787221572880494 0.0092551733727478207 0.0052693928173153442 0.0066343549424889448 0.0049406268033500835 -0.0083682628081430659 0.010399080443515875 0.0021735282629625715 0.011526322894799221 0.001943528430044297 0.012240886396355089 0.014832541434351443 -0.0095305920840183384 -0.0041053766175450403 0.0049924311633468216 -0.013395009399958989 0.008457304524384153 -0.0026246487814328306 0.0057758262655040532 -0.013620632361382883 -0.0049885094337057609 -0.00095146914265984502 0.000638558874377625 -0.0049997272795062426 -0.0048192659553552277 -0.017317437256241675 -0.0053624209744089274 -0.0043837101131186124 -0.00069469990945718134 0.0062393338675183208 0.0068347317740810503 -0.011782125887983649 0.0042381693979380011 -0.0069163026574352209 -0.0018567162304899067 -0.0055076312757057462 0.0029445257102577531 -0.00048844245430387432 -0.0036090590970157782 -0.0092538414298203499 0.01289703927702221 0.017796333890343272 0.0075704704713089712 0.006054339330509171 -0.0037383619955149838 0.0053471960575852996 -0.0081216539184288412 0.001963527790594478 -0.0059779229508494861 -0.011577942661901904 -0.018011043118055275 0.0055743042006811483 -0.0066481820502936025 0.010568478019325589 -0.0042556902498081138 0.010529517256976356 -0.00030481157232493212 0.014846768791587708 0.015132703504682496 0.00037063048866733549 0.013657038372405101 0.0050109353620044613 -0.00036641032299182069 -0.0013902991200971371 0.0067762349012189492 -0.0034536881796732736 0.0073794267395948833 0.0026227840556001126 -0.001097840809792713 -0.015776215430566579 0.0052446291397876335 -0.003984598192018937 0.0083169986137637125 -0.0069985192490078637 0.0032111449928410099 0.0048527706547980137 -0.0014371555048704225 -0.0098766413014567747 -0.0027891759132785011 -0.012104499827661694 -0.0018303782912966555 0.010272529866359167 -0.014038142420702263 -0.02180206891993728 0.0043528032459360655 -0.010223835071969029 -0.0094120551815289003 -0.00075637880716905267 0.016780569228779674 -0.0061913781572841093 0.0010735113129138631 -0.0048713666242083276 -0.019577315639174891 -0.00097747853243145433 -0.0047763917178696713 0.0036352174088784342 -0.004892595072817231 -0.0061862905704789441 -0.011029642226578103 0.0014801072527833115 0.0072441624268817411 -0.0098864343085460476 0.00021573197264952856 0.0076401105268580809 -0.0030560233794415508
leaf_weight=833 798 212 214 286 233 514 255 236 1327 301 380 323 1003 389 369 2165 219 374 620 896 6562 6349 343 305 301 261 206 372 319 236 308 774 222 287 491 336 2716 236 339 385 333 225 484 218 356 3789 303 568 204 981 599 1229 472 237 1160 758 22266 201 1187 305 249 261 264 341 269 323 250 397 207 1524 289 216 243 326 272 277 647 391 298 1013 1336 8199 264 631 288 1586 302 553 613 265 241 394 411 1251 266 285 346 633 8146 254 1977 278 731 291 308 268 266 251 1065 326 202 1967 470 582 255 1632 1179 1800 417 478 563 1223 569 458 3461 661 12969
leaf_count=833 798 212 214 286 233 514 255 236 1327 301 380 323 1003 389 369 2165 219 374 620 896 6562 6349 343 305 301 261 206 372 319 236 308 774 222 287 491 336 2716 236 339 385 333 225 484 218 356 3789 303 568 204 981 599 1229 472 237 1160 758 22266 201 1187 305 249 261 264 341 269 323 250 397 207 1524 289 216 243 326 272 277 647 391 298 1013 1336 8199 264 631 288 1586 302 553 613 265 241 394 411 1251 266 285 346 633 8146 254 1977 278 731 291 308 268 266 251 1065 326 202 1967 470 582 255 1632 1179 1800 417 478 563 1223 569 458 3461 661 12969
internal_value=4.27244e-05 -0.00129823 -0.001017 -0.00017182 -0.000772648 -0.00177128 0.00180377 0.0100851 0.0137073 -0.00284704 -0.00605262 -0.0128601 0.00921488 -0.000573998 -0.0130359 0.0124594 0.000504862 0.00101569 -0.00495769 0.00821563 0.00876213 0.00168672 -0.00639556 0.00300706 -0.000799087 0.0115246 -0.00221168 -0.00211661 -0.000114483 -0.00620225 0.00283629 -0.00117496 0.0032747 0.00299776 0.00276556 0.00496722 0.00599888 0.00141685 -0.00240188 0.00252934 0.000428867 -0.00239869 -0.00104522 0.00596716 -0.0059279 -0.00634077 -0.00897901 -0.011737 -0.0144521 -0.00100499 -0.000931771 0.0021793 -0.00113233 -0.00379254 0.000891953 0.000231489 -0.00148183 0.00250346 0.00012336 -0.00600762 0.00409665 0.00494647 0.00203999 0.00735088 -0.0016347 0.0122591 0.00219689 0.00166809 -0.0012741 0.00075315 -0.00827425 -0.00367166 -0.0119252 -0.00383922 -3.04536e-06 0.000158541 -0.000470665 0.000623408 0.00511178 0.0174103 0.0136583 0.000741411 0.00550635 0.00171561 0.00590798 0.000431613 -0.000135729 -0.000556748 0.000889829 -0.00295788 -0.00639905 -0.0100471 0.000254827 -0.000713606 -0.00171965 0.00143916 -0.00146021 0.00732811 -0.00246885 -0.00319824 -0.00198138 -0.00476348 -0.000666693 0.00161575 -0.00542603 -0.00508243 -0.00601657 -0.00139053 -0.0119031 0.000994159 0.00625632 -0.00434776 -0.00285941 -0.00486949 -0.00935167 -0.00382709 -0.00187445 0.000274729 -0.00224465 -0.00049292 -0.0028675 -0.00318998 0.00209008 -0.00289088 0.000603881 0.00140289 -0.00328901
internal_weight=138138 121873 115512 54479 41775 61033 12704 16265 3173 2308 1488 624 13092 41120 655 3034 9888 9049 839 10058 9055 6582 6361 820 515 2493 51145 49955 6169 1190 10396 1029 9367 9059 8837 3339 3003 5498 1215 724 5797 43786 864 537 6018 5662 1873 1075 772 34538 34149 2065 32084 836 4719 4247 27365 4283 1728 541 2555 2306 1044 1262 780 664 519 598 3087 1731 954 422 532 1356 598 5099 4524 3543 575 1846 1597 8837 638 2896 679 2217 5260 4958 3094 1864 900 635 964 2481 2148 897 631 869 43272 17292 25980 9146 1276 1022 7870 7562 6035 1527 1333 1249 528 4702 721 4436 837 3599 25755 3777 21978 5779 16199 15213 986 14650 4600 4122 13427
internal_count=138138 121873 115512 54479 41775 61033 12704 16265 3173 2308 1488 624 13092 41120 655 3034 9888 9049 839 10058 9055 6582 6361 820 515 2493 51145 49955 6169 1190 10396 1029 9367 9059 8837 3339 3003 5498 1215 724 5797 43786 864 537 6018 5662 1873 1075 772 34538 34149 2065 32084 836 4719 4247 27365 4283 1728 541 2555 2306 1044 1262 780 664 519 598 3087 1731 954 422 532 1356 598 5099 4524 3543 575 1846 1597 8837 638 2896 679 2217 5260 4958 3094 1864 900 635 964 2481 2148 897 631 869 43272 17292 25980 9146 1276 1022 7870 7562 6035 1527 1333 1249 528 4702 721 4436 837 3599 25755 3777 21978 5779 16199 15213 986 14650 4600 4122 13427
cat_boundaries=0 3 6 9 10 13 14 15 17 18 19 20 23 24 27 29 31 32 33 36 37 40 41 43 44 45 46 49 52 53 54 55 56 57 59 60 62 63 64 65 66 67 68 69 70 71 72 73 76 77 78 79 82 85
cat_threshold=268494848 3776 11 52559872 33890304 540672 134218240 71303168 9472656 1 0 0 10 1306 20 1281 16 64 17 76 512 0 32912 114 0 0 1 256 134234112 3 2147483648 9 3338 134217728 4194304 34816 16 8388608 16384 1024 1070 2147484672 16384 3 7 2145 2097152 65536 524288 4194304 272 262176 804 16 24 257 704 257 16400 2577 2 134217728 10 26 7 2 164 1201 17 20 28 3650 512 134218240 67108864 2688 32 274 308 0 0 1050752 134217728 4194304 128
is_linear=0
shrinkage=0.05


Tree=37
num_leaves=128
num_cat=47
split_feature=2 2 2 10 2 6 6 6 2 4 3 2 6 3 10 4 7 2 4 7 8 2 4 7 10 2 9 3 4 7 4 9 8 2 3 10 0 2 8 8 6 7 4 4 10 9 3 8 9 8 2 8 4 7 9 9 4 8 9 8 7 6 6 7 6 4 8 8 2 3 8 3 8 7 6 7 7 9 7 7 8 8 4 7 8 8 7 2 7 9 9 3 9 6 3 4 8 2 4 9 3 4 2 2 8 9 8 7 7 8 10 10 4 8 9 10 7 4 9 8 2 8 7 2 8 8 6
split_gain=672.33 62.94 26.1845 22.8883 36.8231 24.1353 21.9545 19.4019 21.6415 16.6092 20.154 15.4024 14.6967 12.9361 11.7685 13.6498 11.6797 10.03 10.396 10.3279 9.86919 9.48053 9.44855 9.25195 9.18949 8.84821 8.66825 8.51611 12.6028 19.8449 8.21272 7.50896 10.6845 10.2701 8.39636 7.95486 7.25693 10.5103 8.25379 8.08327 12.0656 9.44827 22.1504 8.46343 12.5014 11.5287 11.7265 9.95188 7.02052 9.50802 6.77728 6.6546 6.63713 11.9696 6.61929 6.47215 6.3486 6.34269 6.31874 6.19642 9.092 7.59031 10.2709 11.6591 6.7441 9.49492 6.73909 6.28792 6.13168 9.3708 6.08472 7.81823 7.61327 7.04963 6.12265 6.12204 6.67985 6.95927 9.39933 5.92269 6.83276 5.81706 5.74636 7.60995 7.61562 5.70919 13.5457 8.8587 9.28055 8.83608 7.81652 9.59617 7.66786 5.69261 7.39533 10.573 7.07568 6.4255 7.14143 8.97214 5.57014 17.222 11.6438 8.84834 9.69979 11.0064 8.74305 9.35933 21.3398 13.9989 11.3252 9.47201 10.1833 8.26037 18.6918 10.2646 10.2447 8.19914 13.9213 8.32564 9.24063 15.8554 7.72777 7.45326 6.90798 16.0986 15.4316
threshold=0 1 2 258.00000000000006 3 2016.5000000000002 2016.5000000000002 2016.5000000000002 4 5 6 7 2016.5000000000002 8 168.00000000000003 9 12.500000000000002 10 11 1.5000000000000002 360.50000000000006 12 13 3.5000000000000004 348.00000000000006 14 2311.0000000000005 15 16 15.500000000000002 17 2545.0000000000005 311.50000000000006 18 19 333.00000000000006 20 21 12.500000000000002 41.500000000000007 2019.5000000000002 28.500000000000004 22 23 141.50000000000003 2152.0000000000005 24 266.50000000000006 2048.5000000000005 306.50000000000006 25 239.50000000000003 26 16.500000000000004 2119.5000000000005 1530.5000000000002 27 24.500000000000004 1669.5000000000002 318.50000000000006 25.500000000000004 2017.5000000000002 2019.5000000000002 8.5000000000000018 2018.5000000000002 28 350.50000000000006 95.500000000000014 29 30 355.50000000000006 31 353.50000000000006 28.500000000000004 2019.5000000000002 20.500000000000004 18.500000000000004 2165.0000000000005 15.500000000000002 16.500000000000004 97.500000000000014 220.50000000000003 32 20.500000000000004 270.50000000000006 308.50000000000006 7.5000000000000009 33 19.500000000000004 2190.0000000000005 2165.0000000000005 34 2170.0000000000005 2017.5000000000002 35 36 331.50000000000006 37 38 2010.0000000000002 39 40 41 42 27.500000000000004 2155.0000000000005 305.50000000000006 7.5000000000000009 12.500000000000002 4.5000000000000009 1360.0000000000002 1506.0000000000002 43 80.500000000000014 2102.0000000000005 1524.5000000000002 24.500000000000004 44 1828.0000000000002 17.500000000000004 45 97.500000000000014 18.500000000000004 46 221.50000000000003 212.50000000000003 2018.5000000000002
decision_type=9 9 9 2 9 2 2 2 9 1 9 9 2 9 2 1 2 9 1 2 2 9 1 2 2 9 2 9 1 2 1 2 2 9 9 2 9 9 2 2 2 2 1 1 2 2 9 2 2 2 9 2 1 2 2 2 1 2 2 2 2 2 2 2 2 1 2 2 9 9 2 9 2 2 2 2 2 2 2 2 2 2 1 2 2 2 2 9 2 2 2 9 2 2 9 1 2 9 1 2 9 1 9 9 2 2 2 2 2 2 2 2 1 2 2 2 2 1 2 2 9 2 2 9 2 2 2
left_child=7 24 6 5 13 9 17 8 27 10 16 22 21 -5 81 26 -4 19 -19 -3 23 -6 -9 25 58 -17 54 -1 -29 -30 -10 32 55 70 -33 -35 37 -7 -38 40 -40 43 -43 50 45 47 -47 -45 -46 -50 -41 -44 -12 -54 -16 -8 -39 -42 -2 60 61 67 63 -63 65 -65 -61 -25 69 -11 72 -72 73 75 -73 76 77 78 -34 80 -64 -13 83 -21 -85 87 89 88 -14 -87 -88 -92 -93 96 97 -96 -60 98 -95 -100 102 123 -57 104 -103 -106 107 109 110 -105 -109 -111 -113 122 115 -115 -117 118 -104 -119 121 -121 -110 -102 125 -120 -127
right_child=1 2 3 4 12 36 31 11 30 68 52 14 85 -15 15 20 -18 18 -20 82 -22 -23 -24 59 -26 -27 -28 28 29 -31 -32 34 33 35 -36 -37 38 56 39 41 57 42 51 44 48 46 -48 -49 49 -51 -52 -53 53 -55 -56 100 -58 -59 93 66 -62 62 79 64 -66 -67 -68 -69 -70 -71 71 74 -74 -75 -76 -77 -78 -79 -80 -81 -82 -83 -84 84 -86 86 90 -89 -90 -91 91 92 -94 94 95 -97 -98 -99 99 -101 101 103 117 106 105 -107 -108 108 113 111 -112 112 -114 114 -116 116 -118 119 124 120 -122 -123 -124 -125 -126 126 -128
leaf_value=0.012755863104860777 -0.013197642160671284 0.011871863028280577 -0.02040846311412934 -0.003669662542099543 -0.0080866341295157684 -0.0098583326284567181 0.0032974894850252611 0.011678716681412692 0.020398283390023964 0.0044124438228682695 0.0038165706475380779 0.011167269010911555 -0.00051970071439701377 -0.018357107319819335 0.01087427774423572 0.0063923596910560434 -0.0059147090516346477 -0.013784053118433804 -0.0012897371582527596 0.00083405891841893752 -0.0032441053112570572 0.0019875538358995904 0.0022770143381611531 0.016144968572900036 -0.014047860623264017 -0.0054484763271483352 0.014313905885662268 0.011542861171237364 -0.011749945992154868 0.0097789679976498217 0.013061561935779432 -0.00048564460961305044 0.0077294516696885781 -0.011959029942348327 -0.0091565191215430049 -0.0017456344993048553 0.011378689519139069 0.0084908404260357253 0.0046667197482550852 0.012790860252760767 -0.013411630615148516 -0.014243804361213121 -0.0011733049914861718 0.0037086090870594281 0.0086698619464387113 -0.015277455823127929 0.00027504627068992705 -0.0068380094348238071 0.0011735240656602591 0.012219105487195615 0.0051392416681173463 0.01055785946959354 0.0038858368126351143 -0.012334187965811665 0.0044269803769399476 -0.012968581044808664 -0.0013964863780812642 -0.0019682370963135173 -0.0040696956394888047 0.012356470260983944 0.012223669588908645 0.010746312720598096 0.017925107808261051 0.0080301863357944547 -0.0077767067637929017 -0.0061580676690102852 0.0053817218572141667 0.0065036632108894533 0.0074099031732314169 -0.0084340246300377841 -0.010838064443023883 -0.0071990091907351622 0.010042618520626585 0.0085253397862996069 0.0035294817592332536 -0.0029529804611721153 0.0096061895725234794 -0.00084237173959639386 -0.0035211780368996307 0.0036025707185118336 0.0057373664471826284 0.017101348374240304 0.0014378015455053005 -0.010280081524097389 -0.00082609234784311592 0.0018245876641268975 0.0027157157199938398 -0.0013676825437325456 0.011658158885666464 0.011723242922766408 -0.0049991393572142023 -0.0067313217451413819 0.002032152083828993 -0.0057097395068411248 -0.0097612124941827971 -0.0021369033354273806 0.0057477940399752285 -0.0035120938655790711 -0.0079547277079486233 -0.018612105589586422 -0.00073686953753712443 -0.0093828091478547256 0.0057290463937566313 -0.011499274767878325 -0.0017388594562471904 0.0097589032912124406 -0.0133968343181403 -0.02033958307800502 0.0015239178935336252 -0.0030950790687126507 -0.0089414524712611836 -0.000486715959139659 0.01276617997817779 -0.0055698279080464664 -0.011217401307234153 -0.0030677302055421092 0.011565566468725426 0.00085019449131576235 -0.0011597434529105888 -0.0076109854678657876 -0.0032181048719507038 0.0072149482322428002 -0.0043435259264903705 -0.0049997128079488137 0.001529531859292879 -0.0011580466132123058 -0.016357339358519161
leaf_weight=509 264 212 307 272 233 255 515 328 853 332 353 1614 372 383 1477 402 254 222 617 1345 221 6346 1361 262 343 247 1347 323 224 205 1078 453 643 288 756 564 298 228 425 331 210 236 264 1238 849 219 266 273 1216 232 2619 223 201 262 545 225 507 286 1506 1357 652 217 229 248 331 208 465 477 350 233 229 201 244 288 393 1006 237 1913 261 422 231 555 6635 396 461 527 1266 28307 270 394 1403 301 1462 524 635 1608 209 475 361 436 6996 254 783 278 731 291 309 274 930 684 1065 324 257 861 1043 265 218 1657 6995 270 13117 543 1415 1194 1857 313 358
leaf_count=509 264 212 307 272 233 255 515 328 853 332 353 1614 372 383 1477 402 254 222 617 1345 221 6346 1361 262 343 247 1347 323 224 205 1078 453 643 288 756 564 298 228 425 331 210 236 264 1238 849 219 266 273 1216 232 2619 223 201 262 545 225 507 286 1506 1357 652 217 229 248 331 208 465 477 350 233 229 201 244 288 393 1006 237 1913 261 422 231 555 6635 396 461 527 1266 28307 270 394 1403 301 1462 524 635 1608 209 475 361 436 6996 254 783 278 731 291 309 274 930 684 1065 324 257 861 1043 265 218 1657 6995 270 13117 543 1415 1194 1857 313 358
internal_value=4.03779e-05 -0.00123965 -0.000972424 -0.000169266 -0.000733242 0.00170958 -0.00167884 0.00954489 0.0130487 -0.00292569 -0.00636829 0.00870458 -0.000543072 -0.0124048 0.00935977 0.00859726 -0.0136037 0.000478816 -0.00471916 0.000964907 0.00711263 0.0016215 0.0041608 0.0075232 -0.00607796 0.00190045 0.0111734 0.00773939 0.00422109 -0.00142893 0.0163909 -0.00209345 -0.00199984 -6.82515e-05 -0.00598738 -0.00513775 0.00275372 -0.00131362 0.00319007 0.00291908 -0.00151575 0.00343181 -0.00201843 0.00397586 0.00253879 -0.000349771 -0.00705696 0.0018031 0.00505988 0.00294326 0.00603809 0.00411398 -0.00128945 -0.00518077 0.0091365 -0.00227482 0.0017434 -0.00681322 -0.00563381 0.00823886 0.00693919 0.00562662 0.00394361 0.000485248 -0.00234404 0.00159941 0.0105764 0.00992183 0.00229962 -0.000939847 0.000737513 -0.00322018 0.00144844 0.00096615 -9.91962e-05 0.000429931 0.00154428 0.000866011 0.00448121 0.00788035 0.0118047 0.0126857 0.000704341 -0.00150539 -0.00519456 -0.000958387 0.000541697 -0.00123577 0.00453125 0.00605919 -0.000604876 -0.00193269 0.000532926 -0.00528677 -0.00631156 -0.00432911 -0.00287328 -0.00871478 -0.0105451 -0.013614 -0.00234078 -0.00303556 -0.00187633 -0.00452096 -0.000633358 0.00153497 -0.00514547 -0.00481736 -0.00570113 -0.00134013 -0.0112739 0.000892469 0.00558693 -0.00412423 -0.00619482 -0.00229708 0.00353695 -0.00177497 -0.000679005 -0.00249872 -0.00289887 0.00226337 -0.00201657 -0.00136368 -0.0012066 -0.0018694 -0.00926736
internal_weight=138138 121750 115389 54003 41536 12467 61386 16388 3192 2292 1377 13196 40881 655 11507 9338 561 9888 839 9049 5969 6579 1689 5748 6361 649 3369 1261 752 429 1931 51498 50289 6267 1209 852 10175 990 9185 8887 921 7966 723 7243 4293 1996 485 1511 2297 1448 2950 487 816 463 2022 44022 735 496 6018 5099 3277 2625 1886 1004 787 456 1822 739 915 565 5415 823 4592 4348 594 4060 3054 2817 904 882 460 2169 8837 2202 857 34302 5353 28949 642 921 4432 3166 1763 5754 4039 2243 1715 1796 1321 797 43507 17389 26118 9199 1276 1022 7923 7614 6071 1543 1339 1265 581 4732 2387 1344 483 25893 10306 15587 13930 813 2345 8190 9523 7666 671
internal_count=138138 121750 115389 54003 41536 12467 61386 16388 3192 2292 1377 13196 40881 655 11507 9338 561 9888 839 9049 5969 6579 1689 5748 6361 649 3369 1261 752 429 1931 51498 50289 6267 1209 852 10175 990 9185 8887 921 7966 723 7243 4293 1996 485 1511 2297 1448 2950 487 816 463 2022 44022 735 496 6018 5099 3277 2625 1886 1004 787 456 1822 739 915 565 5415 823 4592 4348 594 4060 3054 2817 904 882 460 2169 8837 2202 857 34302 5353 28949 642 921 4432 3166 1763 5754 4039 2243 1715 1796 1321 797 43507 17389 26118 9199 1276 1022 7923 7614 6071 1543 1339 1265 581 4732 2387 1344 483 25893 10306 15587 13930 813 2345 8190 9523 7666 671
cat_boundaries=0 3 6 9 10 13 14 15 18 19 20 23 24 26 27 30 31 32 33 36 37 38 41 42 43 44 46 47 48 49 52 53 54 55 57 58 59 60 63 64 65 66 67 70 71 72 75 78
cat_threshold=268494852 3776 4194315 52559872 33890304 540672 134480384 71303168 9472656 1 0 3072 1 2788 20 268453892 0 4194305 12 1696 512 0 32912 51 256 134234112 2049 0 2048 2 81 199 3008 262656 67108864 8389136 3 16 8388608 16384 1024 290 1082 10 2147484672 16384 2084 2882 262 2147483651 0 1024 22 4 2178 0 134234112 10 73 2632 2097152 33619968 524288 632 28 3650 512 134218240 67108864 2688 32 1444 0 0 1050752 262656 4194304 8390672
is_linear=0
shrinkage=0.05


Tree=38
num_leaves=128
num_cat=44
split_feature=2 2 2 10 2 6 6 2 6 4 3 6 7 10 2 3 10 7 0 7 2 8 0 6 9 8 8 6 3 4 2 4 8 8 9 7 9 10 10 4 4 3 7 0 8 7 4 7 7 4 9 7 6 4 2 7 8 8 8 7 8 10 4 7 4 9 10 3 10 10 4 7 7 9 1 9 7 3 8 8 8 6 9 10 6 8 3 10 2 4 7 7 7 7 10 4 8 4 8 7 10 7 8 8 8 8 10 7 2 7 6 8 7 8 2 3 8 8 7 7 3 4 9 3 4 3 2
split_gain=607.099 56.7951 23.8191 18.9342 33.7784 20.3651 17.5816 19.525 17.1561 15.305 19.8329 14.9802 14.4012 14.3126 13.9112 12.3131 10.7497 26.8863 11.2575 9.82042 9.64687 9.57852 10.8647 10.4069 8.92008 11.2061 13.6921 9.42976 9.27367 12.4711 11.724 10.4461 11.0543 13.1086 9.57231 8.45377 8.25537 8.25332 8.2211 10.0797 7.86569 7.76066 9.69228 7.72774 7.47947 12.2979 7.42545 7.28393 6.85152 16.1544 6.84838 10.4186 8.65011 12.4902 7.87134 7.19487 6.76024 6.75446 17.0238 8.9426 6.7413 9.18752 13.2417 7.63422 8.20549 7.75789 6.7313 13.6739 6.7041 7.39758 12.3306 16.1984 6.884 6.71803 8.35007 10.3089 7.36884 6.66288 13.6243 16.6631 7.58967 6.6279 9.25717 6.56245 8.02806 8.45573 6.64981 6.46141 14.5852 7.8724 6.41621 7.85859 9.8522 11.4916 10.1018 6.37698 6.33976 6.33489 6.29943 10.0278 12.7851 6.27287 7.00654 7.13835 12.9061 7.61038 6.26486 6.25252 6.22829 8.41555 6.22649 7.58394 7.93906 6.60185 6.51874 6.15901 10.3386 6.27198 6.15239 6.14943 10.1813 11.8957 7.55426 9.93095 7.04946 6.6144 6.50978
threshold=0 1 2 241.00000000000003 3 2016.5000000000002 2016.5000000000002 4 2017.5000000000002 5 6 2016.5000000000002 22.500000000000004 36.500000000000007 7 8 204.50000000000003 9.5000000000000018 9 12.500000000000002 10 350.50000000000006 11 2017.5000000000002 2231.5000000000005 313.50000000000006 316.50000000000006 2019.5000000000002 12 13 14 15 295.50000000000006 290.50000000000006 1631.0000000000002 2.5000000000000004 2181.0000000000005 348.00000000000006 232.50000000000003 16 17 18 7.5000000000000009 19 117.50000000000001 4.5000000000000009 20 1.5000000000000002 6.5000000000000009 21 2027.5000000000002 8.5000000000000018 2019.5000000000002 22 23 5.5000000000000009 353.50000000000006 351.50000000000006 348.50000000000006 20.500000000000004 176.50000000000003 1392.0000000000002 24 13.500000000000002 25 2329.5000000000005 1431.0000000000002 26 255.00000000000003 333.00000000000006 27 14.500000000000002 19.500000000000004 2022.5000000000002 28 2206.5000000000005 13.500000000000002 29 76.500000000000014 102.50000000000001 83.500000000000014 2019.5000000000002 2329.5000000000005 1047.0000000000002 2021.5000000000002 308.50000000000006 30 189.00000000000003 31 32 29.500000000000004 28.500000000000004 21.500000000000004 19.500000000000004 1706.5000000000002 33 200.50000000000003 34 346.50000000000006 11.500000000000002 1886.0000000000002 2.5000000000000004 28.500000000000004 261.50000000000006 254.50000000000003 280.50000000000006 1207.0000000000002 21.500000000000004 35 19.500000000000004 2020.5000000000002 174.50000000000003 11.500000000000002 115.50000000000001 36 37 352.50000000000006 344.50000000000006 17.500000000000004 22.500000000000004 38 39 2174.5000000000005 40 41 42 43
decision_type=9 9 9 2 9 2 2 9 2 1 9 2 2 2 9 9 2 2 9 2 9 2 9 2 2 2 2 2 9 1 9 1 2 2 2 2 2 2 2 1 1 9 2 9 2 2 1 2 2 1 2 2 2 1 9 2 2 2 2 2 2 2 1 2 1 2 2 9 2 2 1 2 2 2 9 2 2 9 2 2 2 2 2 2 2 2 9 2 9 1 2 2 2 2 2 1 2 1 2 2 2 2 2 2 2 2 2 2 9 2 2 2 2 2 9 9 2 2 2 2 9 1 2 9 1 9 9
left_child=6 37 8 5 12 9 7 41 38 108 19 20 15 -10 -8 -5 17 -15 -19 -11 95 22 48 97 25 28 -27 -28 29 30 66 32 33 35 -31 -30 -23 87 39 -3 43 -1 -43 -7 77 -46 -9 -40 49 -16 51 -45 -53 -54 -52 -56 90 58 -49 -59 61 62 -25 65 -65 -62 67 -18 -13 70 73 -72 -73 -70 -75 76 -76 78 -26 -80 -79 82 107 -71 85 86 -85 88 -2 -90 91 92 93 98 -94 -6 -44 -24 99 -47 -101 -36 -103 104 -104 -105 -33 -57 109 -4 114 112 -112 -114 -42 117 -117 -29 -69 122 -121 -122 124 -124 126 -126 -116
right_child=1 2 3 4 11 40 14 46 13 10 -12 68 -14 16 21 -17 24 18 -20 -21 -22 36 23 60 44 26 27 115 31 34 -32 106 -34 -35 101 -37 -38 -39 47 -41 110 42 96 50 45 56 -48 57 -50 -51 54 52 53 -55 55 81 -58 59 -60 -61 63 -63 -64 64 -66 -67 -68 118 69 83 71 72 -74 74 75 -77 -78 80 79 -81 -82 -83 -84 84 -86 -87 -88 -89 89 -91 -92 -93 94 -95 -96 -97 -98 -99 -100 100 -102 102 103 105 -106 -107 -108 -109 -110 -111 111 -113 113 -115 119 116 -118 -119 -120 120 121 -123 123 -125 125 -127 -128
leaf_value=0.014520246786161317 -0.019969206545930592 0.0030859795697779193 0.0036075177831886018 -0.006691031005968618 0.0040196970072556362 -0.002171991602954905 0.0028147640238937507 0.019390187452483582 0.0093347520660489562 -0.019388040210460145 -0.00097167480479615339 -0.0069756587997554997 0.00061056465469300745 -0.020135304656614481 0.015486590800185999 -0.021862056882755526 0.012201949317102969 0.0066939797142520551 -0.0087973628617186786 -0.0061403915552415162 -0.0066895658294584583 -0.0039682639170755714 0.0052511973483540877 0.005827345998399327 0.005142189240889411 0.012188788294433386 0.0036485779580933443 -0.0026924649403202794 0.0061188391138947027 0.0047550108926087201 -0.0071046706708036995 -0.00040470765795269832 -0.0077340536392894567 0.012107885972759462 0.0044306678111524049 -0.0014569184116276588 0.0071299576663283563 -0.01334546775388757 0.0064715956095146177 -0.0090259035225176264 -0.0076148233243610516 -0.0038756619254535622 0.0034607381988074875 0.011053140514942585 0.0051058203828681882 -0.008074528333259794 0.012414486303039079 -0.00032452388599976938 0.012952839815937487 -0.0021634976501491939 0.015669821756625228 -0.0059651881979668683 0.012747185156632472 -0.001671492603972779 -0.0014305466616956676 0.016537000107407735 0.0024603147953352398 0.013408780863882034 -0.014547542565471619 0.00082529256704138285 0.0079907214119894574 0.0071032561296821232 -0.0072158581631765056 0.014133790022407031 0.0070174872906561443 -0.00072599200708227179 0.00067622994175006116 -0.0050971731974445156 0.013382007265419951 -0.0051980169688999999 0.0044751944208979251 -0.014714912092544843 -0.0036864873883509265 0.0099798333009219267 0.0021932449869123028 0.0077333641868993601 -0.011069195843104028 -0.0035803457472812906 -0.0099137726637753606 0.0037956393680360634 0.0025610191005648554 0.0030245089000952847 0.002952701441182056 0.00033401330256864004 0.0054481268888557088 0.00098445498305591256 -0.001716228742617479 -0.0047452069420142245 -0.011155968818794236 0.0010591435585345004 0.0023009179155477912 -0.015162049067133865 -0.0054202806512130466 -0.016312502508141244 0.0071552752881364262 0.00078548326035634403 0.012710783584565134 0.012448481529752121 -0.011041953648734643 -0.0056386028589192 0.0077216303870656011 -0.00028782953670094841 -0.0045269758577141904 0.0051780301045561989 -0.015151974689989092 -0.0037035698331768863 -0.0040688563581713442 0.0068397320237269998 0.0074685975829258027 -0.0088561736767724993 -0.0044981089718001566 0.0099577588528128608 0.010173786948705063 -0.00029758754153654242 -0.0010322979794970403 -0.0019476147255685233 -0.014000011536687958 0.0036479494081250539 0.0061811663469334491 -0.0097456180395270788 0.0096338440584185642 -0.0025385856909852008 -0.010596489876355385 0.002630787883042645 0.0079493900141660353 -0.0010806966199888848 0.0079277473102756686
leaf_weight=291 229 246 375 289 2626 416 1107 853 268 307 829 446 200 289 245 301 403 240 211 257 316 258 430 497 298 244 1180 867 404 427 409 1309 547 206 271 4161 478 343 405 549 224 228 385 262 278 1019 1078 17132 2423 265 217 392 222 425 304 425 235 202 213 469 1127 2161 306 945 846 330 3572 278 214 909 571 201 478 339 207 291 212 886 962 288 1164 674 369 4856 492 4613 21358 5215 243 279 206 259 433 325 253 3653 357 1778 532 463 292 1395 2747 347 319 791 10720 273 351 212 321 420 319 285 260 705 238 709 214 304 258 790 236 331 243 1015 973
leaf_count=291 229 246 375 289 2626 416 1107 853 268 307 829 446 200 289 245 301 403 240 211 257 316 258 430 497 298 244 1180 867 404 427 409 1309 547 206 271 4161 478 343 405 549 224 228 385 262 278 1019 1078 17132 2423 265 217 392 222 425 304 425 235 202 213 469 1127 2161 306 945 846 330 3572 278 214 909 571 201 478 339 207 291 212 886 962 288 1164 674 369 4856 492 4613 21358 5215 243 279 206 259 433 325 253 3653 357 1778 532 463 292 1395 2747 347 319 791 10720 273 351 212 321 420 319 285 260 705 238 709 214 304 258 790 236 331 243 1015 973
internal_value=3.82442e-05 -0.0011781 -0.000925352 -0.000170516 -0.000669613 0.00155833 0.00906992 0.0124053 -0.00160879 -0.00264864 -0.00594829 -0.000474472 -0.010847 -0.00218256 0.00826999 -0.0149148 -0.00225766 -0.00822949 -0.000600271 -0.0131188 0.00171226 0.00875995 0.00912555 0.00816886 -0.00214816 -0.00178161 0.0007168 -3.99351e-05 -0.00212703 -0.00100049 0.000897216 -0.0028504 -0.000999724 -0.000229722 -0.00246904 -0.000786468 0.00323955 -0.00579407 -0.000374542 -0.00535279 0.00254312 0.00736198 0.00508825 0.00426379 -0.00365572 -0.00506446 0.01558 -0.000159695 0.0118039 0.0065767 0.00501918 0.00214283 -0.000104048 0.00344706 0.00669571 0.00563925 -0.00576831 -0.000308766 -0.000499185 0.00461347 0.00713057 0.00540634 0.000839668 0.00870403 0.0108904 0.00601645 0.0016441 0.00552532 -0.00088446 -0.000806262 0.00180659 -0.00171786 -0.00695116 0.00526666 0.0036613 0.000496863 -0.00451711 -0.00197407 -0.00443616 -0.00675512 -9.27962e-05 0.00690611 0.00935803 -0.00101 -0.000888448 -0.00098958 -0.00133696 -0.00536964 -0.00970574 -0.00473001 -0.0062796 -0.0067739 -0.00611893 -0.00751037 -0.000782357 0.00214234 0.00791123 0.011127 -0.00626983 -0.00483873 -0.000471466 -0.00299875 -0.00335834 -0.00437722 -0.00563245 -0.000995384 -0.00366707 0.0127442 0.00229058 -0.000878877 0.00138856 0.00438587 0.00185593 0.00523282 0.000521603 -0.00176778 -0.00493712 0.000158909 -0.000187738 0.000949995 -0.00185586 0.000520796 0.00219362 -0.00301523 0.00337926 0.000712525 0.00604526
internal_weight=138138 121750 115441 54861 42572 12289 16388 3192 60580 2331 1393 41782 790 41364 13196 590 41096 740 451 564 6595 12089 11353 8420 40356 32463 3943 3699 28520 11173 4876 17347 5318 4771 6297 4565 736 6309 19216 795 9958 1261 970 3979 7893 4295 1931 18421 2933 510 3563 1301 1039 647 2262 2045 4017 18016 17345 671 6212 2964 803 3248 1791 1457 4467 895 35187 34741 2513 1250 679 1263 1049 710 419 3598 1548 1250 2050 1741 1067 32228 31319 30827 26214 5966 751 522 3782 3576 3317 2631 686 6279 742 2208 2306 1774 755 5870 5599 4204 3066 1138 12029 698 938 587 5979 1345 925 604 4634 2519 943 1576 492 4410 1352 1048 3058 567 2491 1258 1233
internal_count=138138 121750 115441 54861 42572 12289 16388 3192 60580 2331 1393 41782 790 41364 13196 590 41096 740 451 564 6595 12089 11353 8420 40356 32463 3943 3699 28520 11173 4876 17347 5318 4771 6297 4565 736 6309 19216 795 9958 1261 970 3979 7893 4295 1931 18421 2933 510 3563 1301 1039 647 2262 2045 4017 18016 17345 671 6212 2964 803 3248 1791 1457 4467 895 35187 34741 2513 1250 679 1263 1049 710 419 3598 1548 1250 2050 1741 1067 32228 31319 30827 26214 5966 751 522 3782 3576 3317 2631 686 6279 742 2208 2306 1774 755 5870 5599 4204 3066 1138 12029 698 938 587 5979 1345 925 604 4634 2519 943 1576 492 4410 1352 1048 3058 567 2491 1258 1233
cat_boundaries=0 3 6 9 12 15 16 17 20 21 22 25 26 27 28 31 32 33 34 35 36 37 38 39 41 42 43 44 45 46 47 48 50 51 52 53 56 58 59 60 61 62 63 64 66
cat_threshold=268494852 3776 4194315 52559872 33890304 16384 134217728 71303168 9996944 4194305 0 262144 0 3072 1 1307 20 4 0 4194305 14 256 512 16 32 64 84 1508 0 4194304 1048720 2562 193 1039 65 16 3008 3473 1026 1024 16400 176 1292 4 3521 8388608 17 16 2097152 65536 920 279 3330 2147483651 2147483648 1024 262656 2147483656 11 16 320 10 2272 4 8388608 671105040
is_linear=0
shrinkage=0.05


Tree=39
num_leaves=128
num_cat=50
split_feature=2 2 2 10 2 3 2 2 8 9 8 8 4 9 9 8 7 7 2 8 8 3 3 4 7 4 2 4 2 3 3 7 10 7 7 8 8 7 10 3 2 3 8 10 10 1 10 9 10 8 8 10 4 9 9 9 4 3 3 9 3 10 3 9 10 4 4 7 7 4 9 9 9 3 4 8 3 8 4 2 2 10 10 3 7 7 4 10 4 8 7 7 4 3 3 3 10 8 10 9 8 9 3 7 8 7 3 4 8 8 8 9 8 8 8 7 7 7 7 10 8 3 10 9 3 3 7
split_gain=547.93 51.2163 21.3367 16.7027 35.9551 27.2259 16.2714 12.7773 9.41517 11.5835 9.39308 11.7926 8.77665 10.2007 12.1467 10.4037 7.85408 9.12383 7.47266 7.28763 10.1628 18.4236 7.03606 6.91136 6.86047 14.9508 8.08645 8.04918 19.048 10.1227 9.70354 13.1914 21.0669 9.362 9.11113 12.7414 12.6996 15.0019 12.0839 14.0373 11.5783 14.94 8.53564 8.89416 13.0627 8.52496 7.43653 11.3772 7.42348 7.21111 10.9656 10.2039 7.07695 6.90767 17.4039 13.5684 10.0409 8.66123 7.13628 6.34309 10.8172 12.4428 9.85667 9.70658 9.41272 10.1621 9.12372 8.47932 7.40138 13.0644 6.86882 6.12735 21.9526 22.2178 18.882 11.021 10.4543 10.4024 10.287 27.0337 20.0232 11.7334 12.0911 16.4835 10.9704 12.7394 15.3078 11.3022 12.1817 8.20072 7.44756 7.02974 6.06614 9.71563 6.04323 5.97848 7.53278 5.94045 8.38072 5.88699 5.82508 5.82162 6.72628 5.77737 6.14451 9.48596 7.7336 15.1893 14.3922 14.1082 10.4643 8.64592 8.64212 7.75241 7.651 11.799 10.0568 10.8558 10.8422 7.66717 6.47201 5.74562 5.73803 5.70054 7.00583 5.79917 5.8034
threshold=0 1 2 307.00000000000006 3 4 5 6 4.5000000000000009 2159.5000000000005 12.500000000000002 17.500000000000004 7 2311.0000000000005 2119.5000000000005 265.50000000000006 25.500000000000004 13.500000000000002 8 17.500000000000004 29.500000000000004 9 10 11 3.5000000000000004 12 13 14 15 16 17 15.500000000000002 1181.0000000000002 8.5000000000000018 16.500000000000004 346.50000000000006 172.50000000000003 20.500000000000004 1605.0000000000002 18 19 20 230.50000000000003 2020.5000000000002 1605.0000000000002 21 1207.0000000000002 2010.0000000000002 255.00000000000003 298.50000000000006 267.50000000000006 1555.5000000000002 22 1926.5000000000002 1900.5000000000002 2033.0000000000002 23 24 25 2292.0000000000005 26 1392.0000000000002 27 2005.0000000000002 1431.0000000000002 28 29 25.500000000000004 10.500000000000002 30 2353.0000000000005 2005.0000000000002 2022.5000000000002 31 32 170.50000000000003 33 170.50000000000003 34 35 36 245.00000000000003 280.50000000000006 37 10.500000000000002 21.500000000000004 38 179.00000000000003 39 199.50000000000003 16.500000000000004 25.500000000000004 40 41 42 43 1514.0000000000002 102.50000000000001 261.00000000000006 2159.5000000000005 179.50000000000003 1941.5000000000002 44 4.5000000000000009 43.500000000000007 10.500000000000002 45 46 299.50000000000006 292.50000000000006 266.50000000000006 2086.5000000000005 256.50000000000006 295.50000000000006 147.50000000000003 19.500000000000004 9.5000000000000018 16.500000000000004 18.500000000000004 1641.0000000000002 278.50000000000006 47 1487.5000000000002 2573.0000000000005 48 49 23.500000000000004
decision_type=9 9 9 2 9 9 9 9 2 2 2 2 1 2 2 2 2 2 9 2 2 9 9 1 2 1 9 1 9 9 9 2 2 2 2 2 2 2 2 9 9 9 2 2 2 9 2 2 2 2 2 2 1 2 2 2 1 9 9 2 9 2 9 2 2 1 1 2 2 1 2 2 2 9 1 2 9 2 1 9 9 2 2 9 2 2 1 2 1 2 2 2 1 9 9 9 2 2 2 2 2 2 9 2 2 2 9 1 2 2 2 2 2 2 2 2 2 2 2 2 2 9 2 2 9 9 2
left_child=6 7 8 10 5 -5 23 92 9 -3 18 -12 13 14 15 -8 17 -7 -4 -10 21 -21 -9 -1 25 46 -27 28 30 33 -26 -32 -33 -30 35 40 45 42 -37 -40 53 52 -38 44 -44 -36 -22 -48 -39 50 -35 -52 -42 54 57 56 -55 -29 -58 60 61 -6 67 66 65 -62 -63 -61 69 -65 -64 74 73 -73 75 -13 -76 -75 80 -80 89 84 83 -83 -81 87 91 88 -86 97 -89 -87 -2 99 122 96 -43 -74 -99 -94 -50 102 -66 -31 105 -105 107 -106 109 110 112 113 -109 120 115 -113 -116 -118 -119 -120 -108 -121 -25 125 -125 126 -102
right_child=1 2 3 4 59 16 12 22 19 -11 11 71 -14 -15 -16 -17 -18 -19 -20 20 24 -23 -24 94 27 26 -28 34 29 103 31 32 -34 49 36 38 37 48 39 -41 41 95 43 -45 -46 -47 47 -49 100 -51 51 -53 -54 55 -56 -57 58 -59 -60 62 64 63 70 68 101 -67 -68 -69 -70 -71 -72 72 78 77 76 -77 -78 -79 79 81 -82 82 -84 -85 85 86 -88 90 -90 -91 -92 -93 93 -95 -96 -97 -98 98 -100 -101 123 -103 -104 104 106 -107 111 108 -110 -111 -112 114 -114 -115 116 -117 117 118 119 121 -122 -123 -124 124 -126 -127 -128
leaf_value=0.00077383501269759803 -0.0070430792439800305 -0.014932251422061133 0.015086117698929567 -0.026158619072876366 -0.0033529955311192073 -0.0010869772667593961 0.0098813636026879228 -0.0066294251442787821 0.0011108497508116807 -0.0014838824284085063 -0.010542714779269519 0.016884308398624703 0.0079521059853330644 0.013611645579019775 0.003932887969800538 0.021439179586610055 0.0027755763377062979 -0.014060363821202824 0.0019258439136214602 -0.0078955858126106507 0.013117514925021357 0.00071245834507391781 -0.020100036034697389 0.012920822639778061 -0.0058304911891091209 -0.0089965039734377535 -0.00056794147222548449 0.0047454617539107718 -0.0058400387214047342 0.0026895669894040561 -0.0012946507481021417 0.023593734903261068 0.0037760845714644013 2.8636016275349119e-05 0.0046979283892654511 0.0020194367373120585 0.0077676037306865994 -0.0088142657553107132 0.00043998400422748829 -0.015351263474931938 -0.006791200144081723 -0.011928504543414596 0.00036619314950870236 -0.0054101220485480396 0.010930986745009101 -0.0026394881637399766 -0.0022654866702073524 0.0081866939734186583 0.0033782255568389052 -0.0072938551583355826 0.0023652926753275098 0.01654226589101282 0.0039863734179767822 -0.0010864247869560382 -0.015071381429161611 -0.001577940162788829 0.011078663053628764 -0.0055805670053121594 0.0026490950565241774 0.00039584969964018984 0.0020106502582234692 0.010435100658917063 0.0076869346467473209 0.01235489042262946 -0.013168617801345357 -0.0017530999888314205 0.0015324110149484461 -0.0052791004951760305 -0.00062191144088344862 0.00063988095756841226 0.0018258954270279116 0.0032781815524743521 -0.0034507933591064383 -0.0075871768159617619 0.0064995556462671706 0.0054578775485534517 -0.00031868433925739015 -0.022102395552084656 0.012529013586724747 -0.0013676623438785588 -0.011307189200919741 -0.018590025335012389 0.0018165986118446375 -0.0014735252710145921 0.012095562043540784 0.00023181558768308201 -0.0042377252683982172 0.0079041034540397372 0.00096646965174346049 -0.0058316936803817967 0.021007087855663117 0.0099406194669625341 -0.0029674516556857499 -0.0057953089003568688 0.0018048662747882256 -0.015935789806960476 8.4074098044505859e-05 0.0017161692505323794 0.011973824528982187 0.0035645634564612887 0.0035017915387220849 -0.0016277895320303219 -0.0030186898797812268 -0.0045800048347764766 0.00070104486438741804 -0.016310607075181782 -0.0016717523063317953 -0.0072546116126646579 0.0033879235542633316 -0.019165774417692277 -0.0022778389432663235 -0.0044456206177445976 -0.016422754086885757 -0.006610694057964577 -0.010098691527247754 -0.018211898249724218 0.0054773862648727304 -0.012672598930408381 -0.0072490006745061343 0.0073012358531220779 0.0031025519406806001 -0.0018730179958287995 0.0043830344639164175 0.0074095713833651879 -0.0030212284410046234 -0.0027956645162161031 -0.00095292125921448735
leaf_weight=825 2124 291 206 203 1197 229 3877 225 2619 356 217 292 7595 1926 863 205 200 332 239 1622 232 1009 225 475 221 303 3184 353 601 369 411 200 407 1637 416 239 936 253 203 499 232 307 949 340 423 5951 496 548 1041 229 300 220 401 816 306 9145 446 452 607 3651 3952 614 643 340 222 3267 559 803 2265 761 2246 306 409 278 683 761 2980 222 578 1312 417 222 618 377 357 323 748 229 767 421 206 441 906 2104 432 305 227 1246 237 557 987 17516 623 654 767 234 4768 869 275 283 690 418 365 681 458 248 399 280 401 252 834 483 336 439 247 2794 2820
leaf_count=825 2124 291 206 203 1197 229 3877 225 2619 356 217 292 7595 1926 863 205 200 332 239 1622 232 1009 225 475 221 303 3184 353 601 369 411 200 407 1637 416 239 936 253 203 499 232 307 949 340 423 5951 496 548 1041 229 300 220 401 816 306 9145 446 452 607 3651 3952 614 643 340 222 3267 559 803 2265 761 2246 306 409 278 683 761 2980 222 578 1312 417 222 618 377 357 323 748 229 767 421 206 441 906 2104 432 305 227 1246 237 557 987 17516 623 654 767 234 4768 869 275 283 690 418 365 681 458 248 399 280 401 252 834 483 336 439 247 2794 2820
internal_value=3.65914e-05 -0.00112479 -0.000887866 -0.000171568 -0.000710749 -0.0101988 0.0085738 -0.00557075 -0.00153289 -0.00753253 0.0012439 0.00102648 0.00917318 0.0105094 0.00932238 0.0104618 -0.00565738 -0.00876463 0.00840031 -0.00146856 -0.00158608 -0.00462167 -0.0136553 0.00435707 -0.00144048 0.00037287 -0.00132397 -0.00161292 -0.00246106 -0.00290506 0.00350414 0.00556762 0.0103058 -0.000261726 -0.00113792 -0.00206452 -0.000372992 0.000638482 -0.00769121 -0.0109973 -0.00167512 -0.00584873 0.00392838 0.00182937 0.00362341 -0.00215685 0.00498125 0.00322091 -0.000376745 0.00114228 0.00203791 0.00836324 -7.88641e-06 -0.00116265 -0.00492121 -0.000784573 0.00309736 -0.00106288 0.00629009 -0.000471396 -0.000781651 0.00117975 0.000851122 0.0023777 -0.00122145 0.0003077 0.0062945 -0.000625867 0.00101275 0.00437562 0.00311958 0.00120046 0.000482562 -0.00741943 0.00267917 0.00854531 0.000966873 -0.0137568 0.00119754 0.00232486 -0.00135713 0.00125119 -0.00308996 -0.00815215 0.00245942 0.00409444 0.000824401 0.00726589 0.00461745 0.000477669 0.0141092 0.00576058 -0.00490866 -0.00362156 0.00671017 -0.0102035 -0.00669663 0.00188413 0.00335546 -0.000477291 -0.000120418 -0.00182334 -0.00587686 -0.00347961 -0.00365261 -0.00767118 -0.00336647 -0.00546726 -0.00736858 -0.00874227 -0.00720908 -0.00261758 -0.00996642 -0.00157334 -0.00485886 -0.0095718 -0.00347795 -0.00180726 -0.00385992 -0.00168778 -0.000960976 0.00134629 0.00926929 -0.000620224 0.00371785 -0.00107105 0.000201475
internal_weight=138138 121604 115463 54715 39623 964 16534 6141 60748 647 15092 14647 14466 6871 4945 4082 761 561 445 60101 57482 2631 450 2068 54851 4763 3487 50088 17954 16715 1239 1018 607 2987 32134 14538 17596 11229 941 702 13597 1472 2648 1712 1372 6367 1276 1044 8581 2386 2157 520 633 12125 1111 11014 1869 805 1053 38659 31316 5736 7343 4539 25580 7219 1173 4454 3366 1101 2889 14430 9714 806 4716 1053 3663 500 8908 6178 2730 5600 1217 599 4383 3071 1512 1559 1124 2313 435 764 5691 3567 1243 839 534 1892 1483 1463 8328 18361 845 13728 13359 888 12471 3249 2482 2207 1924 9222 1234 6283 2939 666 2273 1815 1416 1136 5602 735 811 7287 686 6601 3807
internal_count=138138 121604 115463 54715 39623 964 16534 6141 60748 647 15092 14647 14466 6871 4945 4082 761 561 445 60101 57482 2631 450 2068 54851 4763 3487 50088 17954 16715 1239 1018 607 2987 32134 14538 17596 11229 941 702 13597 1472 2648 1712 1372 6367 1276 1044 8581 2386 2157 520 633 12125 1111 11014 1869 805 1053 38659 31316 5736 7343 4539 25580 7219 1173 4454 3366 1101 2889 14430 9714 806 4716 1053 3663 500 8908 6178 2730 5600 1217 599 4383 3071 1512 1559 1124 2313 435 764 5691 3567 1243 839 534 1892 1483 1463 8328 18361 845 13728 13359 888 12471 3249 2482 2207 1924 9222 1234 6283 2939 666 2273 1815 1416 1136 5602 735 811 7287 686 6601 3807
cat_boundaries=0 3 6 9 11 12 15 17 18 20 21 22 23 24 27 28 31 32 33 34 37 38 39 40 41 42 43 44 45 46 47 48 49 50 51 52 55 58 59 60 61 62 63 64 65 66 67 68 69 70 71
cat_threshold=2415978500 3776 11 52559872 33628160 16384 134217728 71565312 9996944 262657 16 1 2415937540 0 1 33685504 33619968 3760 1281 2147483648 26 14 1140 26 0 4194304 8390784 2194 0 0 8915072 16 1 3 134217728 67108864 9437200 20 2149613696 776 768 6 24 16 26 3237 2836 1033 3 1792 4 704 12584448 8 4456448 262403 671105024 1024 6 269 7 2642 20 13 10 2 68 128 8 22 25
is_linear=0
shrinkage=0.05


Tree=40
num_leaves=128
num_cat=33
split_feature=0 1 6 1 8 4 0 10 8 10 8 8 6 3 7 9 10 9 6 4 3 4 1 7 4 4 7 4 7 3 9 7 6 9 7 7 4 8 6 7 7 3 8 4 1 10 8 7 7 7 9 9 3 8 7 7 10 7 10 7 6 10 9 7 9 4 8 3 3 1 8 9 9 8 7 8 6 8 10 7 10 4 10 10 8 7 4 9 8 3 7 1 3 8 7 7 9 7 8 7 9 3 8 8 7 8 7 4 7 9 7 8 7 8 3 8 8 6 10 1 4 8 7 6 8 6 8
split_gain=142.26 64.8839 41.6833 38.3783 34.7886 29.6153 27.4933 26.0324 22.6948 15.5456 15.2617 29.3714 25.4425 20.9029 13.8355 12.9826 12.5489 17.2028 12.2985 36.4631 13.278 15.405 12.1229 15.2376 22.5014 16.4424 14.2945 11.8966 13.3771 17.1141 11.6866 11.2782 10.8271 10.3927 13.0779 12.3346 9.98968 9.77212 10.5546 9.62104 9.54659 12.0937 9.15925 9.11544 16.6856 13.6978 9.03762 10.0948 8.84334 8.82904 17.6734 13.4445 11.3224 24.2291 15.9315 15.4385 9.82506 14.6693 14.2581 21.4095 14.5634 8.74417 8.46861 8.42336 9.12462 9.95297 8.3415 8.33858 8.24528 8.14126 7.95843 8.86161 12.7299 7.85755 7.84243 7.73407 7.61413 9.30443 7.5687 8.19883 7.4688 7.22833 7.14272 13.19 8.5134 7.09812 12.0983 9.36362 13.1593 12.5997 6.93873 6.87888 10.8066 6.87245 6.81953 12.4226 11.2981 6.81237 9.84598 11.1505 10.8937 7.15984 6.79566 10.2297 8.01926 6.77909 6.74494 6.66126 6.46385 14.1128 14.3892 12.1762 8.85321 7.01081 6.22788 13.1434 6.1598 6.38787 6.13338 15.2428 16.1176 10.8824 21.3276 8.73068 8.16268 6.59629 6.11131
threshold=0 1 2017.5000000000002 2 14.500000000000002 3 4 307.00000000000006 93.500000000000014 1808.5000000000002 172.50000000000003 183.50000000000003 2020.5000000000002 5 20.500000000000004 2048.5000000000005 1431.0000000000002 2003.0000000000002 2018.5000000000002 6 7 8 9 11.500000000000002 10 11 16.500000000000004 12 4.5000000000000009 13 2027.5000000000002 7.5000000000000009 2017.5000000000002 2060.5000000000005 13.500000000000002 15.500000000000002 14 322.50000000000006 2018.5000000000002 12.500000000000002 25.500000000000004 15 134.50000000000003 16 17 1047.0000000000002 188.50000000000003 3.5000000000000004 1.5000000000000002 7.5000000000000009 2048.5000000000005 2074.5000000000005 18 145.50000000000003 17.500000000000004 11.500000000000002 1602.0000000000002 14.500000000000002 1447.0000000000002 16.500000000000004 2020.5000000000002 105.00000000000001 1669.5000000000002 3.5000000000000004 2206.5000000000005 19 211.50000000000003 20 21 22 260.50000000000006 1864.0000000000002 1988.5000000000002 218.50000000000003 20.500000000000004 164.50000000000003 2020.5000000000002 307.50000000000006 1553.5000000000002 16.500000000000004 17.500000000000004 23 189.00000000000003 169.50000000000003 286.50000000000006 6.5000000000000009 24 1896.5000000000002 124.50000000000001 25 18.500000000000004 26 27 300.50000000000006 23.500000000000004 26.500000000000004 2010.0000000000002 2.5000000000000004 87.500000000000014 18.500000000000004 2119.5000000000005 28 128.50000000000003 252.50000000000003 18.500000000000004 349.50000000000006 16.500000000000004 29 17.500000000000004 2515.5000000000005 11.500000000000002 192.50000000000003 13.500000000000002 202.50000000000003 30 253.50000000000003 208.50000000000003 2016.5000000000002 280.50000000000006 31 32 27.500000000000004 13.500000000000002 2019.5000000000002 351.50000000000006 2018.5000000000002 49.500000000000007
decision_type=9 9 2 9 2 1 9 2 2 2 2 2 2 9 2 2 2 2 2 1 9 1 9 2 1 1 2 1 2 9 2 2 2 2 2 2 1 2 2 2 2 9 2 1 9 2 2 2 2 2 2 2 9 2 2 2 2 2 2 2 2 2 2 2 2 1 2 9 9 9 2 2 2 2 2 2 2 2 2 2 2 1 2 2 2 2 1 2 2 9 2 9 9 2 2 2 2 2 2 2 2 9 2 2 2 2 2 1 2 2 2 2 2 2 9 2 2 2 2 9 1 2 2 2 2 2 2
left_child=4 27 6 18 -1 8 9 22 -6 43 48 12 15 33 39 -12 -15 68 19 -4 21 -21 -8 24 -24 40 -27 28 -2 30 -30 -26 91 94 76 -36 -22 -37 -39 -9 41 -25 -23 45 -45 93 -19 -48 -5 85 52 -52 53 55 -55 -51 58 -58 75 60 -60 -28 -29 64 65 -64 78 108 -18 106 71 -20 -73 -68 -59 -54 77 -35 79 -49 -34 -63 83 -72 -84 87 -87 -50 89 -89 -57 92 -7 -3 96 -96 -13 -74 101 -100 -101 -99 -47 104 -104 -69 -31 -94 109 110 -11 -111 -113 -110 -82 -116 -115 -118 121 -120 -121 122 125 -122 -123 -65 -61
right_child=1 2 3 10 5 32 7 14 -10 67 11 13 -14 16 -16 -17 17 46 70 20 36 42 23 25 31 26 61 62 29 69 -32 -33 80 34 35 37 -38 38 -40 -41 -42 -43 -44 44 -46 102 47 66 49 50 51 -53 56 54 -56 90 57 74 59 126 -62 81 63 118 -66 -67 73 105 -70 -71 82 72 97 -75 -76 -77 -78 -79 -80 -81 114 -83 84 -85 -86 86 -88 88 -90 -91 -92 -93 107 -95 95 -97 -98 98 99 100 -102 -103 103 -105 -106 -107 -108 -109 113 111 -112 112 -114 116 115 -117 117 -119 119 120 123 124 -124 -125 -126 -127 -128
leaf_value=0.027064837405786798 -0.01451622458499343 -0.0011586068037632254 -0.017685468402764887 -0.0070464685071783611 -0.0090078778595299187 -0.0023580754227457835 -0.011542816923446015 -0.0080894380833276304 0.0045818453176413049 0.016880353036319871 0.0064712915052492007 0.0015530286089890379 0.014028027213613601 0.00073405043147645329 -0.0011184649566059997 -0.0027414380980189893 -0.0089077282087287723 -0.0096548506835327924 0.0076296815092916949 -0.0117660013189302 0.0012533287240547083 0.011380448890906461 0.0083259954564455421 0.019910388952387739 -0.0040790211668283475 0.0099966190318809822 0.00071192804948276242 -0.0092025180323260652 -0.0048915301377089075 0.0012355460356698539 -0.018383292223931837 -0.016824306590185561 0.0043502028620275631 -0.0015337989729091773 0.011366272926045005 -0.0015968082322732784 0.015709415231563158 0.01323342951271227 0.0018103615829620765 -0.022084084266408101 -0.00023869231154429748 0.0044018623374145601 -0.0020958882489940153 0.012965923980610573 0.0017489334187830907 0.0079385286627380366 0.0031440416743029505 -0.010065978647570216 -0.0055618479485037555 -0.015404161780191831 -0.01021069130989255 -0.0028116373683706127 -0.00024112861479413133 -0.0030249427625440002 0.014969809072345828 0.00013317167166581004 -0.013628096466988869 0.0071059041998713561 0.0142685802092765 0.0038681499460651867 0.0027342430656022531 -0.0019931056770608833 0.00742057652922605 0.0058752903965547405 0.011598713841325277 -0.0062134579634930184 -0.0093527683249567655 0.0026935538357915102 -0.0036245043436006147 -0.0091234936420006192 0.0069629994211679209 -0.0061161764387655613 0.010952660641211471 -0.0019690795386423242 -0.0039160865770873242 -0.0079005385797850727 0.0033778843988522462 -0.0078776415298652553 0.003796303378667282 0.0017287339453300661 0.0092153097306121069 -0.015247481523796784 0.019056908840845738 -0.0063775045583800722 0.0066973219197477554 0.0082416222655096096 -0.0017829855292653424 0.0022539368059519929 0.0067611203238719638 -0.0033882974852415364 -0.0072235558733201675 0.011112386492875824 0.0023065182600045318 -0.011876885860007914 -0.0059247531670150065 0.0027080626120603874 0.0066783974181574132 0.00093713852706863452 -0.0029735524495380309 0.0098105157572907688 -0.0010829928605593578 0.010611533389842918 -0.0040116913182863109 0.0013374431028656513 0.0013184026573577888 -0.0043018288512707411 -0.0044672495903477867 0.013185487828697218 0.01306601319889251 -0.0081813909284466392 0.0011426185217870812 0.0053334262478981738 -0.0034801673542727315 -0.00025995210651993099 0.013478369514385764 0.027849719789579952 0.0057335717856719795 0.014840464475786403 0.0084033543045152707 0.0040670692696991419 -0.011131895050190851 -0.0023443798536238367 -0.015145391919267878 -0.0020985387953093449 -0.010752556671937592 -0.0064681074103323105 -0.0020126792527639858
leaf_weight=221 419 267 268 776 368 391 228 220 1860 334 777 3178 608 4442 232 753 1140 328 721 249 242 206 233 252 410 236 498 485 289 984 361 301 246 1383 287 2076 245 245 1158 278 217 280 325 329 16444 303 1188 248 863 387 639 15660 4967 246 246 566 302 230 609 727 497 213 214 219 207 323 374 2201 2228 453 890 470 232 9846 541 353 387 993 1181 363 613 214 210 234 414 620 575 1734 641 2280 739 570 273 340 639 1198 1625 334 1179 460 458 472 1959 7507 1103 411 1096 320 407 294 257 1065 389 340 749 202 1157 231 384 592 490 5716 536 589 304 214 1126
leaf_count=221 419 267 268 776 368 391 228 220 1860 334 777 3178 608 4442 232 753 1140 328 721 249 242 206 233 252 410 236 498 485 289 984 361 301 246 1383 287 2076 245 245 1158 278 217 280 325 329 16444 303 1188 248 863 387 639 15660 4967 246 246 566 302 230 609 727 497 213 214 219 207 323 374 2201 2228 453 890 470 232 9846 541 353 387 993 1181 363 613 214 210 234 414 620 575 1734 641 2280 739 570 273 340 639 1198 1625 334 1179 460 458 472 1959 7507 1103 411 1096 320 407 294 257 1065 389 340 749 202 1157 231 384 592 490 5716 536 589 304 214 1126
internal_value=-5.42593e-05 -0.000390119 -1.18982e-05 -0.000669018 0.00759479 0.0068389 0.00132379 -0.00270641 0.00232678 0.00175881 -0.00102606 -0.000311339 0.00537555 -0.00066369 -0.0112035 0.00193718 -0.00163001 -0.00225249 0.00270586 -0.00128925 0.00230036 -0.00175213 -0.000702589 0.000203146 -0.0049929 0.00277231 -0.000978784 -0.0036242 -0.006101 -0.00501242 -0.012197 -0.00934329 0.00979128 0.00090261 -0.000513213 0.00140354 0.00869565 0.000581666 0.00380512 -0.0159017 0.00848652 0.012205 0.00307432 0.0012341 0.00197655 0.00014739 -0.00145643 -0.00125271 -0.00176781 -0.00164924 -0.00204178 -0.00310172 -0.000544206 -0.00377658 0.00597243 -0.00663371 0.000214468 -0.00428698 0.000798137 0.00358038 0.00908543 -0.00378958 -0.00275068 -0.00243379 0.00268019 -0.000757677 -0.00168755 0.0038533 -0.00544998 -0.00310834 0.00371994 0.00256948 0.00155744 -0.00223928 -0.000628074 -0.000749356 -0.00312577 -0.00418508 0.00145904 -0.00305865 0.0124487 -0.00903957 0.00656715 0.00418571 0.0108568 -2.16232e-05 0.00347211 -0.000778241 0.000108602 -0.000953746 -0.00403282 0.00675904 0.00408286 -0.00716226 0.00229612 -0.00029486 0.0032871 0.00270787 0.00204896 0.000243685 0.00437563 0.00674582 0.000555634 0.000343976 -0.00209167 0.00158675 -0.00176092 0.00829843 0.00516147 0.00335728 0.0100367 0.00109896 0.00297546 0.00716224 0.0137226 0.0163589 0.0057717 0.0072492 -0.00285449 -0.000453222 -0.00252367 -0.00356055 -0.00847824 -0.00614386 -0.00276898 -0.000225142 0.000294586
internal_weight=138416 132603 118728 79578 5813 5592 39150 3812 2228 35338 71969 36645 2138 34507 730 1530 21338 16896 7609 1535 1267 780 3082 2854 944 1910 1161 13875 3602 3183 650 711 3364 13169 6529 3766 487 3479 1403 498 749 532 531 28252 16773 11479 13528 13200 35324 34548 27835 16299 11536 2184 492 1692 9352 1073 8279 2959 1106 925 10273 9788 744 537 12012 7086 3368 2533 6074 4326 3605 10220 771 5320 2763 2376 1792 611 1810 427 1748 1124 624 6713 1195 5518 4655 4014 1305 1554 984 607 6640 1837 4803 3135 2903 2097 918 806 10872 10569 3062 2612 2080 593 4474 2339 591 1748 1454 2135 1564 951 1728 1388 9044 2055 1671 6989 969 1079 6020 433 1853
internal_count=138416 132603 118728 79578 5813 5592 39150 3812 2228 35338 71969 36645 2138 34507 730 1530 21338 16896 7609 1535 1267 780 3082 2854 944 1910 1161 13875 3602 3183 650 711 3364 13169 6529 3766 487 3479 1403 498 749 532 531 28252 16773 11479 13528 13200 35324 34548 27835 16299 11536 2184 492 1692 9352 1073 8279 2959 1106 925 10273 9788 744 537 12012 7086 3368 2533 6074 4326 3605 10220 771 5320 2763 2376 1792 611 1810 427 1748 1124 624 6713 1195 5518 4655 4014 1305 1554 984 607 6640 1837 4803 3135 2903 2097 918 806 10872 10569 3062 2612 2080 593 4474 2339 591 1748 1454 2135 1564 951 1728 1388 9044 2055 1671 6989 969 1079 6020 433 1853
cat_boundaries=0 1 2 4 5 6 7 8 9 10 12 13 14 15 16 17 18 19 20 21 22 23 24 25 26 27 28 29 30 31 32 33 34 35
cat_threshold=100 2421194880 243531777 4 841 136 17 768 22 2082 1082130432 4 1601 2341 3076 1 151 10 2190 8388608 1 210 22 8 272629888 66 81 20 262656 18 6 162 18 1081344 73
is_linear=0
shrinkage=0.05


Tree=41
num_leaves=128
num_cat=49
split_feature=2 2 2 2 6 1 2 10 3 10 8 4 1 2 3 10 8 10 8 10 8 10 8 7 10 6 0 4 1 4 4 8 4 7 4 8 3 7 10 10 3 7 8 8 7 10 8 6 8 8 6 7 7 7 3 6 4 10 3 10 6 4 7 10 10 4 10 2 10 7 8 7 2 7 4 3 10 8 8 10 8 8 2 8 10 8 2 8 3 4 3 7 6 8 4 3 7 7 2 8 7 2 2 4 7 8 8 7 3 2 4 8 6 7 2 3 4 6 8 10 4 7 3 8 8 8 3
split_gain=471.55 47.2499 29.5648 17.1269 15.2466 21.5795 18.4125 12.3923 12.7447 12.239 13.3981 12.0157 11.6053 11.0103 11.1973 10.9819 10.2554 8.7774 9.2074 8.62418 11.8886 8.57085 8.3395 8.55133 11.8794 20.6707 15.824 12.9742 11.3647 9.34439 8.19909 7.98014 7.22669 7.27688 9.92294 7.18845 13.9889 13.5077 14.4067 19.9587 11.0337 10.7811 11.7987 16.8314 17.9735 14.8193 10.2351 10.166 10.1196 15.6008 9.73864 9.7691 9.18505 22.7453 12.5357 18.2949 14.8101 20.3003 10.9085 14.7518 8.5257 9.89236 8.33006 13.6393 12.6606 11.4999 8.32598 18.8916 9.02072 11.9921 17.2825 14.1377 22.4619 15.4354 9.6562 8.24914 8.23155 8.02425 15.122 11.0674 8.95592 13.9259 7.92654 13.1342 17.2807 9.25041 7.70645 7.90175 7.30492 7.36813 7.06925 15.1292 7.00427 6.84911 6.55288 9.61221 13.0646 8.1782 11.2443 6.46685 6.39243 15.7407 9.17504 7.37966 6.49793 6.59219 6.38751 6.38268 6.31888 6.03018 6.02322 5.94328 5.93938 8.75537 5.93352 5.86066 12.0551 11.1448 8.41338 7.55665 7.39388 7.00406 5.83734 5.82584 13.3236 5.80226 5.78016
threshold=0 1 2 3 2017.5000000000002 4 5 307.00000000000006 6 1703.0000000000002 356.50000000000006 7 8 9 10 203.50000000000003 295.50000000000006 29.500000000000004 128.50000000000003 59.500000000000007 202.50000000000003 1859.0000000000002 8.5000000000000018 10.500000000000002 91.500000000000014 2016.5000000000002 11 12 13 14 15 99.500000000000014 16 25.500000000000004 17 145.50000000000003 18 18.500000000000004 1250.5000000000002 277.00000000000006 19 3.5000000000000004 199.50000000000003 172.50000000000003 16.500000000000004 1360.0000000000002 151.50000000000003 2021.5000000000002 214.50000000000003 183.50000000000003 2020.5000000000002 2.5000000000000004 12.500000000000002 11.500000000000002 20 2020.5000000000002 21 1620.5000000000002 22 1696.5000000000002 2018.5000000000002 23 4.5000000000000009 1859.0000000000002 1630.0000000000002 24 1431.0000000000002 25 1611.0000000000002 20.500000000000004 300.50000000000006 15.500000000000002 26 11.500000000000002 27 28 1553.5000000000002 225.50000000000003 238.50000000000003 1503.5000000000002 258.50000000000006 253.50000000000003 29 132.50000000000003 1207.0000000000002 47.500000000000007 30 20.500000000000004 31 32 33 13.500000000000002 2019.5000000000002 95.500000000000014 34 35 5.5000000000000009 5.5000000000000009 36 128.50000000000003 23.500000000000004 37 38 39 18.500000000000004 280.50000000000006 350.50000000000006 3.5000000000000004 40 41 42 267.50000000000006 2019.5000000000002 15.500000000000002 43 44 45 2019.5000000000002 246.50000000000003 141.50000000000003 46 16.500000000000004 47 347.50000000000006 355.50000000000006 342.50000000000006 48
decision_type=9 9 9 9 2 9 9 2 9 2 2 1 9 9 9 2 2 2 2 2 2 2 2 2 2 2 9 1 9 1 1 2 1 2 1 2 9 2 2 2 9 2 2 2 2 2 2 2 2 2 2 2 2 2 9 2 1 2 9 2 2 1 2 2 2 1 2 9 2 2 2 2 9 2 1 9 2 2 2 2 2 2 9 2 2 2 9 2 9 1 9 2 2 2 1 9 2 2 9 2 2 9 9 1 2 2 2 2 9 9 1 2 2 2 9 9 1 2 2 2 1 2 9 2 2 2 9
left_child=9 3 4 -2 6 -6 7 30 -9 10 17 13 16 115 -15 -8 108 18 -1 20 -19 -11 -21 94 29 28 27 -27 -26 -25 31 -3 99 -34 -35 37 46 52 39 40 -39 48 43 45 76 -43 -37 86 49 -38 60 -52 53 54 55 56 57 -7 59 -54 61 -48 88 64 65 109 67 -44 77 71 111 73 -73 74 125 -55 -45 79 -79 -68 81 -80 85 84 -84 -60 -40 -88 -56 -90 91 -23 -47 -58 122 96 -96 98 -97 -17 101 103 -102 -63 105 -105 -74 -91 110 -64 -13 -71 113 -86 -42 116 121 119 -119 -117 -121 -4 -24 -14 -125 -70 -66
right_child=1 2 11 -5 5 35 15 8 -10 21 -12 12 123 14 -16 32 -18 19 -20 22 -22 90 23 24 25 26 -28 -29 -30 -31 -32 -33 33 34 -36 36 41 38 47 -41 114 42 66 44 -46 92 50 -49 -50 -51 51 -53 58 75 62 -57 93 -59 82 -61 -62 100 63 -65 126 -67 68 -69 69 70 -72 72 106 -75 -76 -77 -78 78 80 -81 -82 -83 83 -85 112 -87 87 -89 89 107 -92 -93 -94 -95 95 97 -98 -99 -100 -101 102 -103 -104 104 -106 -107 -108 -109 -110 -111 -112 -113 -114 -115 -116 117 -118 118 -120 120 -122 -123 -124 124 -126 -127 -128
leaf_value=-0.0045083644521147223 -0.017657851298905111 0.010872559534476661 -0.0016666789810251368 -0.0043466209246866326 0.0025156127984723642 0.010912412559829041 -0.0091101545783079472 -0.0035953084420214387 -0.016304015428093926 0.014470129126565699 -0.0017926343010074332 0.013732498090428945 0.0026846749888781735 -0.013290829651468689 -0.00088100984300437722 0.0064302045861353175 0.01785425017008576 0.0083173751406025904 0.0069129719015194879 0.01741817558007816 0.022748937073629349 0.0042519338017712556 0.013686791024373075 0.0096317827161225798 0.0056418922138126463 0.021379335524951412 0.0063129106998067218 0.0098439232501109867 0.0188792990198898 -0.0037025790055676953 -0.0037862011139618529 -0.00074777319154621582 0.0012440014168227725 0.0041805062479833063 -0.0024139264883460253 0.0072840364287097559 0.003098235893190515 -0.015337159970335457 0.0025895384077106571 0.0052578521236639943 0.0045083864734242604 0.0065520449286850637 0.00090504331220041712 -0.0050634601116930217 0.0069739912622294791 -0.0019942456035299556 -0.0048863205921445396 0.0027556862494399407 0.004003085769718708 -0.010563265024373929 0.011969211845620747 0.0013568830151633828 -0.00073593374046461435 -0.01213489033256461 -0.0071679558505352379 -0.011214529849416037 -0.011065573730892479 -0.0063924123596641597 -0.00040725531256560922 -0.011619318230557528 -0.0019496157795408078 0.00075893049552551895 0.014243644749670215 0.008249528558902007 -0.008431251211903799 -7.2428798716410724e-05 -0.017781977440145882 -0.0066769608165013483 0.0028389212332917534 0.0033974752735966025 -0.0040488641279305586 0.0046700307814266191 -0.017652334430941233 0.0081296888182600998 -0.0092632618623421249 -0.0025266755590199761 0.0030818920122354927 0.0019499558292461556 -0.0052642485251903973 -0.0059913620766108506 -0.003849987875070958 -0.01833978547270082 -0.011373840247231405 -0.0072227034650231697 0.0058136404265423085 0.0071863981819268027 -0.013900086676391463 -0.0047060404407582995 0.0063955543156390213 -0.00050356989206616274 0.0055967788917663294 0.018453797028542492 -0.0075516181112924756 0.00011457767825396289 0.0066138655673249726 0.0078183650826598606 -0.006902082515588704 0.0099718031835292504 -0.0051830407595547037 -0.0010607218287411958 -0.0067929863578815395 -0.0091925417122888375 0.0044097112230588554 0.0102596433787648 0.013263280973100425 0.0018715098854710363 -0.007846495626904702 -0.0076641721821062644 0.00060227690122289287 0.0032712669950653462 0.0030702318047935314 0.012341132892804765 0.0072205552025439426 -0.0064570504347180096 -0.0071988567933735344 -0.004536846811256468 -0.0057929880025999704 0.012569946230814139 0.00097004808050649171 0.0072228047858438659 -0.002264427739666194 0.0093989675218187334 0.0054562056363476304 -0.012702683774465373 0.0050983426800793909 -0.0063685339997478193 -0.001091807361036913
leaf_weight=284 242 205 286 7889 3206 402 315 497 340 1166 373 303 4197 288 484 297 207 361 466 223 236 321 386 202 245 316 4258 1423 738 337 1793 529 17002 692 3053 464 472 206 351 978 211 352 3182 708 1246 1275 581 485 1369 375 233 3130 1811 725 724 749 394 293 639 376 7405 720 212 516 575 3258 231 1097 533 439 623 236 380 369 450 349 552 993 701 1438 4966 287 207 510 333 1077 240 8896 261 1075 883 451 1021 210 322 376 402 719 284 9628 404 212 319 383 327 603 295 438 396 335 265 322 720 258 203 535 742 399 257 459 362 286 589 203 218 252 518
leaf_count=284 242 205 286 7889 3206 402 315 497 340 1166 373 303 4197 288 484 297 207 361 466 223 236 321 386 202 245 316 4258 1423 738 337 1793 529 17002 692 3053 464 472 206 351 978 211 352 3182 708 1246 1275 581 485 1369 375 233 3130 1811 725 724 749 394 293 639 376 7405 720 212 516 575 3258 231 1097 533 439 623 236 380 369 450 349 552 993 701 1438 4966 287 207 510 333 1077 240 8896 261 1075 883 451 1021 210 322 376 402 719 284 9628 404 212 319 383 327 603 295 438 396 335 265 322 720 258 203 535 742 399 257 459 362 286 589 203 218 252 518
internal_value=-5.13713e-05 -0.00108268 -0.000821833 -0.004764 -0.00106792 -0.00148796 -0.000203884 -0.00371145 -0.00899549 0.00820569 0.00754164 0.00179096 0.00325631 -0.000281926 -0.00562134 0.000178043 0.00769089 0.00782779 0.00258809 0.008172 0.0140223 0.0111867 0.0078492 0.00764784 0.0085566 0.00910887 0.00800726 0.0120503 0.0158295 0.00140472 -0.00197595 0.00246412 0.000273491 0.000804132 -0.00119069 -0.0016783 -0.00123681 -0.00228144 -0.00359873 0.000808729 -0.0062094 -0.00197755 -0.00231396 -0.000221319 0.00271583 -0.00300096 -2.44897e-05 -0.00430502 0.00134538 -0.00295024 -0.000261369 0.00209214 -0.00138305 -0.00223602 -0.00149056 -0.00496679 -0.00140259 0.00356569 0.000203799 -0.00259519 -0.000983923 0.001031 -0.000583735 0.000517543 -0.000297015 0.00106543 -0.00295618 -0.00105223 -0.00360716 -0.00161166 0.00212637 -0.00366869 -0.008643 -0.000843498 -0.00352456 -0.00914918 -0.00149502 -0.00451018 -0.00376227 -0.00762326 -0.00471495 -0.00906251 0.0018408 -0.000279264 0.00205167 0.00433344 -0.00466598 -0.00494216 -0.00297291 -0.00121359 0.00887339 0.0123881 -0.00446553 -0.00706152 0.0054279 0.003795 -0.000878709 0.00623744 0.00226375 -0.000835718 0.0021984 0.00352264 -0.00188313 0.00486984 0.00710133 0.00512978 -0.0131717 -0.00255958 0.00558829 0.00770319 0.00889721 0.00718178 0.00417149 0.000456892 -0.00126652 0.000970544 -0.00162001 0.00266203 0.00802547 8.69582e-05 0.00310003 0.00379972 0.00882054 0.00211763 -0.00348505 -0.000115378 -0.00504003
internal_weight=138416 123055 114924 8131 105037 70686 34351 3364 837 15361 12540 9887 5789 4098 772 30987 1171 12167 750 11417 597 2821 10820 10597 7519 6980 5997 1739 983 539 2527 734 30672 20747 3745 67480 38945 28535 11570 1598 620 24164 21948 5154 2506 2648 14781 9972 2216 847 14317 3363 16965 11034 9960 2048 1299 695 5931 2187 10954 3549 7912 5414 4898 3805 16794 4279 12515 3899 1384 2515 911 1604 1235 1074 1260 8616 6947 1669 5954 988 3744 2028 1518 1716 9487 9136 2498 1774 1655 772 2296 604 3078 2103 724 1379 660 9925 2968 2245 723 2033 1313 986 675 1513 964 547 568 761 1311 591 414 3326 1314 2012 656 1356 821 572 975 4618 421 785 1093
internal_count=138416 123055 114924 8131 105037 70686 34351 3364 837 15361 12540 9887 5789 4098 772 30987 1171 12167 750 11417 597 2821 10820 10597 7519 6980 5997 1739 983 539 2527 734 30672 20747 3745 67480 38945 28535 11570 1598 620 24164 21948 5154 2506 2648 14781 9972 2216 847 14317 3363 16965 11034 9960 2048 1299 695 5931 2187 10954 3549 7912 5414 4898 3805 16794 4279 12515 3899 1384 2515 911 1604 1235 1074 1260 8616 6947 1669 5954 988 3744 2028 1518 1716 9487 9136 2498 1774 1655 772 2296 604 3078 2103 724 1379 660 9925 2968 2245 723 2033 1313 986 675 1513 964 547 568 761 1311 591 414 3326 1314 2012 656 1356 821 572 975 4618 421 785 1093
cat_boundaries=0 3 6 9 11 12 15 16 17 18 21 22 23 24 25 26 27 28 29 30 31 32 33 34 35 36 39 42 43 44 47 50 51 52 53 54 55 58 61 64 65 66 69 70 73 74 75 76 77 78
cat_threshold=2416041988 3776 10 35782656 100737024 9977856 138412289 4456472 297648 2097152 33562624 2164260865 1 4456448 297472 26 2756 537133568 262146 536887296 4195329 6 64 1048 262144 2608 1217 2186 20 17 20 1 161 20 512 64 0 4456456 48 0 0 160 2056 26 256 0 160 0 0 128 8 32 18 208 6 0 2048 2 256 0 48 256 0 16 2304 13 0 0 32 1041 134217728 16 512 17 2112 196 10 18
is_linear=0
shrinkage=0.05


Tree=42
num_leaves=128
num_cat=37
split_feature=0 1 6 1 8 4 0 10 8 10 8 8 6 3 8 9 3 6 4 3 4 4 7 3 9 10 9 7 4 4 7 3 6 7 7 10 4 9 7 7 8 6 8 8 7 8 8 6 7 7 7 7 3 9 4 4 9 8 4 1 10 7 7 9 9 3 8 7 7 9 7 6 7 1 8 9 9 3 8 8 9 10 10 8 8 10 7 9 7 7 3 3 10 3 7 4 9 8 3 7 10 10 3 8 8 8 7 8 9 8 7 7 3 7 7 3 1 3 7 1 3 4 7 7 9 8 7
split_gain=116.108 52.7907 34.2528 31.8557 30.5492 25.8218 22.6761 21.8196 19.715 13.2847 12.9186 24.4018 22.3786 17.1514 12.4938 11.5311 10.954 10.8293 32.8192 11.9625 14.052 10.4449 12.1016 15.4122 10.4382 10.286 14.7146 9.69106 18.7144 17.3033 19.3873 12.1553 9.44114 9.31704 13.9307 12.2031 9.16397 8.80128 11.7947 11.1637 8.4754 9.22789 8.19142 7.81198 8.15569 7.67073 10.4214 9.36881 14.4478 12.7835 12.6344 7.65759 12.9233 10.482 14.0673 8.59251 9.61047 8.21623 7.64512 15.126 11.9669 7.5461 7.6973 14.7242 11.7964 9.94751 21.0522 13.9538 13.1467 8.43202 36.6447 13.4741 7.424 7.41441 7.37235 7.9823 11.4345 7.33981 6.9281 6.95355 6.72806 6.45379 11.9037 7.4949 6.40725 6.39666 7.12905 6.36714 7.30657 11.9645 12.514 9.6086 7.21357 9.63297 6.21912 10.6605 8.2092 11.5376 10.6336 8.12352 6.18787 6.16157 10.3794 8.03932 7.21672 9.43584 7.46243 6.12314 6.1108 12.3986 10.4746 10.7588 6.23079 6.08849 6.01313 5.9843 5.96286 7.26811 5.83701 5.83456 9.50176 5.92223 5.76965 11.0651 9.00924 5.78374 8.95075
threshold=0 1 2017.5000000000002 2 14.500000000000002 3 4 307.00000000000006 93.500000000000014 1808.5000000000002 172.50000000000003 183.50000000000003 2020.5000000000002 5 24.500000000000004 2048.5000000000005 6 2018.5000000000002 7 8 9 10 4.5000000000000009 11 2027.5000000000002 1431.0000000000002 2003.0000000000002 11.500000000000002 12 13 25.500000000000004 14 2017.5000000000002 16.500000000000004 24.500000000000004 102.50000000000001 15 2060.5000000000005 13.500000000000002 15.500000000000002 322.50000000000006 2018.5000000000002 134.50000000000003 188.50000000000003 3.5000000000000004 187.50000000000003 206.50000000000003 2016.5000000000002 13.500000000000002 11.500000000000002 18.500000000000004 6.5000000000000009 16 2206.5000000000005 17 18 2152.0000000000005 27.500000000000004 19 20 1047.0000000000002 1.5000000000000002 7.5000000000000009 2048.5000000000005 2074.5000000000005 21 145.50000000000003 17.500000000000004 11.500000000000002 2005.0000000000002 16.500000000000004 2020.5000000000002 7.5000000000000009 22 260.50000000000006 1864.0000000000002 1988.5000000000002 23 211.50000000000003 218.50000000000003 2545.0000000000005 189.00000000000003 169.50000000000003 286.50000000000006 319.50000000000006 1553.5000000000002 16.500000000000004 2515.5000000000005 26.500000000000004 13.500000000000002 24 25 1982.0000000000002 26 6.5000000000000009 27 1896.5000000000002 124.50000000000001 28 4.5000000000000009 17.500000000000004 280.50000000000006 29 87.500000000000014 351.50000000000006 166.50000000000003 13.500000000000002 300.50000000000006 2119.5000000000005 87.500000000000014 4.5000000000000009 16.500000000000004 30 26.500000000000004 18.500000000000004 31 32 33 26.500000000000004 34 35 36 23.500000000000004 26.500000000000004 2010.0000000000002 254.50000000000003 16.500000000000004
decision_type=9 9 2 9 2 1 9 2 2 2 2 2 2 9 2 2 9 2 1 9 1 1 2 9 2 2 2 2 1 1 2 9 2 2 2 2 1 2 2 2 2 2 2 2 2 2 2 2 2 2 2 2 9 2 1 1 2 2 1 9 2 2 2 2 2 9 2 2 2 2 2 2 2 9 2 2 2 9 2 2 2 2 2 2 2 2 2 2 2 2 9 9 2 9 2 1 2 2 9 2 2 2 9 2 2 2 2 2 2 2 2 2 9 2 2 9 9 9 2 9 9 1 2 2 2 2 2
left_child=4 21 6 17 -1 8 9 27 -6 58 61 12 15 37 -9 113 -16 18 -4 20 -20 22 -2 24 -24 -15 77 28 72 30 31 -29 119 -31 35 -35 -21 122 80 -40 118 -42 -22 -28 -45 -11 47 49 -49 -47 -51 52 -23 54 -54 101 57 -57 60 -60 107 -5 94 65 -65 66 68 -68 -64 71 -71 -67 -8 84 75 -19 -77 -27 85 -80 -39 82 -76 -83 -25 86 -46 -48 89 -89 -91 -90 93 -92 96 115 -63 98 99 -98 -34 104 -103 -104 105 116 -107 -3 110 112 -78 -112 -110 -12 -70 -96 -53 -118 -41 120 -7 -122 124 -124 125 126 -13
right_child=1 2 3 10 5 32 7 14 -10 45 11 13 -14 25 16 -17 -18 74 19 36 42 51 23 73 -26 26 43 29 -30 33 -32 -33 100 34 -36 -37 -38 38 39 40 41 -43 -44 44 78 46 87 48 -50 50 -52 55 53 -55 -56 56 -58 -59 59 -61 -62 62 63 64 -66 69 67 -69 114 70 -72 -73 -74 -75 81 76 108 -79 79 -81 -82 83 -84 -85 -86 -87 -88 88 91 90 92 -93 -94 -95 95 -97 97 -99 -100 -101 -102 102 103 -105 -106 106 -108 -109 109 -111 111 -113 -114 -115 -116 -117 117 -119 -120 -121 121 -123 123 -125 -126 -127 -128
leaf_value=0.025106296892703522 -0.013592849754220485 -0.001050741747823938 -0.016835879317313944 -0.0064905930208174287 -0.008623171638662273 -0.0024165908021238653 -0.0052573171310410826 -0.02036324758039311 0.0040430015305830767 -0.0029253237603202083 0.0016606153306784107 -0.0031235077378162996 0.01302384756104163 0.00066940771413313708 0.00062381513758252068 -0.0027249645307633979 -0.013974074251315697 0.0071148103338617187 -0.011284213653373672 0.014336362101191434 0.010744765560307713 0.0093012559455696534 -0.0044627966578392421 -5.0769948696151654e-05 -0.017213557749584194 -0.008252310407884501 -0.008920501744361856 0.01784057205304234 0.0038299659789935744 0.0058203771171376935 -0.0040995714861575194 0.004418768541153262 0.0040185755211481359 -0.0030970334798490328 0.0021313195575715046 -0.019112020369701534 0.00044355182665521686 -0.001862416842407955 0.010818619890144997 0.00021827112592172861 0.012376487162154245 0.0016954656711973362 -0.001999699527084326 0.0028431233192083775 -0.0093194390383301191 0.017051739805610849 -0.0032145521020354971 -0.0046776198835031509 0.0078138558371774573 6.7106451423186339e-05 0.013873181770326915 -0.005143653290240963 0.0018095971647257129 0.0057794220186256837 -0.0096991913554098554 -0.012457545912222505 -0.0014598037437438668 -0.0052539969600976528 0.012252002801623535 0.0015730647560872404 0.0004961533213676489 -0.0051724448671261218 -0.014290943362170141 -0.0094979266433667612 -0.0025671832641711123 -0.0020450833899205109 -0.0028673231566695846 0.013973496677883999 8.0698605050092621e-05 0.012739652580522939 -0.0031808328825419299 0.0022256699982887681 -0.016321382444989853 -0.0084860968875402551 0.0065345956922379283 -0.0059210190814895005 0.015446288216064467 -0.0032716141784232518 -0.0086942966814827737 -0.0017483259781029413 -0.0085031735818808657 0.017931391719640012 -0.0061387708884490756 0.0063346618591866273 -0.0068917287161942417 0.0035166434325422909 0.0016789045181643657 0.0051040279727051279 0.011061999824240196 0.0084490803243911453 0.0059045489797406002 0.0021083895465757218 -0.0072453086414590376 -0.0067409454175833402 0.011975501481017316 -0.0016486237256427777 -0.00019086216793304342 0.0063661057224523353 -0.0022806569760363722 0.0091998102888639129 0.012549459373356914 0.0069712353920928409 -0.0087432985881036214 0.0024077379276617582 -0.010024215377741617 -0.0056610951650819218 0.0052123841709725421 -0.01116784569764551 -0.00031896188268840217 -0.0031533951035509268 -0.0016014396546654834 0.0078048855927887149 0.0092111335661872445 0.010516558252077363 -0.0067677935425485758 0.001813537662297883 -0.0056986632771290763 0.004588376847440484 -0.0056333352048910119 0.010083334830806367 0.0019372691546241088 0.012169832597260899 -0.0055910039655222956 0.0025564620182993289 0.0060454487808299468 0.0034562275689726954 0.0057579021759856467
leaf_weight=221 419 267 268 776 368 391 341 215 1860 432 400 1094 608 4442 290 753 225 721 249 267 206 331 289 1648 361 1140 328 308 397 219 333 408 246 233 327 243 220 2306 287 1477 245 1158 325 1188 248 410 426 358 655 394 286 1708 521 363 531 495 1357 1976 329 16444 10872 863 387 639 15660 4922 246 246 566 635 839 2956 273 453 890 470 201 2228 374 9846 457 210 234 414 432 1181 363 1427 578 260 339 645 621 255 357 575 541 641 3072 401 1564 491 294 359 304 209 644 340 291 1002 605 611 425 377 739 263 281 409 599 570 273 320 639 1198 1625 1701 383
leaf_count=221 419 267 268 776 368 391 341 215 1860 432 400 1094 608 4442 290 753 225 721 249 267 206 331 289 1648 361 1140 328 308 397 219 333 408 246 233 327 243 220 2306 287 1477 245 1158 325 1188 248 410 426 358 655 394 286 1708 521 363 531 495 1357 1976 329 16444 10872 863 387 639 15660 4922 246 246 566 635 839 2956 273 453 890 470 201 2228 374 9846 457 210 234 414 432 1181 363 1427 578 260 339 645 621 255 357 575 541 641 3072 401 1564 491 294 359 304 209 644 340 291 1002 605 611 425 377 739 263 281 409 599 570 273 320 639 1198 1625 1701 383
internal_value=-4.87763e-05 -0.000352198 -1.10404e-05 -0.000606718 0.00686152 0.00615275 0.00119976 -0.00246038 0.00194221 0.00159483 -0.000932011 -0.000274434 0.00490907 -0.000595595 -0.0102395 0.00168437 -0.00601313 0.00246802 -0.00128096 0.00212537 -0.00172037 -0.00326937 -0.00558948 -0.0045535 -0.0113695 -0.00147092 -0.00203448 -0.000625802 -0.00463866 0.00133316 0.00581227 0.0105033 0.00890916 -0.00328898 -0.00581431 -0.0112728 0.00819555 0.000823197 -0.000479726 0.00134056 0.000558668 0.00356065 0.00289005 -0.00129824 -0.00110884 0.00353103 0.0039502 0.00686109 0.0033993 0.0100783 0.00587378 -0.00245122 0.000563168 -0.00153574 -0.00407449 -0.00307133 -0.00482786 -0.00669704 0.00110977 0.00178971 0.000114593 -0.00161444 -0.00150492 -0.00187143 -0.0028389 -0.000504513 -0.00353428 0.00555309 -0.00619759 0.000206595 0.00367772 -0.000442602 -0.0100136 -0.00274871 0.00341951 0.00231222 0.0013517 -0.0049917 -0.00149969 -0.00200251 -0.0029608 0.00615987 0.00389619 0.0102374 -0.00146454 0.00136796 -0.00278523 0.00260509 0.0032061 0.00184001 -0.0013178 0.00644763 -0.00344898 0.000461847 1.48066e-05 0.00328507 -0.000693415 0.000136962 -0.000857777 0.00376667 0.01139 -0.00162665 0.00156157 -0.00257338 -0.0026572 -0.00196831 0.00254819 -0.00671765 0.00244203 0.000437214 0.0048727 0.00312493 0.00546206 0.00595751 -0.00379749 0.00776207 -0.00357489 0.000377456 -0.00147013 0.00607695 0.00361694 0.00756931 0.00210558 -0.000277632 0.00301708 0.0014686 -0.000820475
internal_weight=138416 132603 118728 79578 5813 5592 39150 3812 2228 35338 71969 36645 2138 34507 730 1530 515 7609 1535 1267 780 13875 3602 3183 650 21338 16896 3082 1011 2071 1049 716 3364 1022 803 476 487 13169 6529 3766 3479 1403 531 13528 13200 7086 6654 2103 1013 1090 680 10273 1746 1415 1052 8527 3828 2471 28252 16773 11479 35324 34548 27835 16299 11536 2184 492 1692 9352 1474 7878 614 2533 6074 4326 3605 3368 12012 10220 2763 1748 1124 624 2080 1792 611 4551 4125 2902 1475 1223 1215 594 6713 1195 5518 4655 4014 942 1810 4699 1144 653 3555 3251 853 607 3135 1718 1417 1216 716 777 1305 620 2398 690 2076 1554 984 593 6640 1837 4803 3178 1477
internal_count=138416 132603 118728 79578 5813 5592 39150 3812 2228 35338 71969 36645 2138 34507 730 1530 515 7609 1535 1267 780 13875 3602 3183 650 21338 16896 3082 1011 2071 1049 716 3364 1022 803 476 487 13169 6529 3766 3479 1403 531 13528 13200 7086 6654 2103 1013 1090 680 10273 1746 1415 1052 8527 3828 2471 28252 16773 11479 35324 34548 27835 16299 11536 2184 492 1692 9352 1474 7878 614 2533 6074 4326 3605 3368 12012 10220 2763 1748 1124 624 2080 1792 611 4551 4125 2902 1475 1223 1215 594 6713 1195 5518 4655 4014 942 1810 4699 1144 653 3555 3251 853 607 3135 1718 1417 1216 716 777 1305 620 2398 690 2076 1554 984 593 6640 1837 4803 3178 1477
cat_boundaries=0 1 2 4 5 6 7 8 9 10 11 12 13 14 15 16 17 18 19 20 21 22 23 24 25 26 27 28 29 30 31 32 33 34 35 36 37 38
cat_threshold=100 2421194880 243531777 4 841 136 17 28 768 22 2082 3076 1 2230 2343 10 3210 8 690 488 2190 8388608 1 272629888 8 2 18 12 81 16 5 6 11 269484032 10 262656 18 162
is_linear=0
shrinkage=0.05


Tree=43
num_leaves=128
num_cat=64
split_feature=2 2 2 6 1 2 4 3 2 3 7 7 6 2 3 4 4 4 9 2 0 2 8 3 9 3 7 2 9 6 7 3 4 4 8 4 2 4 2 3 9 7 7 4 7 3 8 4 2 4 6 3 4 4 6 8 4 8 8 8 6 4 4 7 7 8 4 4 7 9 8 3 9 4 9 3 1 4 9 8 7 8 2 9 3 3 7 4 4 7 6 4 3 7 4 8 8 6 4 3 9 6 7 7 7 9 2 4 7 7 4 4 7 4 7 4 3 7 8 9 9 9 7 6 7 3 6
split_gain=409.887 39.7497 26.0404 12.1984 18.2472 15.2679 12.1583 12.002 37.3132 11.4022 13.0061 16.5079 9.89679 17.6798 13.478 14.164 10.5914 9.36665 11.2936 14.1198 13.1524 8.79387 8.46545 8.14857 7.2219 13.5901 13.1355 12.0604 10.8738 7.49766 7.12148 12.1504 13.0111 9.26489 8.46388 7.61928 6.96004 27.1854 6.92114 9.57559 8.23404 8.18851 7.34013 6.70168 8.0914 6.67045 6.95376 6.66051 6.64985 6.53906 6.4003 9.72919 9.51775 7.9359 6.96366 10.0379 7.4393 6.37848 6.33403 6.09265 5.89347 11.9001 10.076 6.40218 6.44024 5.8158 6.82072 5.80617 6.57992 6.82894 5.49184 5.47498 5.34063 5.30407 5.46308 5.13093 5.0664 5.06079 5.04108 4.96711 4.94941 15.0584 12.0582 12.4037 9.78519 9.17456 19.4235 5.91306 5.50775 6.97578 5.20611 7.54971 6.9407 9.2556 5.91011 5.15406 5.83821 4.94835 4.82826 4.75477 9.79982 8.01303 21.3494 17.4157 14.182 10.2187 9.40846 12.0446 8.22577 8.00267 8.30311 7.58895 8.69764 5.9193 5.82963 5.6653 7.51142 6.75286 6.78747 5.97255 7.31641 15.2866 13.1657 6.11013 5.90051 5.24775 9.20174
threshold=0 1 2 2017.5000000000002 3 4 5 6 7 8 18.500000000000004 8.5000000000000018 2016.5000000000002 9 10 11 12 13 2190.0000000000005 14 15 16 360.50000000000006 17 2005.0000000000002 18 21.500000000000004 19 2016.0000000000002 2016.5000000000002 25.500000000000004 20 21 22 128.50000000000003 23 24 25 26 27 2110.5000000000005 11.500000000000002 13.500000000000002 28 19.500000000000004 29 218.50000000000003 30 31 32 2017.5000000000002 33 34 35 2019.5000000000002 170.50000000000003 36 74.500000000000014 45.500000000000007 336.50000000000006 2018.5000000000002 37 38 12.500000000000002 20.500000000000004 343.50000000000006 39 40 6.5000000000000009 2545.0000000000005 206.50000000000003 41 2385.5000000000005 42 1896.5000000000002 43 44 45 2022.5000000000002 109.50000000000001 16.500000000000004 348.50000000000006 46 2292.0000000000005 47 48 24.500000000000004 49 50 4.5000000000000009 2016.5000000000002 51 52 6.5000000000000009 53 235.50000000000003 113.50000000000001 2019.5000000000002 54 55 2545.0000000000005 2018.5000000000002 19.500000000000004 13.500000000000002 22.500000000000004 2027.5000000000002 56 57 29.500000000000004 15.500000000000002 58 59 3.5000000000000004 60 7.5000000000000009 61 62 3.5000000000000004 39.500000000000007 1896.5000000000002 2074.5000000000005 2022.5000000000002 24.500000000000004 2020.5000000000002 6.5000000000000009 63 2020.5000000000002
decision_type=9 9 9 2 9 9 1 9 9 9 2 2 2 9 9 1 1 1 2 9 9 9 2 9 2 9 2 9 2 2 2 9 1 1 2 1 9 1 9 9 2 2 2 1 2 9 2 1 9 1 2 9 1 1 2 2 1 2 2 2 2 1 1 2 2 2 1 1 2 2 2 9 2 1 2 9 9 1 2 2 2 2 9 2 9 9 2 1 1 2 2 1 9 2 1 2 2 2 1 9 2 2 2 2 2 2 9 1 2 2 1 1 2 1 2 1 9 2 2 2 2 2 2 2 2 9 2
left_child=12 7 3 5 73 6 -3 8 -2 10 11 -8 13 49 15 -15 -16 21 20 -20 57 23 38 -4 25 26 58 -27 -26 -30 33 32 -32 34 -7 -33 37 -9 39 43 41 -41 -42 44 -14 46 -31 -11 99 -1 51 53 -53 70 60 56 -56 -19 -22 -47 62 -62 63 -52 -65 66 -63 68 97 -70 -40 98 -44 -5 -75 -57 -49 -10 -76 -58 81 84 -82 85 88 87 -87 -84 89 -35 91 92 93 -86 -92 96 -89 -50 -23 100 101 102 103 113 106 -104 107 -103 -106 111 -111 -108 -113 114 -6 125 119 -118 -119 -117 121 -121 123 -122 -120 -101 -127
right_child=1 2 17 4 48 30 9 36 77 47 -12 -13 22 14 16 -17 -18 18 19 -21 24 71 -24 -25 28 27 -28 -29 29 45 31 35 -34 80 -36 -37 -38 -39 50 40 42 -43 72 -45 -46 59 -48 76 67 -51 54 52 -54 -55 55 75 79 -59 -60 -61 61 65 -64 64 -66 -67 -68 -69 69 -71 -72 -73 -74 74 78 -77 -78 -79 -80 -81 82 -83 83 -85 90 86 -88 95 -90 -91 94 -93 -94 -95 -96 -97 -98 -99 -100 115 -102 104 105 -105 108 -107 109 -109 -110 110 -112 112 -114 -115 -116 116 117 118 124 120 122 -123 -124 -125 -126 126 -128
leaf_value=0.0094100291340276712 -0.028175319647372334 -2.2657659380260997e-05 -0.01320245083593561 0.0041946339317632851 -0.0051845503737264721 0.0066520816753746397 -0.0013466630503535272 0.014797553720924518 -0.0025568299473013247 -0.0061219578194949362 -0.00080473081866975322 -0.01840296804143467 0.013954523489927095 -0.010561341322958469 0.016026440139766233 0.0066925233897197206 0.0030322717034612073 -0.0098245140429372123 0.0036657331407536271 0.014992298679874123 -0.0010272440824657678 0.0013080102079197934 -0.0018491402805711214 -0.0011713738461039242 -0.0086679561741972774 -0.0057972148995972111 0.017790461961241042 0.0085223293624461655 -0.0038109966817463994 0.003410753236737936 0.0045844008998616259 -0.00012784492573700846 -0.0018392906141853885 -0.0048436676498934414 -0.0023368844235989845 -0.0060711222333984724 -0.0040773400546617574 -0.0086725743653162032 0.0051469761965789139 0.0074769233971641496 0.014282401062682238 0.018554000272760513 0.0016764475870384742 0.0017804315271328021 0.0019170059693384579 0.0034062481858384893 0.014116006366439388 0.0053912561651934653 -0.0012724271090968845 0.015966437732002788 0.0046978664718049234 0.0023833950588385156 0.013207200696885323 0.0095802527863662959 0.0079038810287166469 0.0030524530336600549 0.0038537044567732155 -0.00051223626932071569 0.008998315845031489 -0.006392481955947076 0.0090558549033061785 0.0009072565340160735 0.0016581226487177242 0.018024360277322106 0.0083130067517317233 0.0071537475697360606 -0.0076154188446839318 -0.0025793607013655843 -0.0015239310226425266 -0.0058991910337107918 -0.0054789112316670392 0.0017016374047242981 0.010825051549498154 0.0053841563639533078 -0.0065081491995042503 0.011818196583221596 -0.0031388822006785458 -0.0086666044930949048 0.00067521133245254206 -0.0054103102037435999 -0.0061860444070878633 -0.011026344624789138 0.0034609945821139037 0.0051172207233575644 0.0096345986943297286 0.0015566892646929518 0.01623807928494812 -0.002213018997008476 -0.0021128339807413095 0.003207441642400298 -0.0050365434429435023 0.0047057078143513979 -0.0069601799695399305 -0.0017566074214044728 0.0012077708266971406 -0.0068508594184904627 0.0048692376480611631 0.0025006059351001943 -0.0073600145668024199 -0.00033852159783912092 0.0090666232556014231 0.010303063366584304 -0.0021432413791924658 0.0066425842893849535 0.0029028414213254036 -0.012987440241553162 0.00064573398676336601 -0.0034474272908933397 -0.0047701331280830608 -0.011625275907471129 -0.0038480979701490748 0.0024298574887652961 -0.005161522480290036 -0.0074606404921208225 0.0057524342237590172 0.001349623244363587 -0.0055657419246440626 0.0092750656116170008 0.0047003352135982154 -0.0042183897394799047 0.0024640837878255294 -0.018261056863141202 -0.0095071031443593607 -0.0056784442257291328 -0.00060301743886635739 0.0044627857085354035 -0.0023193746559993333
leaf_weight=793 201 1794 220 1713 263 282 200 220 746 620 289 488 382 215 328 243 324 310 1027 378 250 296 260 384 254 383 305 225 392 353 1238 815 2131 345 3669 1629 4900 257 258 232 379 594 378 578 220 679 266 329 1740 1078 488 266 1202 407 738 223 396 452 426 207 460 762 774 281 435 222 329 20088 13896 953 230 2914 276 370 359 1206 349 659 764 228 424 285 619 2690 269 1571 263 1536 3642 1222 420 2436 280 529 3189 445 359 1736 342 5208 206 305 305 535 2359 755 1777 317 410 450 1523 469 1930 632 227 622 546 201 583 973 993 242 432 300 5225 1715 706
leaf_count=793 201 1794 220 1713 263 282 200 220 746 620 289 488 382 215 328 243 324 310 1027 378 250 296 260 384 254 383 305 225 392 353 1238 815 2131 345 3669 1629 4900 257 258 232 379 594 378 578 220 679 266 329 1740 1078 488 266 1202 407 738 223 396 452 426 207 460 762 774 281 435 222 329 20088 13896 953 230 2914 276 370 359 1206 349 659 764 228 424 285 619 2690 269 1571 263 1536 3642 1222 420 2436 280 529 3189 445 359 1736 342 5208 206 305 305 535 2359 755 1777 317 410 450 1523 469 1930 632 227 622 546 201 583 973 993 242 432 300 5225 1715 706
internal_value=-4.61328e-05 -0.00100145 -0.000781124 -0.00101154 -0.00138227 -0.000236759 -0.00310848 -0.00466292 -0.00846282 -0.00553112 -0.00960745 -0.0134447 0.00770215 0.01029 0.00513091 -0.0014596 0.00971256 0.00164878 0.00292735 0.00684582 0.00171096 -0.00017114 0.00707635 -0.00569721 0.00292797 0.00549214 0.00908432 -0.000445887 0.00104736 0.0023482 0.000150015 -0.00142313 0.000527793 0.000523709 -0.00169102 -0.00409782 -0.00351436 0.0022338 0.00727064 0.00937666 0.0116587 0.0154428 0.00874583 0.00571367 0.0093993 0.00395246 0.00788371 -0.00241289 -0.00155444 0.0132524 0.00653406 0.00877176 0.0112753 0.00448921 0.00573578 0.00762693 0.00455552 -0.00424499 0.00529064 0.00110446 0.00432863 0.00223528 0.00620502 0.00903918 0.0121243 -0.000221537 -0.00172431 -0.00199129 -0.00134559 -0.00180473 0.000136085 0.000781896 0.00553733 0.00230066 0.000114154 0.0105543 0.00101857 -0.00546355 -0.00162116 0.000461382 0.000950419 0.00033621 0.0019317 0.00239673 0.000598806 0.000874894 0.00364218 -0.000849716 -0.00104764 0.00142576 0.00180178 0.00317421 -0.000327197 0.0020575 0.000470475 -0.0019999 -0.000871314 0.000611919 -0.00338036 -0.000998484 -0.00174697 -0.00193013 -0.00432569 -0.000780738 -0.00124788 -0.00986718 -0.0024807 0.00335151 0.00176672 -0.00307111 -0.00570034 -0.00183626 -0.00366216 -0.00432038 -0.000115468 -0.000472136 -0.00124746 -0.000241444 0.00024194 -0.00309294 -0.00404335 -0.00701537 -0.00195001 0.000574866 -7.06733e-05 0.000556328 0.00247478
internal_weight=138416 123231 116248 106185 71828 34357 4069 6983 1606 2275 977 688 15185 2981 1110 458 652 10063 5907 1405 4502 4156 12204 604 3740 1589 981 608 2151 1897 30288 5813 3369 24475 3951 2444 5377 477 11944 3039 1859 826 1033 1180 602 1505 619 1298 68622 1871 8905 2363 1468 895 6542 2791 1362 762 676 886 3751 1773 1978 1204 716 1313 1091 38413 18325 14849 488 3552 654 3206 1493 1429 678 1405 1123 624 20524 12617 7907 7483 12332 4793 1834 2959 5209 1567 7123 3514 1078 798 3609 2340 1895 3476 638 30209 12463 12257 2717 1657 9540 1060 6771 622 2769 6149 1973 4176 2399 1122 490 17746 10117 6555 6009 3562 2940 1215 1725 1293 5808 7629 2421
internal_count=138416 123231 116248 106185 71828 34357 4069 6983 1606 2275 977 688 15185 2981 1110 458 652 10063 5907 1405 4502 4156 12204 604 3740 1589 981 608 2151 1897 30288 5813 3369 24475 3951 2444 5377 477 11944 3039 1859 826 1033 1180 602 1505 619 1298 68622 1871 8905 2363 1468 895 6542 2791 1362 762 676 886 3751 1773 1978 1204 716 1313 1091 38413 18325 14849 488 3552 654 3206 1493 1429 678 1405 1123 624 20524 12617 7907 7483 12332 4793 1834 2959 5209 1567 7123 3514 1078 798 3609 2340 1895 3476 638 30209 12463 12257 2717 1657 9540 1060 6771 622 2769 6149 1973 4176 2399 1122 490 17746 10117 6555 6009 3562 2940 1215 1725 1293 5808 7629 2421
cat_boundaries=0 3 6 9 10 13 14 15 18 19 22 23 24 25 26 29 30 32 33 34 36 37 38 39 40 43 44 46 47 48 49 50 53 54 55 56 57 58 59 60 61 62 63 64 65 66 67 69 70 71 72 73 74 75 76 77 78 81 82 83 84 85 86 87 88
cat_threshold=268558340 3776 10 35782656 33628160 9977856 138412289 71565336 297648 2164260865 1 4456448 297088 3780 65 2097152 8192 8912896 17 4 0 10 6 1320 1593 2756 2147745794 16384 1 16 1536 134217984 6 22 2147483650 16384 26 2452 2176 228 0 0 8912896 2456 0 3200 24 2219 9 40 256 4456448 262304 1053 5 3330 968 161 224 1940 2071 1836 16 2603 2 1 828 134217984 16 74 22 264 1033 1282 20 4 2112 6 0 0 128 3633 2081 103 3776 1673 65 24
is_linear=0
shrinkage=0.05


Tree=44
num_leaves=128
num_cat=50
split_feature=2 2 2 6 1 2 4 10 8 10 3 8 4 4 2 3 9 2 3 0 3 9 9 4 1 4 10 3 8 4 9 10 2 10 10 8 10 8 10 3 8 9 10 8 2 4 10 9 9 4 2 8 2 3 2 9 4 8 8 8 3 6 4 8 4 8 6 2 3 9 3 10 8 8 10 6 8 8 9 10 6 4 8 8 3 2 4 9 8 2 3 10 8 8 10 8 9 6 8 6 8 8 6 8 9 1 2 6 4 8 8 8 6 3 8 8 2 8 8 8 8 8 8 4 3 2 9
split_gain=370.225 35.7723 23.5315 11.0414 16.49 13.8409 12.0404 9.85301 11.0687 9.40449 11.9838 9.42754 9.26926 8.60166 13.4893 15.6396 10.167 13.7833 9.90058 9.65196 10.7369 10.992 23.6897 10.9243 8.63321 8.25558 8.16336 8.00565 10.7865 8.28799 7.51513 6.93349 6.92977 6.92558 7.04777 10.2568 6.81339 6.66047 16.0618 11.4825 11.2181 9.65082 11.5337 29.6787 11.3148 11.0897 7.94562 8.19765 7.93453 10.1002 16.6439 8.54577 7.49286 6.81245 8.56144 8.97115 6.45218 6.41195 6.15865 7.93554 6.13536 6.07705 6.05609 7.04987 6.01997 5.98146 12.1844 5.86703 5.74727 5.74552 5.7129 5.70074 12.1557 9.87425 5.69385 6.37901 5.48585 5.98209 5.25963 5.16515 10.3236 5.71663 6.76754 6.81741 5.82433 6.98919 7.2867 5.70427 5.13003 5.96546 11.5254 6.21504 6.45479 18.6061 10.845 10.5643 7.23342 5.682 6.56422 6.12614 6.21666 5.66118 5.15621 6.97415 5.02237 4.90863 4.87076 4.83298 4.79684 4.77077 9.14851 6.50875 6.04228 5.39021 8.07002 8.70662 7.03493 8.89416 7.41504 7.80836 6.22026 4.83933 4.7345 4.69328 6.75761 10.2169 6.98736
threshold=0 1 2 2017.5000000000002 3 4 5 1703.0000000000002 356.50000000000006 280.50000000000006 6 27.500000000000004 7 8 9 10 2190.0000000000005 11 12 13 14 1973.5000000000002 2010.0000000000002 15 16 17 203.50000000000003 18 301.50000000000006 19 2311.0000000000005 1859.0000000000002 20 29.500000000000004 59.500000000000007 202.50000000000003 1561.5000000000002 143.50000000000003 205.50000000000003 21 111.50000000000001 2048.5000000000005 1534.0000000000002 196.50000000000003 22 23 1497.5000000000002 2082.5000000000005 1828.0000000000002 24 25 220.50000000000003 26 27 28 2074.5000000000005 29 8.5000000000000018 37.500000000000007 45.500000000000007 30 2018.5000000000002 31 128.50000000000003 32 70.500000000000014 2017.5000000000002 33 34 2170.0000000000005 35 1641.0000000000002 293.50000000000006 288.50000000000006 1577.0000000000002 2020.5000000000002 353.50000000000006 271.50000000000006 2022.5000000000002 1620.5000000000002 2017.5000000000002 36 318.50000000000006 99.500000000000014 37 38 39 2165.0000000000005 358.50000000000006 40 41 267.50000000000006 172.50000000000003 183.50000000000003 1534.0000000000002 187.50000000000003 2048.5000000000005 2020.5000000000002 353.50000000000006 2019.5000000000002 342.50000000000006 208.50000000000003 2018.5000000000002 162.50000000000003 1669.5000000000002 42 43 2018.5000000000002 44 348.50000000000006 351.50000000000006 355.50000000000006 2016.5000000000002 45 326.50000000000006 206.50000000000003 46 281.50000000000006 304.50000000000006 221.50000000000003 192.50000000000003 72.500000000000014 22.500000000000004 47 48 49 2102.0000000000005
decision_type=9 9 9 2 9 9 1 2 2 2 9 2 1 1 9 9 2 9 9 9 9 2 2 1 9 1 2 9 2 1 2 2 9 2 2 2 2 2 2 9 2 2 2 2 9 1 2 2 2 1 9 2 9 9 9 2 1 2 2 2 9 2 1 2 1 2 2 9 9 2 9 2 2 2 2 2 2 2 2 2 2 1 2 2 9 9 1 2 2 9 9 2 2 2 2 2 2 2 2 2 2 2 2 2 2 9 9 2 1 2 2 2 2 9 2 2 9 2 2 2 2 2 2 1 9 9 2
left_child=7 27 3 5 108 6 36 8 33 25 -11 -12 -13 14 15 -4 19 -18 -16 24 32 23 -23 -22 65 -8 64 28 29 -2 -14 -9 -21 56 35 -35 -3 38 -6 41 53 42 106 -44 45 -43 67 60 51 88 -51 -41 -42 54 58 104 -1 -36 122 -60 -48 -49 63 -28 -7 66 -15 -46 -68 -67 107 -52 73 -73 -63 76 77 -76 -31 81 -81 82 83 -59 85 -83 -87 -85 89 90 -50 -91 102 94 96 -95 -94 98 99 -97 -101 -99 -93 -104 -56 -20 -39 -33 -5 112 -111 -112 113 114 115 120 118 -118 119 -117 121 -64 -40 -29 125 -125 -127
right_child=1 2 13 4 37 26 9 31 -10 10 11 12 30 16 18 -17 17 -19 105 20 21 22 -24 -25 -26 -27 62 123 -30 78 -32 70 -34 34 57 -37 -38 39 40 48 52 44 43 -45 46 -47 47 61 49 50 71 -53 -54 -55 55 -57 -58 79 59 -61 -62 74 109 -65 -66 69 68 -69 -70 -71 -72 72 -74 -75 75 -77 -78 -79 -80 80 -82 84 -84 87 -86 86 -88 -89 -90 91 -92 92 93 95 -96 97 -98 101 -100 100 -102 -103 103 -105 -106 -107 -108 -109 -110 110 111 -113 -114 -115 -116 116 117 -119 -120 -121 -122 -123 -124 124 -126 126 -128
leaf_value=-0.0044687024446013641 -0.0011520457520790592 -0.00055031673976143681 0.0046443272141637 0.0043707646422458312 -0.015674103537227872 0.00029734549375630366 0.0065508875721312244 0.012944571890073045 -0.0018249047426924455 -0.016235832660240018 -0.014245015197755111 0.0050353428911786161 -0.013492010656727461 -0.013328783605505247 -0.015167670069001769 -0.0045385100131463858 0.0031553625259139514 0.014088484206004068 0.0029973336161352327 0.016095926912178791 0.013399156960373632 -0.015485565799456664 0.0022349250417843781 0.0016496570339744863 -0.0088868792519326018 -0.0035256418561875067 0.0063194778255774827 -0.0052992972807526751 -0.015235048120650595 -0.0033976004537464113 -0.0019517695550501193 0.01423035862726316 0.0047012481875895731 0.007238873415510493 0.015347909033214965 0.02064344548103321 0.0089954549286695041 -0.00038528061802487411 -0.0047803968319605136 0.0080719357216343657 0.00400876728978949 -0.00077665762609851455 0.018246737464867307 0.001874463459415536 0.00030568203444028845 -0.012772569826454855 -0.00047733055259815835 0.0053761337620132025 -0.00087122880903842115 0.0056924883341086989 -0.0043359397006898477 -0.00037308580510847739 -0.004316606214746348 -0.0010280517419588887 0.0017885050931501956 0.0020761626591615117 0.0060487940896680392 0.012846843975141149 -0.015828042336182509 -0.0056026145305840547 -0.0084058651580205934 0.0044865441081905939 0.0033585896484784033 -0.0018244061053807688 -0.011132289634248161 0.002811658143844899 -0.0053887151513548424 0.0092777367278720334 0.0041643354374773433 -0.0055056410778958637 0.0049678782633600146 -0.0014165575864480394 0.0082012512369433067 -0.012052654493324622 -0.0010584372064641205 0.0016275895944857736 0.0039009608194168852 -0.0056326828058078284 -0.013103592863844075 0.011272375392566102 -0.00035068828823995408 0.0008579989147198307 0.010093359652649842 0.0047941101665422122 0.0088056235643174368 0.00094258917188470035 0.012314243133707376 -0.0011670237844230151 -0.0052194324809120606 0.0073666147411161108 -0.011915695239750869 0.0018585341674331624 0.0071908570516559236 -0.0095445675340472911 0.012309552804462614 -0.0012263318971375741 -0.0034262823629056579 -0.007338903372783534 0.0091591559325024715 0.0037036943364692904 -0.0036220458218786337 -0.0013188629696328977 -0.0014767898297685159 -0.0082766633428036588 -0.0072358083573585488 -0.0075166612726946681 0.0049012268289470654 0.0060265227689893109 0.00046954615370782402 -0.010339785628152867 0.0049081348672198356 -0.0032676713164289332 -8.0489583895667989e-05 0.0023867299721562802 0.0062986122827561747 -0.010995082888831876 -0.0057201060104107686 0.0052552522620753911 -0.012901353693577339 0.00012897902706470178 0.0082908675426623668 -0.0014179049383351303 0.0029435864565557387 0.0099278630266039104 -0.0036779493244149422 -0.00682842274166226 0.0037239467253914896
leaf_weight=244 609 1059 1223 1404 215 206 232 1166 368 309 223 263 222 217 233 734 1106 390 213 244 333 227 1115 493 262 1290 282 2174 360 218 387 488 343 361 223 236 227 4812 493 391 279 387 330 1717 417 390 420 427 761 494 7183 1281 5530 18305 210 1156 335 218 219 1420 602 454 890 4609 266 1843 251 322 387 234 883 1587 286 253 1485 1251 295 1378 388 274 631 594 631 2067 5040 225 419 498 704 246 337 383 328 341 423 3736 314 512 200 1498 359 1646 812 704 580 215 469 284 1802 282 391 645 11525 7188 489 228 324 429 276 512 291 1312 332 245 2306 339 292
leaf_count=244 609 1059 1223 1404 215 206 232 1166 368 309 223 263 222 217 233 734 1106 390 213 244 333 227 1115 493 262 1290 282 2174 360 218 387 488 343 361 223 236 227 4812 493 391 279 387 330 1717 417 390 420 427 761 494 7183 1281 5530 18305 210 1156 335 218 219 1420 602 454 890 4609 266 1843 251 322 387 234 883 1587 286 253 1485 1251 295 1378 388 274 631 594 631 2067 5040 225 419 498 704 246 337 383 328 341 423 3736 314 512 200 1498 359 1646 812 704 580 215 469 284 1802 282 391 645 11525 7188 489 228 324 429 276 512 291 1312 332 245 2306 339 292
internal_value=-4.3728e-05 -0.00095165 -0.000743461 -0.00096239 -0.00131489 -0.000225187 -0.00290635 0.00732014 0.00671659 -0.00467636 -0.00764372 -0.00502493 -0.00272467 0.00156647 -0.000897558 0.00119461 0.00243298 0.00612084 -0.00701727 0.00150968 0.003671 0.00202131 -0.000762505 0.00656863 -0.000364927 -0.00196979 0.000150352 -0.00443888 -0.00758524 -0.00538106 -0.00605906 0.00999136 0.00962798 0.00697862 0.00724917 0.0125378 0.00112591 -0.00147844 -0.00205911 -0.00106094 -0.00195649 2.36882e-05 0.00132775 0.00451386 -0.00119705 -0.00688356 -0.000559853 -0.00113496 -0.00172366 -0.00196503 -0.0031823 0.0016018 -0.00391728 -0.00145505 -0.0032178 -0.000726554 0.00164384 0.00695736 -0.00517442 -0.00696892 -0.00523448 -0.000342952 0.000254175 -0.00135209 -0.00637349 0.000424203 -0.00309422 0.0043447 0.000386813 0.00187461 0.00791073 -0.00365886 -0.00138845 -0.00287902 -0.000845122 -0.00139413 -0.00259114 -0.00326008 -0.00945596 0.00678079 0.00316834 0.00711811 0.00540239 0.0043582 0.00802973 0.00482576 0.00841639 0.00363674 -0.00106491 -0.000833626 -0.00433796 -0.000494894 -0.000667147 -0.000127744 0.0060936 -0.000926796 0.00199805 -0.000557199 0.000258601 -5.96739e-05 0.00228746 -0.00274716 -0.00332496 -0.00463451 -0.00483694 -0.00233526 9.27598e-05 0.011069 0.00218628 0.000571505 -0.00235538 -0.000182015 0.000736155 0.00152448 0.00021447 -0.00048309 -0.00316587 0.000525805 -0.00584953 -0.00329843 0.00142058 0.000512649 -0.00167208 -0.00350124 -0.00226002 0.00147197 -0.00191489
internal_weight=138416 123231 116300 106237 71880 34357 4212 15185 12364 2926 1404 1095 872 10063 2618 1957 7445 1496 661 5949 2755 2168 1342 826 3194 1522 30145 6931 1575 1215 609 2821 587 11996 11417 597 1286 68674 28739 39935 28524 15156 7328 2047 7828 777 7051 6312 24779 23107 9803 1672 5809 22715 4410 1946 579 10820 2464 1639 1022 5290 29673 4891 472 2932 855 739 638 2077 1655 9309 2126 1840 4863 4409 3158 2863 606 10597 905 9692 3414 2783 6278 1238 644 2565 13304 12600 1098 11502 11256 9357 1065 8292 642 7951 5793 5593 1857 2158 1899 1516 790 428 5281 772 3206 24782 1318 1036 23464 11939 4751 4262 1769 753 1016 740 2493 2202 825 5356 3182 876 631
internal_count=138416 123231 116300 106237 71880 34357 4212 15185 12364 2926 1404 1095 872 10063 2618 1957 7445 1496 661 5949 2755 2168 1342 826 3194 1522 30145 6931 1575 1215 609 2821 587 11996 11417 597 1286 68674 28739 39935 28524 15156 7328 2047 7828 777 7051 6312 24779 23107 9803 1672 5809 22715 4410 1946 579 10820 2464 1639 1022 5290 29673 4891 472 2932 855 739 638 2077 1655 9309 2126 1840 4863 4409 3158 2863 606 10597 905 9692 3414 2783 6278 1238 644 2565 13304 12600 1098 11502 11256 9357 1065 8292 642 7951 5793 5593 1857 2158 1899 1516 790 428 5281 772 3206 24782 1318 1036 23464 11939 4751 4262 1769 753 1016 740 2493 2202 825 5356 3182 876 631
cat_boundaries=0 3 6 9 10 13 14 15 16 17 20 21 24 25 26 27 28 30 31 32 33 35 36 39 40 41 44 47 48 51 52 53 54 55 58 59 60 61 62 65 66 69 70 71 74 75 76 79 80 81 84
cat_threshold=268558340 3776 10 35782656 33628160 9453568 138412289 71565336 821936 2164260865 1 4456448 264832 3588 1 83 580 2147745794 2147500032 1025 14 2147745794 16384 1 6 49 1 1282 16842753 4 9 65 818 1024 16384 17 134217984 4194320 128 2186 780 0 4456472 128 134217984 16 512 1 0 0 144 364 16 2176 201 4194304 67108864 544 3 18 326 4 0 2048 8 641 134217728 4194320 262784 10 25174016 134217984 262144 48 2602 3 0 0 16 3680 4 33685504 0 8388608
is_linear=0
shrinkage=0.05


Tree=45
num_leaves=128
num_cat=60
split_feature=2 2 2 6 10 4 7 6 10 0 3 8 8 2 6 2 7 7 2 4 4 2 2 7 7 4 2 2 3 4 10 8 7 2 10 4 6 4 2 2 3 10 10 8 2 10 4 2 7 4 7 4 6 4 4 7 3 2 7 3 4 10 4 10 10 4 10 4 8 8 9 4 6 7 2 6 3 6 8 10 7 9 10 9 8 9 7 7 10 10 8 3 7 3 4 7 7 7 7 3 3 4 2 6 2 3 8 10 2 8 6 7 7 4 4 3 7 3 10 0 7 4 3 4 8 8 4
split_gain=327.003 28.443 16.1762 9.90123 15.0091 10.9029 17.5108 8.76119 7.50587 19.0047 8.0681 7.86571 9.96838 9.91451 7.57316 14.9982 14.9429 15.8056 15.7577 12.0741 8.65884 24.3362 12.7401 12.5974 12.5278 11.5438 10.7235 9.0575 8.33589 8.74549 7.20784 7.09091 8.14332 6.8247 6.81047 6.67132 6.56092 6.51572 31.0215 13.0775 10.7912 8.35254 8.08575 6.21478 6.77313 6.88534 7.50935 6.01487 6.78318 6.0127 5.99603 7.87957 9.29091 7.32602 5.92294 7.36601 5.56804 5.60734 5.51968 13.7275 12.9807 11.4445 13.794 8.71035 7.04348 11.6483 7.77311 6.19571 5.64911 9.73808 6.35855 6.17797 8.58944 12.0376 5.92243 12.3103 6.59516 13.7751 7.61421 19.3633 13.5204 8.22784 5.97513 6.74566 5.90545 11.1295 6.1963 5.84073 6.08489 8.91396 7.8922 5.5133 5.51274 5.47867 5.91372 5.48207 8.9415 5.45647 5.38131 5.33571 5.31504 5.27096 13.804 10.8855 9.41899 16.7563 8.56472 5.99666 5.10876 9.69585 5.94415 5.03147 16.3033 8.56951 8.23217 11.0468 10.8455 6.5893 6.34865 5.56653 4.92628 6.448 4.85677 5.48131 5.74253 8.92376 4.91012
threshold=0 1 2 2016.5000000000002 265.50000000000006 3 16.500000000000004 2017.5000000000002 307.00000000000006 4 5 12.500000000000002 17.500000000000004 6 2018.5000000000002 7 1.5000000000000002 11.500000000000002 8 9 10 11 12 28.500000000000004 16.500000000000004 13 14 15 16 17 200.50000000000003 353.50000000000006 22.500000000000004 18 1696.5000000000002 19 2017.5000000000002 20 21 22 23 322.50000000000006 189.00000000000003 360.50000000000006 24 59.500000000000007 25 26 3.5000000000000004 27 24.500000000000004 28 2020.5000000000002 29 30 24.500000000000004 31 32 26.500000000000004 33 34 1630.0000000000002 35 1611.0000000000002 1431.0000000000002 36 1602.0000000000002 37 6.5000000000000009 10.500000000000002 2159.5000000000005 38 2021.5000000000002 19.500000000000004 39 2018.5000000000002 40 2020.5000000000002 256.50000000000006 1587.5000000000002 17.500000000000004 2159.5000000000005 1386.0000000000002 1828.0000000000002 261.50000000000006 2086.5000000000005 17.500000000000004 25.500000000000004 1250.5000000000002 1207.0000000000002 20.500000000000004 41 25.500000000000004 42 43 24.500000000000004 23.500000000000004 2.5000000000000004 9.5000000000000018 44 45 46 47 2019.5000000000002 48 49 287.50000000000006 161.50000000000003 50 230.50000000000003 2019.5000000000002 7.5000000000000009 10.500000000000002 51 52 53 17.500000000000004 54 146.50000000000003 55 15.500000000000002 56 57 58 143.50000000000003 183.50000000000003 59
decision_type=9 9 9 2 2 1 2 2 2 9 9 2 2 9 2 9 2 2 9 1 1 9 9 2 2 1 9 9 9 1 2 2 2 9 2 1 2 1 9 9 9 2 2 2 9 2 1 9 2 1 2 1 2 1 1 2 9 9 2 9 1 2 1 2 2 1 2 1 2 2 2 1 2 2 9 2 9 2 2 2 2 2 2 2 2 2 2 2 2 2 2 9 2 9 1 2 2 2 2 9 9 1 9 2 9 9 2 2 9 2 2 2 2 1 1 9 2 9 2 9 2 1 9 1 2 2 1
left_child=3 37 7 4 5 -1 -7 30 11 36 -11 13 -13 -4 15 35 -16 18 -18 -20 22 -22 91 97 98 -26 -25 -27 33 -30 -3 32 101 -21 58 -14 93 39 41 -2 -40 -39 -41 44 45 -5 47 -47 -49 -6 53 52 -52 -34 55 -46 57 -56 68 60 -60 62 -61 64 67 -66 -67 -64 70 -70 -9 72 74 100 75 -71 78 82 81 -80 -81 87 83 -78 85 86 -84 88 89 -76 -90 -17 -59 94 -10 96 -95 -23 -24 -77 -74 104 -103 -104 105 -19 107 -105 109 -73 -111 118 113 -113 115 120 -116 -118 -99 -117 -114 -122 126 124 -124 -126 -38
right_child=1 2 8 43 49 6 -8 34 9 10 -12 12 14 -15 16 20 17 31 19 28 21 23 24 26 25 27 -28 -29 29 -31 -32 -33 50 -35 -36 -37 122 38 40 42 -42 -43 -44 -45 54 46 -48 48 -50 -51 51 -53 -54 -55 56 -57 -58 92 59 61 -62 -63 63 -65 65 66 -68 -69 69 71 -72 108 73 -75 76 99 77 -79 79 80 -82 -83 84 -85 -86 -87 -88 -89 90 -91 -92 -93 -94 95 -96 -97 -98 111 -100 -101 -102 102 103 106 -106 -107 -108 -109 -110 110 -112 112 114 -115 116 119 117 -119 -120 -121 121 -123 123 -125 125 -127 -128
leaf_value=-0.0016767325153533412 0.0067564355754254589 -0.0087734431722618477 0.015203020332748413 0.015503038742307405 0.014796071495011635 0.00055739161572349602 0.016886244819829276 -0.0093059250661595427 0.0012895303381751536 -0.0020372420030057062 -0.012848939161859283 -0.0095691436977308787 0.015002793548500523 0.0001986043178008862 0.014610904381626939 -0.00015971800658063821 -0.014997489879994344 0.0059511966187612599 0.0067820505880154761 0.006560136258343144 -0.018137747546173796 -0.0070725709052336678 0.0042323682783524308 -0.017337630333075692 -0.0090368717267604853 0.011437636808683843 -0.0014026019090112854 -0.0014550857483752165 -0.00082831241743708825 -0.01062265241861254 -0.000294625852893674 -0.0046928068387557522 0.0027858815864582574 -0.0035399526181057669 -0.0031529194974700618 0.0019979827065007682 -0.0028366844658805302 -0.0047142889701686525 -0.0087670165308835826 -0.012830586305543174 -0.026115846702980762 0.0022180409345654603 -0.0026786264635415258 -0.0015034380463745309 0.0052111395076558931 0.011385644036487733 0.0079274990255895454 -0.0043464329795661703 0.0044109670354005124 0.0089184077017539273 0.0031734366262140996 0.0054976591690905309 -0.0092294909149190536 -0.0097861591375852392 -0.0029652032189990047 0.011540012581590625 0.0057107131968406723 0.0050289339125570492 -0.0037623196955671352 0.0053355739991895607 0.0077836605210795558 -0.014053005270090783 0.003757903669587094 0.0036684424134104383 -0.013020393651402132 -0.0033721756486605513 -0.012882722421706986 -0.0044146375165374611 0.0053649168138092023 -0.0091657581885407399 0.001027297903930415 0.00011735626458427072 -0.0074554499917426093 0.0099397281193967495 -0.0037759838875775277 0.0073404753596663271 -0.0032679281656099895 0.0044387238943069699 0.0016843712508168266 -0.024077618153215474 -0.0067581346161760293 0.0021590894890905232 0.0049443913937687314 -0.012412764614082849 0.0067220112651257824 -0.0073169415739848922 -0.0041100329587315963 -0.01197347122265233 -0.0096812942340919698 -0.016611989193063764 -0.0019134284168244445 -0.010231223911351272 -0.0022087634596114803 0.0014613927724616185 -0.0034785923571815508 -0.00101705165592254 0.0097703356702419156 0.00016320551762659668 0.013636283482837394 -0.0011576688690230442 0.0018531206469814361 -0.0029634993721053683 0.0034945143230296592 0.012182220457193539 0.0095238128721942764 -0.0092682927107155515 0.0051537536197539535 0.022720001983784075 -0.00031535511957928768 -0.0039635445140310185 -0.014580880285890897 -0.0013299389545898444 0.0010110745472335365 -0.015453489796915491 0.0043023593900507525 -0.0060620634872690744 -0.012125148275951771 -0.0020990269717969519 0.010474892533669363 0.0037731361683199793 0.016592944487430424 0.0051257036588743081 -0.005678867324160973 0.00078139481758508669 0.0077014181010087619 -0.0018111349220998403 -0.00079302176475037347
leaf_weight=445 349 254 203 243 913 335 322 429 1159 311 424 234 208 239 226 315 200 413 426 337 217 284 264 205 230 230 225 316 471 448 19027 273 219 315 6733 203 3904 3039 210 209 214 507 3187 270 1787 235 5029 268 1264 1144 386 967 248 232 476 619 1616 1088 442 399 522 270 347 308 540 1607 248 658 583 226 228 724 237 341 380 471 611 811 272 220 231 594 502 301 204 635 303 225 370 210 2813 236 347 7215 1464 2170 339 382 359 302 399 265 451 321 332 306 231 233 15486 291 241 201 215 248 393 322 265 442 245 246 214 343 715 7644 287 1749 11921
leaf_count=445 349 254 203 243 913 335 322 429 1159 311 424 234 208 239 226 315 200 413 426 337 217 284 264 205 230 230 225 316 471 448 19027 273 219 315 6733 203 3904 3039 210 209 214 507 3187 270 1787 235 5029 268 1264 1144 386 967 248 232 476 619 1616 1088 442 399 522 270 347 308 540 1607 248 658 583 226 228 724 237 341 380 471 611 811 272 220 231 594 502 301 204 635 303 225 370 210 2813 236 347 7215 1464 2170 339 382 359 302 399 265 451 321 332 306 231 233 15486 291 241 201 215 248 393 322 265 442 245 246 214 343 715 7644 287 1749 11921
internal_value=-2.50705e-05 -0.000917752 -0.000718847 0.00660064 0.00911991 0.00441124 0.00843193 -0.00128412 -9.16944e-05 -0.000452969 -0.00836295 0.00086866 0.000666196 0.00743823 0.000835963 -0.000363613 0.00195469 0.00155035 -0.00197096 -0.000588309 -0.000963267 -0.00218027 0.00180909 -0.0013208 0.00433967 0.000131219 -0.00943535 0.00408395 -0.00261715 -0.00566587 -0.000406322 0.00313664 0.00360089 0.00170073 -0.00170014 0.00877952 -0.000299976 -0.0038542 -0.00527158 -0.00234163 -0.0179233 -0.00371265 -0.00329371 0.00600462 0.0061609 0.00722287 0.00693743 0.00405183 0.00286032 0.0116425 0.00125583 0.00269035 -0.00165212 -0.00383655 0.00488056 0.00681108 0.00354808 0.00169909 -0.00141228 -0.00288794 0.00250548 -0.00407221 -0.00342598 -0.00437137 -0.00511254 -0.00658673 -0.00461877 -0.00159941 -0.00113709 -0.00102949 -0.00571997 -0.00116555 -0.00210601 0.00236016 -0.00255891 0.00108832 -0.0029764 -0.00123523 -0.00407503 -0.00885208 -0.0152067 -0.00333177 -0.00304036 -0.00628613 -0.0012398 -0.00236772 0.00153633 -0.00414757 -0.00368088 -0.00834473 -0.00281638 -0.00457895 0.00325608 0.000650288 -0.00137485 0.00119674 0.00183427 -0.00040605 0.00965132 0.00410036 -0.00170373 0.0054865 0.00738308 0.00960738 0.00268211 -0.000564368 0.0132417 0.0166142 -0.000565256 -0.0036196 -0.00877328 0.000132429 -0.000748728 -0.00950472 0.000862518 0.00347918 -0.00233545 -0.00605824 0.00419249 -0.00181087 0.00734472 0.00992135 -0.00074757 9.25553e-05 -0.00181737 -0.00047022 -0.00129866
internal_weight=138197 121796 114081 16401 3159 1102 657 59995 54086 39302 735 14784 14342 442 14108 6808 7300 7074 2197 1997 6397 4447 1950 4230 1399 776 430 546 1571 919 19281 4877 4604 652 40714 411 38567 7715 3970 3745 424 3546 3396 13242 12972 7039 6796 1767 1532 2057 2052 1601 634 451 5933 2406 3527 1911 33981 5341 964 4377 4107 3708 3400 2395 1855 1005 28640 27983 657 27400 10658 977 9681 999 8682 3367 5315 723 451 4592 2556 912 1644 1440 805 3998 3773 590 3183 551 1435 12347 2623 9724 7554 3800 623 773 636 2552 1501 1236 1051 719 785 554 16742 1256 532 3516 2889 449 2440 1340 1100 707 627 568 772 557 26220 10395 2751 2036 15825
internal_count=138197 121796 114081 16401 3159 1102 657 59995 54086 39302 735 14784 14342 442 14108 6808 7300 7074 2197 1997 6397 4447 1950 4230 1399 776 430 546 1571 919 19281 4877 4604 652 40714 411 38567 7715 3970 3745 424 3546 3396 13242 12972 7039 6796 1767 1532 2057 2052 1601 634 451 5933 2406 3527 1911 33981 5341 964 4377 4107 3708 3400 2395 1855 1005 28640 27983 657 27400 10658 977 9681 999 8682 3367 5315 723 451 4592 2556 912 1644 1440 805 3998 3773 590 3183 551 1435 12347 2623 9724 7554 3800 623 773 636 2552 1501 1236 1051 719 785 554 16742 1256 532 3516 2889 449 2440 1340 1100 707 627 568 772 557 26220 10395 2751 2036 15825
cat_boundaries=0 3 6 9 10 11 12 14 15 18 19 20 23 26 27 29 30 31 32 33 34 35 38 41 42 45 46 48 49 50 51 52 53 56 57 58 59 60 61 62 65 66 67 68 69 70 71 72 73 76 77 79 80 81 82 83 84 85 86 87 88
cat_threshold=268494848 3776 4464651 56754176 67182592 9961472 134217728 172228624 17040 458 136 12 1281 2147483648 1028 1028 536870912 34816 38 201 512 0 32768 8388608 536887296 1024 128 1 16384 513 12 1800 262401 1820 952 33685504 67174400 1048576 4194304 8192 8912896 26 0 3200 2 2310 0 2048 962 1091 1139 3109 22 268435456 512 8193 16 707 288 1025 1153 2321 134217728 16 128 7 19 8 3736 14 5 901 262400 1027 2147483648 2048 14 134217728 4194320 3588 294 14 12 1 260 7 642 1072
is_linear=0
shrinkage=0.05


Tree=46
num_leaves=128
num_cat=55
split_feature=2 2 2 6 10 4 7 10 10 0 10 4 10 7 8 6 6 4 2 2 4 10 10 8 7 0 2 4 7 8 7 4 7 6 3 8 3 4 9 9 2 6 10 3 9 3 7 4 3 3 8 8 7 4 3 4 2 4 3 10 3 3 4 7 3 4 10 4 4 7 7 3 10 2 4 9 6 3 9 10 4 7 7 3 4 9 9 7 7 3 4 9 9 10 8 8 8 10 7 8 4 9 9 9 9 7 8 6 7 10 4 4 3 7 3 4 4 7 3 4 8 10 7 10 4 6 10
split_gain=295.263 25.8754 15.3317 8.9519 13.5714 9.84378 15.8035 8.74264 8.33124 17.2088 9.40711 13.8087 12.9908 9.31163 8.19337 7.83733 7.82018 7.78559 25.7926 11.8721 10.8872 7.92914 7.70365 7.53281 13.3617 7.19305 8.87074 7.45553 8.50244 6.99761 8.06537 13.6058 13.0799 12.4544 11.869 11.2761 15.0416 8.06253 9.22619 7.48905 7.29453 6.93242 6.91032 6.41355 6.73994 6.25854 6.2522 13.1339 7.69099 7.29966 6.20269 11.4436 6.59341 16.5593 13.566 13.787 13.0322 10.3275 6.54785 6.17397 8.3873 6.09509 12.4641 5.75437 11.9148 9.40824 8.71371 12.1551 7.8558 7.30594 7.08955 9.508 7.01691 6.72119 8.52955 9.74414 6.70296 10.9134 6.39167 9.24372 6.21046 7.85358 5.90229 5.69011 12.4555 9.59873 6.10397 6.40761 5.67914 5.6635 10.5314 9.10097 9.37424 8.77254 11.7407 8.27925 11.7433 8.05929 7.74809 9.57442 8.6571 6.89994 7.63917 6.60621 19.753 11.6366 21.7702 11.2778 11.9433 21.5962 14.7554 10.5772 8.43845 7.62655 7.61989 9.1273 8.59 6.93236 7.47154 10.9378 6.62444 6.00921 8.58945 7.37359 6.00045 5.84851 5.67768
threshold=0 1 2 2016.5000000000002 265.50000000000006 3 16.500000000000004 200.50000000000003 299.50000000000006 4 265.50000000000006 5 248.00000000000003 19.500000000000004 197.50000000000003 2021.5000000000002 2017.5000000000002 6 7 8 9 204.50000000000003 322.50000000000006 349.50000000000006 12.500000000000002 10 11 12 10.500000000000002 12.500000000000002 11.500000000000002 13 26.500000000000004 2016.5000000000002 14 93.500000000000014 15 16 2174.5000000000005 1908.0000000000002 17 2017.5000000000002 1696.5000000000002 18 2016.0000000000002 19 20.500000000000004 20 21 22 351.50000000000006 345.50000000000006 10.500000000000002 23 24 25 26 27 28 1477.0000000000002 29 30 31 26.500000000000004 32 33 1392.0000000000002 34 35 30.500000000000004 29.500000000000004 36 297.50000000000006 37 38 2206.5000000000005 2018.5000000000002 39 2206.5000000000005 1594.5000000000002 40 28.500000000000004 7.5000000000000009 41 42 2119.5000000000005 2119.5000000000005 6.5000000000000009 6.5000000000000009 43 44 2093.5000000000005 2385.5000000000005 1605.0000000000002 185.50000000000003 197.50000000000003 207.50000000000003 1047.0000000000002 23.500000000000004 20.500000000000004 45 2329.5000000000005 2159.5000000000005 1962.0000000000002 2005.0000000000002 23.500000000000004 178.50000000000003 2019.5000000000002 10.500000000000002 1579.5000000000002 46 47 48 24.500000000000004 49 50 51 2.5000000000000004 52 53 192.50000000000003 1594.5000000000002 18.500000000000004 1534.0000000000002 54 2020.5000000000002 1611.0000000000002
decision_type=9 9 9 2 2 1 2 2 2 9 2 1 2 2 2 2 2 1 9 9 1 2 2 2 2 9 9 1 2 2 2 1 2 2 9 2 9 1 2 2 9 2 2 9 2 9 2 1 9 9 2 2 2 1 9 1 9 1 9 2 9 9 1 2 9 1 2 1 1 2 2 9 2 9 1 2 2 9 2 2 1 2 2 9 1 2 2 2 2 9 1 2 2 2 2 2 2 2 2 2 1 2 2 2 2 2 2 2 2 2 1 1 9 2 9 1 1 2 9 1 2 2 2 2 1 2 2
left_child=3 17 7 4 5 -1 -7 14 10 89 12 -12 15 -13 -3 25 46 19 22 -2 -20 -21 -19 24 -11 -4 27 -27 -29 -28 35 33 43 -32 -35 36 -31 -34 -39 -37 -41 45 63 44 -33 -23 50 48 -48 -49 51 52 54 -54 55 -9 -56 58 -58 -59 -61 -55 -63 73 66 -66 68 70 72 -69 71 -68 -65 74 75 88 -76 -78 79 80 81 -67 -79 84 -42 -86 87 -85 -18 90 91 98 101 94 121 -95 -97 -91 99 -10 -100 102 -93 117 105 -105 -107 113 110 -110 -109 -111 126 114 116 -116 120 -99 124 -120 -106 123 -123 -92 -119 -114 -112
right_child=1 2 8 -5 -6 6 -8 16 9 23 11 13 -14 -15 -16 -17 42 18 20 21 -22 41 -24 -25 -26 26 29 28 -30 30 31 32 37 34 -36 39 -38 38 -40 40 83 -43 -44 -45 -46 -47 47 49 -50 -51 -52 -53 53 61 56 -57 57 59 -60 60 -62 62 -64 64 65 78 67 69 -70 -71 -72 -73 -74 -75 76 -77 77 82 -80 -81 -82 -83 -84 86 85 -87 -88 -89 -90 97 93 92 -94 95 -96 96 -98 103 100 -101 -102 -103 -104 104 107 106 -108 108 109 111 112 -113 125 -115 115 -117 -118 118 119 -121 -122 122 -124 -125 -126 -127 -128
leaf_value=-0.001594738383562519 0.006428023779759583 -0.0092216828959413195 0.0053877071275666901 0.0057052251202723272 0.011066136465902094 0.00052952194558595548 0.016041932261681983 -0.0046178755212487798 0.0079868729092738584 -0.0029336921988172577 -0.0029608064137707168 0.005230186683735971 -0.0090076126060992332 0.019780921977142579 -0.00038891553000377664 0.010634616818020328 -0.010827411701647591 -0.0049881942229399769 -0.00839855373419773 -0.010757609238377966 -0.025667295844989342 0.0076926689752916666 0.0024580319651799042 -0.0013019811612497451 -0.019804478212293374 -0.0092147993985048724 0.0090048373202355862 -0.008414779705983564 0.0028602976912420271 0.00081896314163940834 -0.0082430111603995701 0.0025688872377448266 -0.0070154336526238002 0.0079214483136022095 -0.0012077316832909421 0.0078198312686685364 -0.01400939967454904 0.0081320807959262536 -0.0048680541142369117 -0.0092089827033576734 -0.012147120657723909 -0.0040492023057643088 -0.0029952736402626351 0.0035637157469513973 0.011411239191135781 -0.0018467636237992078 0.0056273208711153586 -0.0074981148435567906 -0.00036531524241398879 -0.0022857740109175832 0.0085388345886920503 -0.007934494122253874 0.0046194735623254412 0.0010837856829394655 -0.013485266578427713 0.0072736684701775675 -0.0051541037004397966 0.00077782475843899031 0.0026952607726387543 -0.0013910842492365308 -0.0083059374478276979 -0.011211158767645312 -0.00035586146889447898 0.00041158872863484761 -0.012571459102760838 -0.012092130018693196 -0.0051474889062737604 0.0017308401053940708 -0.0025157639585903346 -0.0084020095634395661 0.0002671032623087956 -0.018205480213638086 0.011061977658894181 -0.0012307388787885479 -0.00187762558835716 0.0073600813309070076 0.013667747894521055 0.0088844603951694773 -0.011710667112986241 0.0058982887734023359 -0.0004670859855114904 -0.0021952301545528174 0.00040893939748543425 0.011807352887150253 0.0097853450170148487 -0.0038108454939598836 -0.001246265180527434 0.0013953294939623622 -0.001903552348229367 -0.0059375330090117003 -0.00059046193169265643 -0.0083276631044031223 0.0029841325325341869 -0.0023949772059108808 -0.0054891350477137245 0.012384327723732824 0.00057016124423688497 0.0069228725183755162 0.010082039200764803 -0.00028186005918829163 0.00096132915629920017 -0.012513165225882986 -0.00020787849733929582 0.0032851956488373045 -0.0067626742186069847 0.023905081491950784 0.0030637722599183344 -0.007171194301918149 -0.01449059691142153 0.0025956842502944492 -0.0041119684454254332 -0.0043728938815314825 0.015198025430167418 -0.0013617579884353313 -0.0012450454547613418 0.0055873838267015185 0.0018095851946194287 0.00015472982944884421 -0.0073739319096278889 0.0009442558884008201 0.00063906729974200574 0.0010510333817903238 -0.012889816998621049 0.0091186811772899501 -0.0064643203568282882 0.0037943716415363114 0.0055847900689060797
leaf_weight=445 349 651 793 13242 2057 335 322 331 394 222 241 232 334 209 440 207 219 2477 221 313 203 269 404 264 249 388 264 246 522 331 480 310 369 437 1742 289 351 313 242 218 245 1677 6733 1743 707 443 649 865 2854 3051 228 416 2635 1969 223 873 309 618 1603 858 920 353 989 270 388 423 436 1265 396 207 236 217 362 27149 426 247 294 286 236 252 574 381 729 265 206 351 564 334 959 517 1494 435 622 2230 3004 243 1565 250 514 3141 536 219 867 1309 589 223 286 335 405 819 297 1591 249 2396 638 2098 4337 504 450 2796 621 223 219 225 1099 205 307
leaf_count=445 349 651 793 13242 2057 335 322 331 394 222 241 232 334 209 440 207 219 2477 221 313 203 269 404 264 249 388 264 246 522 331 480 310 369 437 1742 289 351 313 242 218 245 1677 6733 1743 707 443 649 865 2854 3051 228 416 2635 1969 223 873 309 618 1603 858 920 353 989 270 388 423 436 1265 396 207 236 217 362 27149 426 247 294 286 236 252 574 381 729 265 206 351 564 334 959 517 1494 435 622 2230 3004 243 1565 250 514 3141 536 219 867 1309 589 223 286 335 405 819 297 1591 249 2396 638 2098 4337 504 450 2796 621 223 219 225 1099 205 307
internal_value=-2.39922e-05 -0.000872244 -0.000701034 0.00627195 0.0086674 0.00418991 0.00801033 -0.00122196 -6.3612e-05 -0.000428418 0.00103606 0.0067514 0.000717893 0.0118572 -0.00565943 0.000990471 -0.0011446 -0.00397584 -0.00566212 -0.00213666 -0.0170673 -0.00326253 -0.00393037 -0.00795479 -0.0118526 0.00081999 0.000482818 -0.00364018 -0.000741594 0.000974332 0.000752124 0.0017796 0.00374113 -0.000948559 0.000653943 -0.00131423 -0.00700605 -0.00139781 0.00241995 0.000256083 -0.000745256 -0.0022942 -0.0015252 0.00547511 0.00863106 0.00183943 -0.000321784 -0.00146859 0.000757797 -0.00345329 0.000368533 0.000214542 0.000504756 0.0016714 -0.000704813 0.00399337 -0.00195773 -0.00133117 0.0014065 -0.00351259 -0.00502361 -0.000686644 -0.00327304 -0.00124989 -0.0027159 -0.00552338 -0.000829928 -0.00250533 0.00300989 0.000303844 -0.00708052 -0.00984445 0.00641054 -0.000976944 0.00120361 -0.00165768 0.00354968 0.00534306 -0.00399866 -0.0029066 -0.00451679 -0.00731125 0.00276983 0.000239369 -0.00297948 0.00119607 0.00246555 0.00600165 -0.00356257 -0.000281648 -0.00100151 0.000501983 -0.00218713 -0.00210001 -0.00346724 -0.000356391 0.00215802 0.000232351 0.00175995 0.000639747 0.00553131 -0.00430187 -0.00292071 0.000378753 0.00085959 0.00577964 0.0121946 0.000258753 -0.00193358 -0.00380741 0.0018531 -0.00201211 0.00473355 0.00112263 0.00184128 0.00399542 0.000770184 -0.00119653 -0.00161514 -0.000228018 -0.00293963 -0.000656611 -0.00585631 0.000680368 -0.00439516 0.00983223 0.000803381
internal_weight=138197 121796 115440 16401 3159 1102 657 63520 51920 38987 12933 682 12251 441 1091 11917 62429 6356 3305 3051 424 2702 2881 735 471 11710 10917 1156 768 9761 9497 6343 3684 2659 2179 3154 682 924 555 2472 2183 2389 42685 2760 1017 712 19744 7419 3503 3916 12325 12097 11681 5946 5735 1204 4531 4308 1912 2396 1778 3311 1342 35952 5643 2254 3389 2361 1028 1472 889 653 632 30309 3160 1425 1735 1309 1866 1630 1378 804 1015 1965 802 557 1163 599 1178 38252 15931 6728 2143 9203 5165 4038 1808 22321 4585 3535 1050 1521 1302 21804 16705 1818 509 14887 4208 2815 1393 2410 1058 10679 8283 2736 5547 5099 4849 3246 1210 2161 442 1719 1603 454 604
internal_count=138197 121796 115440 16401 3159 1102 657 63520 51920 38987 12933 682 12251 441 1091 11917 62429 6356 3305 3051 424 2702 2881 735 471 11710 10917 1156 768 9761 9497 6343 3684 2659 2179 3154 682 924 555 2472 2183 2389 42685 2760 1017 712 19744 7419 3503 3916 12325 12097 11681 5946 5735 1204 4531 4308 1912 2396 1778 3311 1342 35952 5643 2254 3389 2361 1028 1472 889 653 632 30309 3160 1425 1735 1309 1866 1630 1378 804 1015 1965 802 557 1163 599 1178 38252 15931 6728 2143 9203 5165 4038 1808 22321 4585 3535 1050 1521 1302 21804 16705 1818 509 14887 4208 2815 1393 2410 1058 10679 8283 2736 5547 5099 4849 3246 1210 2161 442 1719 1603 454 604
cat_boundaries=0 3 6 9 10 11 12 13 15 18 19 20 22 23 24 25 26 27 30 31 32 33 34 35 36 37 38 41 42 43 44 45 46 47 48 49 50 51 54 55 56 57 58 59 60 61 62 63 64 65 66 67 68 69 70 71
cat_threshold=268494848 3776 4464651 56754176 73728 8912896 134217984 239337488 1065616 458 136 42 952 33685504 65536 4194304 8192 8912896 2051 8 512 536887296 596 1921 2 24 34 8388612 2147483648 34816 24 5 1244 8 4 3625 4 3104 0 0 128 376 2 24 25 144 28 1056 1233 1953 20 256 262144 1048704 837 68 2563 17 2432 10 1301 261 1056 266 17 20 1288 642 1 257 1285
is_linear=0
shrinkage=0.05


Tree=47
num_leaves=128
num_cat=51
split_feature=2 2 2 10 0 10 10 4 7 3 10 9 8 8 10 7 1 8 10 4 2 10 10 7 9 9 4 3 4 4 9 7 7 9 4 0 8 8 2 2 9 4 8 4 3 1 9 7 7 4 4 8 7 4 10 9 8 8 9 7 10 7 3 8 7 4 10 3 8 7 7 8 7 3 3 2 7 3 4 4 2 9 7 7 3 7 8 2 8 10 10 0 4 3 10 10 4 7 7 10 3 4 4 10 3 3 2 3 10 3 7 3 4 9 9 10 8 8 8 10 9 9 7 8 7 4 7
split_gain=266.394 23.6213 12.7031 7.60918 15.5382 8.61435 14.2672 11.6029 8.46104 7.53226 7.27178 8.13139 7.79332 7.14836 6.91388 20.699 30.296 10.5934 7.71475 9.57224 11.5921 7.49852 6.71103 7.29979 15.9895 11.6575 12.3244 8.06827 20.8695 8.97034 9.71989 10.9508 9.15264 7.66195 6.64748 6.55781 10.0401 9.29013 11.1285 8.23456 8.54199 8.73765 10.2522 7.80079 7.34746 7.1318 6.93595 8.38313 14.6475 6.31896 6.21534 13.8604 8.95171 9.45899 9.23705 7.90615 7.78584 8.53265 13.9249 18.5121 7.19907 16.2823 13.7785 11.6423 7.29429 8.81594 6.65593 17.4829 9.66684 8.56292 11.9979 11.5643 8.73185 7.56045 5.97432 5.94234 5.88155 5.99031 9.50408 8.91932 6.01808 7.4896 6.84571 6.53294 8.49754 6.13564 5.78422 6.03316 8.49316 6.81334 20.6335 6.05963 5.6305 5.58599 7.76677 5.4733 7.11925 5.45961 5.38549 14.6261 7.39188 9.77561 7.87661 11.5351 10.3843 7.43549 5.9843 5.36914 5.2611 8.32 5.07312 5.04541 9.43409 8.2189 8.46026 7.81945 10.7958 7.47202 10.5983 7.45874 7.61044 17.694 10.502 19.6476 7.52216 15.6819 10.6657
threshold=0 1 2 299.50000000000006 3 265.50000000000006 248.00000000000003 4 19.500000000000004 5 1703.0000000000002 2385.5000000000005 6.5000000000000009 356.50000000000006 163.50000000000003 8.5000000000000018 6 12.500000000000002 259.50000000000006 7 8 322.50000000000006 203.50000000000003 26.500000000000004 1896.5000000000002 2385.5000000000005 9 10 11 12 2206.5000000000005 28.500000000000004 27.500000000000004 2074.5000000000005 13 14 12.500000000000002 74.500000000000014 15 16 1864.0000000000002 17 321.50000000000006 18 19 20 1962.0000000000002 20.500000000000004 8.5000000000000018 21 22 237.50000000000003 3.5000000000000004 23 1181.0000000000002 2010.0000000000002 235.50000000000003 228.50000000000003 1998.5000000000002 7.5000000000000009 1553.5000000000002 5.5000000000000009 24 93.500000000000014 3.5000000000000004 25 1574.5000000000002 26 83.500000000000014 11.500000000000002 13.500000000000002 192.50000000000003 7.5000000000000009 27 28 29 10.500000000000002 30 31 32 33 2170.0000000000005 15.500000000000002 28.500000000000004 34 27.500000000000004 35.500000000000007 35 99.500000000000014 135.00000000000003 259.50000000000006 36 37 38 1611.0000000000002 76.500000000000014 39 18.500000000000004 4.5000000000000009 137.50000000000003 40 41 42 126.50000000000001 43 44 45 46 1630.0000000000002 47 18.500000000000004 48 49 2093.5000000000005 2385.5000000000005 1605.0000000000002 185.50000000000003 197.50000000000003 207.50000000000003 372.00000000000006 1962.0000000000002 2005.0000000000002 23.500000000000004 178.50000000000003 15.500000000000002 50 27.500000000000004
decision_type=9 9 9 2 9 2 2 1 2 9 2 2 2 2 2 2 9 2 2 1 9 2 2 2 2 2 1 9 1 1 2 2 2 2 1 9 2 2 9 9 2 1 2 1 9 9 2 2 2 1 1 2 2 1 2 2 2 2 2 2 2 2 9 2 2 1 2 9 2 2 2 2 2 9 9 9 2 9 1 1 9 2 2 2 9 2 2 9 2 2 2 9 1 9 2 2 1 2 2 2 9 1 1 2 9 9 9 9 2 9 2 9 1 2 2 2 2 2 2 2 2 2 2 2 2 1 2
left_child=10 14 22 5 111 6 35 -7 -9 -6 12 -12 -1 76 15 -2 -17 -16 -19 -20 -21 75 95 50 34 27 107 28 -26 -29 33 32 -32 49 -25 37 -37 -4 -39 -38 44 45 46 -40 -41 -42 47 48 -43 -31 51 56 53 54 -52 -56 57 58 59 -24 -60 62 63 -62 65 -64 67 -63 97 72 71 -71 73 -70 -59 -22 86 78 -78 -79 83 82 -82 84 -81 -84 -14 88 -88 91 -91 -89 -35 -94 -95 96 -3 -68 99 -48 101 -100 103 105 -104 -102 -106 -27 109 -72 -111 112 113 -5 -115 116 -114 -117 -119 -113 -121 122 -122 -124 -123 126 -126
right_child=1 2 3 4 9 7 -8 8 -10 -11 11 -13 13 -15 17 16 -18 18 19 20 21 -23 23 24 25 26 -28 29 -30 30 31 -33 -34 92 -36 36 39 38 43 40 41 42 -44 -45 -46 -47 98 -49 -50 -51 52 -53 -54 -55 55 -57 -58 74 60 -61 61 66 64 -65 -66 -67 68 -69 69 70 108 -73 -74 -75 -76 -77 77 79 -80 80 81 -83 85 -85 -86 -87 87 89 -90 90 -92 -93 93 94 -96 -97 -98 -99 100 -101 102 -103 104 -105 106 -107 -108 -109 -110 110 -112 119 115 114 -116 117 -118 118 -120 120 121 124 123 -125 125 -127 -128
leaf_value=0.014722756424505082 -0.017940849519687371 0.005441453706642444 -0.0076682623182843281 0.0016731584388954412 -0.0033609426110676487 -0.0024299720664902663 -0.0093127463237880331 0.0047121820491815274 0.01826338121468429 -0.013915516867750539 0.011222375875974688 0.0059710814152113415 -0.0024521991023905686 -0.0016014465396728666 0.0076040121267211928 -0.015580220356560696 0.0071516889122152788 -0.0012326169575229958 -0.0023369642471618192 -0.015038022920715238 -0.0095564575676571548 0.00039756567109309674 0.0011138842267024776 0.010069675803585115 -0.0060382492611705581 0.012171002552614676 -0.0050045500298402292 -0.0077412280696031498 0.0071649944270941492 -0.010902084599989821 -0.0095174588225189552 -0.014599185291098783 0.0036684564031552662 0.0080952592335323589 0.0010568085626802988 0.010819826628098132 0.0070996771438423464 -0.0077977917337254694 0.0072284617673371038 -0.0033955331190233017 0.0092175064795746425 0.00038205304022928977 0.0085854787414914764 -0.001141957403424783 0.0066898116924433391 0.001514336746979662 -0.012231855536067187 0.0014450288279298342 -0.016476280833398593 -0.0029686035244763987 0.01260154967564104 0.010414668431323475 -0.0014730697706572913 -0.0014655887118199028 -0.0014319209673465426 0.0059530442038047355 -0.0076555551697864476 0.011140625133336194 0.0015606639373001387 -0.015018394056316504 0.0055064355709196029 0.0023452351845600467 -0.012233666405005412 -0.0056155084398644113 -0.014416641256283606 0.0009668766899162143 -0.00020634861197681636 -0.014030062775986257 0.0062425249520366875 -0.013058130874630217 0.0051971187617196627 0.001577135270129355 0.0081715199980505922 -0.005509027664365963 0.0021720053114303909 -0.0024194478255075555 0.0083429229702315384 0.0096606667083496758 0.0027851869779325668 -0.0010773232642278662 0.017243997211009263 0.00083009888719621507 0.0052159865592302642 -0.0033840101836672565 0.0072271353501917844 0.015179331724245388 0.012439639727671358 0.011088620001208728 0.0044749673244546912 -0.014268536486883383 0.0033050654022927489 -1.2660617277948956e-05 0.0028008623692942058 -0.008509360752110574 0.0020834598821192125 -0.00866073416695343 -0.0069467560312430551 -0.0054915150653479421 0.011497863652903412 0.0050002915809949488 0.0010470375433993438 -0.00041971261244502529 -0.011730432409985295 -0.0017021706480195506 0.0029308503626139259 0.013755445128942773 -0.0052671170761192619 0.0025122860230928274 0.0034077704966987005 0.0020082116672383238 -0.0071538425556947165 -0.0088794110774066751 -0.00058192892759974387 -0.0040867784920162794 0.0028349260796217842 -0.0022752283334747489 -0.0052146783252507104 0.011765111648523605 0.00054165321071974386 -0.0013387491279155004 0.0031209358906891336 0.0014239190583964032 0.022709827116302178 0.0029105831066250699 0.0034589064678104374 -0.0027184581618312207 -0.0032927237123052087
leaf_weight=224 309 210 488 4585 452 250 347 243 219 283 1278 1742 333 363 236 234 358 3149 2560 361 851 448 345 262 648 229 396 1626 539 293 283 370 246 201 859 280 551 317 504 219 330 221 263 607 956 2722 313 265 309 1666 257 312 30598 1636 714 736 345 232 4714 367 417 385 234 540 410 267 1297 272 250 292 348 251 889 279 873 477 1138 2302 2450 435 250 281 601 286 1066 208 449 314 1315 207 865 208 602 387 313 531 236 784 288 203 233 414 322 1030 425 236 448 407 1850 222 473 223 2163 1521 622 2230 3004 243 1565 5312 1309 7252 223 286 2454 4508 768
leaf_count=224 309 210 488 4585 452 250 347 243 219 283 1278 1742 333 363 236 234 358 3149 2560 361 851 448 345 262 648 229 396 1626 539 293 283 370 246 201 859 280 551 317 504 219 330 221 263 607 956 2722 313 265 309 1666 257 312 30598 1636 714 736 345 232 4714 367 417 385 234 540 410 267 1297 272 250 292 348 251 889 279 873 477 1138 2302 2450 435 250 281 601 286 1066 208 449 314 1315 207 865 208 602 387 313 531 236 784 288 203 233 414 322 1030 425 236 448 407 1850 222 473 223 2163 1521 622 2230 3004 243 1565 5312 1309 7252 223 286 2454 4508 768
internal_value=-2.32477e-05 -0.000826568 -0.000630049 -5.60803e-05 -0.0004053 0.000991373 0.000681627 0.00633841 0.0108999 -0.00755705 0.00597484 0.00819332 0.0054754 0.00531693 -0.00329299 -0.00745114 -0.00197593 -0.0028335 -0.00314745 -0.00443121 -0.00689678 -0.00516701 -0.00112016 -0.00105332 -0.00233864 -0.0031038 0.00186497 -0.00381857 -3.30711e-05 -0.00456142 -0.00336083 -0.00800078 -0.00338563 -0.00216565 0.00326255 0.000971986 0.00148342 -0.00170361 0.000322804 0.00121676 0.000855662 0.000273411 -0.00101964 0.00268585 0.00483811 0.00237463 -0.00155849 -0.00581611 -0.00944667 -0.00422599 -0.000816344 -2.46338e-05 -0.00120432 0.00125196 0.00384254 0.00231659 -0.000224028 -6.36958e-05 -0.000378374 -0.00720149 -3.56294e-05 -0.000831076 -0.00501296 -0.000761314 -0.00936809 -0.00542353 0.000197869 -0.00461204 0.000653545 0.00187584 0.000526742 -0.00629303 0.00514487 5.85019e-05 0.00417549 -0.00708312 0.00551455 0.00620275 0.00456621 0.00726255 0.00547196 0.00802694 0.0100124 0.00352207 0.00486142 0.00777764 0.00383328 0.00445659 0.0064656 0.00217908 -8.83447e-05 0.0068773 0.000519779 -0.000706457 -0.00371972 -0.00523094 -0.00114749 -0.00219749 -0.00069325 -0.00545254 2.98928e-05 0.00456237 -0.00116379 0.00124919 -0.00417587 0.0077575 -0.00128813 0.0061246 0.00180677 -0.00103296 -0.0041673 -0.000265894 -0.000945367 0.000477703 -0.00207777 -0.00198489 -0.00327533 -0.000338571 0.00205012 0.000219024 0.000310881 0.000832478 0.00549066 0.0115849 0.000267228 -0.000817937 0.00184386
internal_weight=138197 121882 112899 52006 39003 13003 12291 712 462 735 16315 3020 13295 13071 8983 901 592 8082 7846 4697 2137 1776 60893 59916 9327 8206 1032 7174 1187 5987 4361 899 529 3462 1121 11944 10028 1916 1428 9748 9197 8022 4970 1111 1175 3052 4707 795 530 1959 50589 16648 33941 3343 1707 1450 16336 15991 14886 712 14174 9460 1868 957 911 501 7592 657 6935 4854 3436 543 1418 529 1105 1328 12708 9017 3588 5429 3127 1340 1059 1787 1501 809 3691 3358 1764 1594 1072 522 1503 1302 700 977 446 2081 3912 516 3396 702 2694 1499 1195 469 873 636 2893 1043 695 38268 15933 6728 2143 9205 5167 4038 1808 22335 22112 16800 1818 509 14982 7730 3222
internal_count=138197 121882 112899 52006 39003 13003 12291 712 462 735 16315 3020 13295 13071 8983 901 592 8082 7846 4697 2137 1776 60893 59916 9327 8206 1032 7174 1187 5987 4361 899 529 3462 1121 11944 10028 1916 1428 9748 9197 8022 4970 1111 1175 3052 4707 795 530 1959 50589 16648 33941 3343 1707 1450 16336 15991 14886 712 14174 9460 1868 957 911 501 7592 657 6935 4854 3436 543 1418 529 1105 1328 12708 9017 3588 5429 3127 1340 1059 1787 1501 809 3691 3358 1764 1594 1072 522 1503 1302 700 977 446 2081 3912 516 3396 702 2694 1499 1195 469 873 636 2893 1043 695 38268 15933 6728 2143 9205 5167 4038 1808 22335 22112 16800 1818 509 14982 7730 3222
cat_boundaries=0 3 6 9 10 11 12 13 14 16 17 18 19 20 21 22 25 28 29 30 31 32 33 34 35 36 37 38 39 40 42 43 44 45 48 49 52 53 54 55 56 57 58 59 60 61 62 63 64 65 66 67
cat_threshold=268492800 3776 4202507 56754176 71639040 9961472 134217984 167772176 17040 136 42 28 335544320 1832 4194304 67117056 100 16 835 1184 384 16 512 16384 32768 0 16384 262144 2090 2850 1 8454656 513 1632 2074 22 64 14 20 4 0 65536 10 2185 3124 0 1536 9 16 0 2048 4194307 64 260 10 1079 66 261 1600 16 12 1025 12 20 10 1301 2574
is_linear=0
shrinkage=0.05


Tree=48
num_leaves=128
num_cat=41
split_feature=2 2 2 6 1 10 0 10 10 4 7 6 8 6 7 4 4 0 2 4 4 7 10 8 8 4 2 6 10 8 0 8 7 4 7 6 10 8 8 2 6 9 2 4 9 4 2 4 6 10 9 9 4 9 8 2 7 4 7 4 8 9 2 4 10 7 4 4 8 10 9 2 2 9 9 9 9 10 4 7 7 6 4 7 4 6 7 7 7 10 2 7 10 4 7 7 9 7 9 6 7 9 10 7 4 9 7 7 10 6 2 10 10 10 2 9 8 2 7 8 7 8 8 8 6 8 6
split_gain=240.515 21.5775 12.5179 7.65919 11.7475 6.8814 14.0701 7.79331 22.0651 13.407 7.66831 7.0979 6.80854 6.78944 7.70698 15.7945 6.77082 6.71616 7.57388 6.8335 6.59778 6.47376 6.44926 6.85362 11.0625 6.69987 7.00276 6.62708 6.33443 6.20624 5.73875 5.67798 6.99709 11.7403 12.0621 11.4373 10.7058 10.1922 9.14341 8.40226 6.99329 6.23539 6.63121 6.09763 5.57712 7.06987 12.3977 19.9013 5.31311 5.30588 5.29801 9.35199 7.8366 5.44965 5.2638 5.22382 5.13488 11.5179 5.67977 24.9081 9.85259 6.24666 5.69805 7.54946 6.63451 5.21932 12.6643 6.24517 6.18944 5.12354 5.75303 5.3489 5.07236 4.97512 12.4963 5.2476 8.61938 4.95828 5.71169 13.1818 4.94224 4.91243 8.69462 5.77519 11.804 4.88426 10.3359 8.92725 6.46216 7.65816 6.10024 5.40846 10.5231 7.18962 10.5167 11.8322 8.57902 11.9347 7.64373 7.59956 6.11282 7.8504 5.6849 5.02806 4.86868 5.78983 4.85049 4.69801 4.6944 4.67516 4.50525 4.40553 4.29271 5.34066 6.88729 5.08024 4.7562 4.93122 4.44452 4.25523 4.16704 4.12661 6.97608 4.11354 7.19726 6.92574 4.15112
threshold=0 1 2 2016.5000000000002 3 299.50000000000006 4 261.00000000000006 248.00000000000003 5 19.500000000000004 2021.5000000000002 24.500000000000004 2017.5000000000002 2.5000000000000004 6 7 8 9 10 11 14.500000000000002 1641.0000000000002 6.5000000000000009 10.500000000000002 12 13 2020.5000000000002 200.50000000000003 360.50000000000006 14 12.500000000000002 11.500000000000002 15 22.500000000000004 2016.5000000000002 179.00000000000003 93.500000000000014 68.500000000000014 16 2016.5000000000002 1908.0000000000002 17 18 1669.5000000000002 19 20 21 2020.5000000000002 200.50000000000003 2119.5000000000005 1998.5000000000002 22 2353.0000000000005 41.500000000000007 23 20.500000000000004 24 16.500000000000004 25 348.50000000000006 1727.0000000000002 26 27 1332.5000000000002 18.500000000000004 28 29 262.50000000000006 94.500000000000014 1864.0000000000002 30 31 1926.5000000000002 2022.5000000000002 2170.0000000000005 2353.0000000000005 59.500000000000007 32 20.500000000000004 4.5000000000000009 2016.5000000000002 33 7.5000000000000009 34 2020.5000000000002 10.500000000000002 26.500000000000004 24.500000000000004 1602.0000000000002 35 6.5000000000000009 1600.0000000000002 36 14.500000000000002 11.500000000000002 2074.5000000000005 20.500000000000004 1994.5000000000002 2019.5000000000002 17.500000000000004 1994.5000000000002 1602.0000000000002 25.500000000000004 37 2329.5000000000005 5.5000000000000009 17.500000000000004 115.50000000000001 2017.5000000000002 38 1519.5000000000002 321.50000000000006 348.00000000000006 39 2086.5000000000005 39.500000000000007 40 30.500000000000004 170.50000000000003 25.500000000000004 286.50000000000006 312.50000000000006 172.50000000000003 2021.5000000000002 181.50000000000003 2020.5000000000002
decision_type=9 9 9 2 9 2 9 2 2 1 2 2 2 2 2 1 1 9 9 1 1 2 2 2 2 1 9 2 2 2 9 2 2 1 2 2 2 2 2 9 2 2 9 1 2 1 9 1 2 2 2 2 1 2 2 9 2 1 2 1 2 2 9 1 2 2 1 1 2 2 2 9 9 2 2 2 2 2 1 2 2 2 1 2 1 2 2 2 2 2 9 2 2 1 2 2 2 2 2 2 2 2 2 2 1 2 2 2 2 2 9 2 2 2 9 2 2 9 2 2 2 2 2 2 2 2 2
left_child=3 44 13 4 20 7 109 8 11 -9 -11 17 -8 28 15 48 -6 49 19 -19 -1 -14 23 27 -25 26 -26 -16 -3 30 77 -20 37 35 36 55 40 38 54 -36 -35 -39 -43 -41 -2 -46 -47 -48 111 -4 51 -44 -53 -52 -33 -34 58 72 60 -60 61 -30 64 -64 -63 67 -67 -61 -68 71 -71 -37 -58 -42 -75 -76 -77 -5 79 -79 -54 82 121 84 -83 87 -87 88 91 -90 -89 92 106 96 95 98 97 -93 -95 -100 102 -102 -96 107 -17 -106 -28 -88 -45 -7 -51 -15 115 -114 -115 116 -27 -118 123 -119 -80 -66 -123 124 -116 126 -125
right_child=1 2 5 29 16 6 12 9 -10 10 -12 -13 21 14 22 104 -18 18 31 -21 -22 -23 -24 24 25 112 85 -29 56 -31 -32 32 33 34 39 69 -38 41 -40 43 73 42 50 108 45 46 47 -49 -50 110 53 52 80 -55 -56 -57 57 -59 59 65 -62 62 63 -65 81 66 68 -69 -70 70 -72 -73 -74 74 75 76 -78 78 120 -81 -82 83 -84 -85 -86 86 103 90 89 -91 -92 93 -94 94 100 -97 -98 -99 99 -101 101 -103 -104 -105 105 -107 -108 -109 -110 -111 -112 -113 113 114 118 -117 117 119 -120 -121 -122 122 -124 125 -126 -127 -128
leaf_value=-0.0040612759067743314 -0.010713564589842585 -0.0074636008705737545 0.012263853471973563 0.014424182836332226 0.012263431268129829 0.00055227852475862036 -0.014797337849789829 -0.0026328019163539187 -0.014482205016302725 0.0048990213122494797 0.017142178958479255 0.010080326919090183 -0.011265446021221578 -0.0025001506074771428 -0.00034977543371384357 0.009023927321816571 0.0068305624807531665 0.0010454470904000574 0.0081221517614639277 -0.0066982944485154752 0.0061284020512054373 0.00019495136211872843 -0.0029868874123642648 0.0054574705254903317 0.0035833330419892217 -0.0083084099622515208 -0.0027028588235316828 -0.010766337554581383 0.0060278026734965351 -0.0024090894455916453 0.0047049914758393041 -0.0074685060631483795 -0.013296765036045991 0.012236575646284109 0.009051917603307957 -0.0018123537429815366 0.015136568199667494 0.0071443863940457335 -0.014898708509074319 0.0039145191537084236 0.0084487807443005269 -0.0087289557570138163 -0.0059779216614650917 -0.0082646002916678812 0.00081009690244538226 -0.0031562131275619885 -0.023259996600064316 -0.0034454959896550973 0.001526137369244453 -0.0031894472243158885 -0.0052054128707621668 0.013075881464502368 0.0083846339154339845 0.0027616661978941979 0.0033115854601551229 -0.0026115142414130758 -0.0067161996223564658 -0.0031280744682461712 0.0089100854262488295 0.00011784589217973454 -0.010810104273105884 -0.0047522943586330206 -0.0026810519481474098 0.0076643079981502209 -0.0049372047107385172 -0.0078486587588186465 0.0092759206811197127 -0.0089431240788838701 -0.0013290057506377775 0.006300173870338494 -0.002120716757005417 0.0079917398655692789 0.0013029077661985149 -0.0094432481297843374 0.0090796317398503888 -0.0038233897094228685 0.0078513232259345908 -0.0010211108733169396 0.0093439751664767378 0.012520316957424466 -0.001393002567771637 0.0060487630890726342 0.0026972048205833907 0.00025799172729260619 -0.0058537544252788079 -0.0047148341255822523 0.0062356534563227893 -0.0056156163762432331 0.00045660832218702527 0.01210003657187423 0.0030156268836733827 0.0086043183395541362 0.010828184852892444 -0.010013629617211264 -0.00012017151963957352 -0.010233601768666148 -0.0020090705272183813 -0.0040518473960058634 0.003917048828685564 -0.0073817871613052824 0.0039069235366626419 -0.0041465842326146524 0.010901667195110638 0.0091344040389579381 0.00078532363841801289 0.010273001541555003 0.0050995949251596943 -0.0012348174780013458 -0.00094781486821570815 -0.00063211755599848572 0.0058367552111433726 -0.0104384866919639 0.0057405967778936338 -0.0099583636834360365 -0.0030697346551496266 -0.0074365605716927618 -0.0060706937865071288 0.0036045555280194291 -0.0073508390123871239 -0.0022657968417094678 0.00344700619573642 0.0078146736675196084 -0.0034172409366796256 0.0014400649816222681 0.0014856377462147859 -0.0012186199768013965 0.0096656181991095942
leaf_weight=276 265 307 200 224 1177 12259 214 309 237 270 243 208 200 413 259 438 1348 499 264 657 350 321 7091 607 995 298 667 372 423 266 9888 250 222 256 221 215 277 290 225 399 362 218 235 328 896 4707 203 344 369 202 614 224 201 330 207 260 200 3903 941 398 212 850 272 482 688 251 379 362 216 239 1340 385 3282 206 344 352 287 582 1574 260 362 244 2723 2040 1215 454 376 1497 423 212 234 591 269 223 278 790 1127 272 505 211 416 1110 202 355 804 201 284 478 661 26009 404 303 243 241 6055 697 423 518 330 764 370 220 372 548 1012 9313 213
leaf_count=276 265 307 200 224 1177 12259 214 309 237 270 243 208 200 413 259 438 1348 499 264 657 350 321 7091 607 995 298 667 372 423 266 9888 250 222 256 221 215 277 290 225 399 362 218 235 328 896 4707 203 344 369 202 614 224 201 330 207 260 200 3903 941 398 212 850 272 482 688 251 379 362 216 239 1340 385 3282 206 344 352 287 582 1574 260 362 244 2723 2040 1215 454 376 1497 423 212 234 591 269 223 278 790 1127 272 505 211 416 1110 202 355 804 201 284 478 661 26009 404 303 243 241 6055 697 423 518 330 764 370 220 372 548 1012 9313 213
internal_value=-2.20362e-05 -0.00078534 -0.000628346 0.00567726 0.00789505 -5.31916e-05 -0.000385291 0.000942912 0.000624929 0.00565501 0.0104939 0.000924694 -0.00719079 -0.0010996 -0.00145035 0.00122892 0.00940142 0.000762427 0.000434627 -0.00337533 0.00164261 -0.00420443 -0.00161574 -0.00132861 -0.00123059 -0.00135503 -0.00041234 -0.00649076 -0.000336842 0.00515071 0.00530662 0.00088823 0.000688349 0.00164418 0.00346318 -0.000889936 0.00598341 -0.00123604 -0.00664786 0.00022047 0.0045803 0.000255815 -0.000658877 -0.00124196 -0.00360577 -0.00330536 -0.00400113 -0.0110845 -0.00331715 0.00513851 0.000278955 0.00277494 0.00538857 -0.00242031 -0.00258562 -0.00786298 -0.000225628 -0.00126762 0.000400603 0.00250284 -0.000149074 8.81112e-05 -0.000187805 0.00394605 -0.000565048 -0.00129873 0.00139481 -0.00431416 0.00533638 0.000648434 -0.000846117 0.0045816 0.00082439 0.0033166 0.00175406 0.0041006 0.00142018 0.00724332 0.00669196 0.00312323 0.00206116 -9.13732e-05 0.00110484 -0.00145989 -0.00386187 -0.000777556 0.0017177 -0.00122406 -0.000484207 0.00434386 -0.00446385 -0.000925651 0.00209693 -0.00156976 -0.00285867 -0.00572414 0.000859414 0.00461535 -0.00193023 0.000587364 -0.00040314 -0.00195113 0.00451819 0.00413323 0.00463799 0.00265643 -0.000372789 0.00205429 -0.00334064 -0.000252635 0.00287171 -0.00585953 -0.00190017 -0.00162157 -0.00172257 -0.00375989 -0.00248049 -0.00146189 -0.00160235 0.000105334 0.00817953 -0.00228588 0.000756781 -0.00149261 -0.0024174 -0.000843863 0.00374236
internal_weight=138197 121882 115467 16315 3151 52006 39003 13003 12181 822 513 11944 735 63461 43481 2528 2525 11736 10930 1156 626 521 40953 33862 33231 32624 11969 631 19980 13164 12898 9774 9510 6354 3693 2661 2084 3156 682 1609 1807 2474 2184 1388 6415 6150 5254 547 1085 806 1966 1022 787 944 457 482 19673 7385 12288 2547 9741 9529 9106 754 8352 1606 846 760 595 2179 1579 600 3482 1551 1189 983 639 3010 2786 842 563 7502 4003 3499 1459 10974 1663 9311 7580 635 1731 6945 1220 5725 3735 1729 1990 863 939 716 2006 1526 480 1209 1443 1005 951 854 989 38268 606 716 20655 17955 17712 2700 2003 1705 17471 1282 1944 1280 592 17141 7067 10074 761
internal_count=138197 121882 115467 16315 3151 52006 39003 13003 12181 822 513 11944 735 63461 43481 2528 2525 11736 10930 1156 626 521 40953 33862 33231 32624 11969 631 19980 13164 12898 9774 9510 6354 3693 2661 2084 3156 682 1609 1807 2474 2184 1388 6415 6150 5254 547 1085 806 1966 1022 787 944 457 482 19673 7385 12288 2547 9741 9529 9106 754 8352 1606 846 760 595 2179 1579 600 3482 1551 1189 983 639 3010 2786 842 563 7502 4003 3499 1459 10974 1663 9311 7580 635 1731 6945 1220 5725 3735 1729 1990 863 939 716 2006 1526 480 1209 1443 1005 951 854 989 38268 606 716 20655 17955 17712 2700 2003 1705 17471 1282 1944 1280 592 17141 7067 10074 761
cat_boundaries=0 3 6 9 10 11 12 13 14 15 17 18 19 20 23 24 25 28 31 32 33 36 37 38 40 41 42 45 46 47 48 51 54 55 56 57 60 61 62 63 66 68
cat_threshold=268492800 3776 4202507 52559872 73728 9437184 138412288 239337488 541328 262144 136 42 1360 2755 8 512 536887296 2443 488 1256 0 171966464 524416 64 1921 2155873280 8 3072 8388612 2147483648 34816 72 272 33685504 65536 1048576 1572 202 1026 2147483648 1244 1580 0 4456448 656 2340 320 67 2155872256 8 34816 256 134217728 512 326 1030 320 256 0 16400 72 2560 262656 256 4194320 512 0 235143168
is_linear=0
shrinkage=0.05


Tree=49
num_leaves=128
num_cat=45
split_feature=2 2 2 6 10 4 7 10 0 10 10 4 7 3 6 10 10 6 0 2 4 3 4 9 10 8 8 4 7 7 10 7 6 4 4 3 10 2 3 4 4 7 10 7 7 3 7 4 7 4 8 4 9 9 3 7 10 9 10 8 9 4 2 6 4 9 7 7 8 7 7 3 4 4 9 4 7 4 7 2 2 7 9 7 8 7 7 7 9 8 7 9 9 7 7 6 9 8 7 4 7 6 3 10 8 3 10 1 10 7 6 9 9 10 2 4 3 10 3 7 10 7 8 7 4 7 0
split_gain=217.133 19.5085 11.3898 6.92929 10.8032 9.23499 14.3628 6.21121 12.6982 7.02819 19.9143 12.1081 6.92065 6.74746 6.40557 6.12924 13.1706 6.47601 6.0655 6.84492 6.17739 5.99537 8.91436 10.0011 6.92889 5.60141 5.57852 5.56933 7.7263 7.77584 5.62101 5.51712 8.15757 11.0651 10.1799 6.969 6.57552 5.32769 6.69213 7.43416 6.88026 9.76474 6.23966 6.4084 5.97774 5.30388 10.9003 11.2636 10.0597 13.3441 10.7918 9.63112 10.3305 10.3397 19.0832 29.2083 9.35107 8.78653 10.1925 7.77446 6.97193 13.9465 7.34011 8.37218 13.0044 6.64204 6.6376 6.24946 8.40953 6.02486 10.7643 8.02798 7.88382 6.70525 6.01247 7.282 7.79986 5.92 5.90387 7.31689 5.79905 5.61937 9.95827 5.33454 7.07024 6.32509 16.1724 9.60224 9.79258 14.3282 5.26074 8.56531 9.9938 8.3632 20.5987 9.92944 6.28804 5.1238 6.31287 10.614 10.87 10.368 10.2174 9.66203 9.20091 13.2035 8.07313 6.54145 6.62214 11.562 6.31144 5.62593 6.11171 6.5056 9.42969 6.2244 8.42377 12.9614 5.29269 5.23924 7.53144 5.07533 5.05282 4.95973 14.5843 7.24954 7.62509
threshold=0 1 2 2016.5000000000002 1384.0000000000002 3 17.500000000000004 299.50000000000006 4 261.00000000000006 248.00000000000003 5 19.500000000000004 6 2021.5000000000002 163.50000000000003 76.500000000000014 2017.5000000000002 7 8 9 10 11 2010.0000000000002 251.00000000000003 360.50000000000006 68.500000000000014 12 9.5000000000000018 16.500000000000004 261.00000000000006 3.5000000000000004 2020.5000000000002 13 14 15 1641.0000000000002 16 17 18 19 9.5000000000000018 224.00000000000003 20.500000000000004 23.500000000000004 20 26.500000000000004 21 4.5000000000000009 22 10.500000000000002 23 1828.0000000000002 2005.0000000000002 24 14.500000000000002 1579.5000000000002 1900.5000000000002 1181.0000000000002 239.50000000000003 2005.0000000000002 25 26 2018.5000000000002 27 2329.5000000000005 14.500000000000002 12.500000000000002 130.50000000000003 10.500000000000002 18.500000000000004 28 29 30 2174.5000000000005 31 15.500000000000002 32 12.500000000000002 33 34 9.5000000000000018 1988.5000000000002 13.500000000000002 17.500000000000004 17.500000000000004 18.500000000000004 14.500000000000002 2119.5000000000005 258.50000000000006 12.500000000000002 2143.5000000000005 2074.5000000000005 18.500000000000004 16.500000000000004 2018.5000000000002 2159.5000000000005 12.500000000000002 11.500000000000002 35 22.500000000000004 2016.5000000000002 36 179.00000000000003 93.500000000000014 37 161.50000000000003 38 113.50000000000001 19.500000000000004 2016.5000000000002 1908.0000000000002 1998.5000000000002 122.50000000000001 39 40 41 174.50000000000003 42 21.500000000000004 151.50000000000003 25.500000000000004 270.50000000000006 6.5000000000000009 43 9.5000000000000018 44
decision_type=9 9 9 2 2 1 2 2 9 2 2 1 2 9 2 2 2 2 9 9 1 9 1 2 2 2 2 1 2 2 2 2 2 1 1 9 2 9 9 1 1 2 2 2 2 9 2 1 2 1 2 1 2 2 9 2 2 2 2 2 2 1 9 2 1 2 2 2 2 2 2 9 1 1 2 1 2 1 2 9 9 2 2 2 2 2 2 2 2 2 2 2 2 2 2 2 2 2 2 1 2 2 9 2 2 9 2 9 2 2 2 2 2 2 9 1 9 2 9 2 2 2 2 2 1 2 9
left_child=3 21 15 4 5 -1 26 9 -9 10 14 -11 -13 -10 18 16 -3 -17 -4 20 -20 22 24 -24 -2 37 -7 28 -23 -30 -31 32 34 -34 -19 -35 45 38 39 44 -40 -42 43 -43 -5 46 48 59 49 -33 -50 52 121 54 -54 -56 -49 58 66 -48 61 -59 63 -62 -65 78 -52 68 -60 71 73 -63 -72 -71 80 -76 -77 -69 79 -53 90 -81 -83 -80 -85 87 -87 -86 89 -89 91 92 -64 94 95 -92 -95 -21 104 101 103 -100 -103 110 105 -99 118 108 109 -104 -101 -106 -113 114 -114 -115 -117 -118 -102 120 -110 -47 -61 124 -29 -125 -127
right_child=1 2 7 25 -6 6 -8 8 13 11 -12 12 -14 -15 -16 17 -18 31 19 97 -22 27 23 -25 -26 -27 -28 123 29 30 -32 36 33 35 -36 -37 -38 -39 40 -41 41 42 -44 -45 -46 51 47 56 50 -51 57 65 53 -55 55 -57 -58 60 67 122 62 69 74 64 -66 -67 -68 77 -70 70 72 -73 -74 -75 75 76 -78 -79 83 81 -82 82 -84 84 85 86 -88 88 -90 -91 93 -93 -94 96 -96 -97 -98 98 99 100 106 102 107 -105 111 -107 -108 -109 119 -111 -112 112 113 115 -116 116 117 -119 -120 -121 -122 -123 -124 125 -126 126 -128
leaf_value=-0.0018475920302156298 -0.0090562511743000462 0.00050339402671926807 0.0048832071623502431 0.01108906057705893 0.0099700559908685246 0.006060492467508994 0.01405197378147356 -0.0002400032840118486 -0.0028737605506054319 -0.0025052885452670785 -0.013758094971881638 0.0046540702488790785 0.016285070275922339 -0.012838244321835529 0.0095763105899095546 -0.0002400382678732173 -0.011677287960851409 -0.0065209412404270044 0.00099420169371130834 0.007716044446516951 -0.0063684009183812579 -0.010919993259864282 -0.0031870650838205028 -0.014277136367249116 0.0023344121310182324 -0.0022886353916019425 -0.0049488894641399389 0.011747091199504213 0.0030600222226396944 -0.0011667132212101843 -0.0099382023372913183 0.0013272175714961105 0.012299256966034712 0.0067714840062050186 0.00072454867336993836 -0.0026886856977868748 -0.0029144636622796035 0.0044598548845470693 0.014024163013741179 -0.00032907518954424745 0.016455622195504237 -0.0012116583545629699 0.011273865235346424 0.0076143036880703804 0.00076507496995390195 0.0033791428025581024 -0.016883492830316895 -0.0043206285350345522 0.0082459363940299724 -0.015749947214585669 -0.0036251000861855266 0.0087646787589769955 0.0041420414407671554 0.00087324919475660926 -0.019748396537085353 -0.0015313590679576167 0.0059597946689936565 0.014085869026034488 -0.015460487277875582 -0.00062124818889012124 -0.0039557698131452695 0.011954706394070737 -0.0075786263706770071 -0.0016651923698748673 0.014434932460393896 -0.0072467602398693064 0.0081368434952800075 -0.0073315366138592235 -0.0038641617850864634 -0.011208932377517175 -0.0023932971578796169 -0.00065857372213773717 0.0076291657808813937 -0.0012665745791911836 -0.0038794746699590075 0.00012611375668467918 0.013122748779717853 -1.0118450234286895e-05 -0.0084553691799967336 -0.0018872903427788468 -0.011037256558821868 0.0093380225904443909 -0.001086899411825397 0.0049409766322490896 0.0025860206026077689 0.0077803168981877531 -0.0023447889861007635 -0.017938754918972958 0.0020140641523566818 -0.0042559333952365743 -0.0071653009742840765 -0.011807850453690415 0.0036246472364418435 -0.0051741052880298552 0.013026611005363901 0.0033098339054309432 0.0038516219205982785 0.0010022237572253647 -0.0074863372277613367 0.011624746868074 0.0088301484491978954 0.0073602816542887627 0.0026437193999011622 0.014379739666034869 0.0067871669382218213 -0.012877850921068683 -0.0058233894747599978 0.0070745182225783899 0.0016322481310014595 -0.012553388434271173 0.00315076558252013 -0.007965075737607491 0.0085689223159299763 -0.0066820648337727623 -0.0044205779203080704 -0.0053677579593810415 0.010605546693379224 -0.0052167505547226047 0.00058754177034634001 0.0036318454566469207 -0.010979065403346859 0.011997250269194404 -0.0099740091052372016 -0.010220431238940016 -0.0046711724274471145 0.0070741143370606791 -0.0023473349188713154
leaf_weight=445 203 477 806 426 1843 256 398 38268 452 309 237 270 243 283 208 19750 415 625 499 264 657 419 344 497 390 266 209 242 362 339 396 204 291 309 2046 491 6866 9869 488 560 223 454 293 376 209 599 260 1114 306 259 235 232 498 6300 339 627 276 202 323 226 270 229 435 238 259 511 245 531 303 287 360 273 416 419 325 261 207 574 325 1885 201 364 618 358 287 430 4761 346 201 428 457 352 367 1256 306 448 228 331 482 256 236 437 202 277 290 351 412 205 286 329 1551 251 429 412 200 343 340 209 961 518 202 239 400 261 285 228 2240
leaf_count=445 203 477 806 426 1843 256 398 38268 452 309 237 270 243 283 208 19750 415 625 499 264 657 419 344 497 390 266 209 242 362 339 396 204 291 309 2046 491 6866 9869 488 560 223 454 293 376 209 599 260 1114 306 259 235 232 498 6300 339 627 276 202 323 226 270 229 435 238 259 511 245 531 303 287 360 273 416 419 325 261 207 574 325 1885 201 364 618 358 287 430 4761 346 201 428 457 352 367 1256 306 448 228 331 482 256 236 437 202 277 290 351 412 205 286 329 1551 251 429 412 200 343 340 209 961 518 202 239 400 261 285 228 2240
internal_value=-2.09912e-05 -0.000746243 -0.000599546 0.00539419 0.00750365 0.00402844 0.00699869 -5.05134e-05 -0.000366026 0.000895841 0.000593871 0.00537066 0.00996916 -0.00683125 0.000878651 -0.00104792 -0.00516363 -0.000989608 0.0007245 0.000412984 -0.00320898 -0.00347523 -0.00631585 -0.00962642 -0.00153897 0.00489336 0.00111219 -0.00261019 -0.00511061 -0.0029383 -0.00589258 -0.00133366 0.000495487 0.00413854 -0.000992559 0.00100379 -0.00150891 0.00504147 0.00689899 0.00389732 0.00882308 0.00684788 0.005001 0.00278661 0.00757185 -0.00121106 -0.00198972 -0.00513532 -0.00132718 -0.00853717 -0.00100349 -0.000684394 0.000562263 -6.3423e-06 -0.00379147 -0.0078431 -0.00226305 -0.00128632 -0.00406839 -0.00950861 -0.000497308 0.00189803 -0.00143068 0.00309134 0.00698195 -0.00168192 0.00237839 -0.00585607 -0.00984757 0.000583194 -0.00101748 0.00532032 0.00304704 -0.005485 -0.00214879 0.00182812 0.00575173 -0.00359481 -0.00140573 0.000416536 -0.00293279 -0.000288567 0.00277733 -0.00219709 -0.00189847 -0.00227791 -0.00150607 -0.00545272 -0.007819 -0.0103725 -0.00247445 -0.00530574 -0.00245194 -0.00127128 0.00181206 -0.00197982 -0.0037874 0.000844206 0.00065433 0.00156223 0.00329178 -0.000847261 0.000617431 0.00568424 -0.00117355 -0.00631546 0.000213476 -0.00110997 -0.00224026 -0.00677219 0.00435129 0.000243903 -0.000624937 0.000328179 0.00450467 -0.0016864 0.000688211 0.00450015 0.00229133 0.00012957 -0.00358801 0.00583705 -0.00659745 -0.0014339 0.00300241 -0.00229586 -0.00145781
internal_weight=138197 121882 115676 16315 3151 1308 863 52006 39003 13003 12181 822 513 735 11944 63670 892 62778 11736 10930 1156 6206 1434 841 593 13164 465 4772 1516 1097 735 43028 3762 1091 2671 800 39266 12898 3029 1195 1834 1346 1123 830 635 32400 13052 2276 10776 463 10313 19348 8602 7764 1464 966 1390 10007 2211 886 7796 2186 5610 767 497 10746 480 1731 626 1984 1482 502 776 706 4843 793 468 1105 10235 3099 4050 2867 982 7136 6811 6453 5191 1262 975 774 3849 1154 802 2695 1211 905 1484 9774 9510 6354 3693 2661 2179 2084 3156 682 1609 1742 1537 531 1807 2474 2184 1933 629 1304 892 549 1197 1006 488 838 626 3256 527 2729 2468
internal_count=138197 121882 115676 16315 3151 1308 863 52006 39003 13003 12181 822 513 735 11944 63670 892 62778 11736 10930 1156 6206 1434 841 593 13164 465 4772 1516 1097 735 43028 3762 1091 2671 800 39266 12898 3029 1195 1834 1346 1123 830 635 32400 13052 2276 10776 463 10313 19348 8602 7764 1464 966 1390 10007 2211 886 7796 2186 5610 767 497 10746 480 1731 626 1984 1482 502 776 706 4843 793 468 1105 10235 3099 4050 2867 982 7136 6811 6453 5191 1262 975 774 3849 1154 802 2695 1211 905 1484 9774 9510 6354 3693 2661 2179 2084 3156 682 1609 1742 1537 531 1807 2474 2184 1933 629 1304 892 549 1197 1006 488 838 626 3256 527 2729 2468
cat_boundaries=0 3 6 9 10 11 12 13 14 16 17 18 19 20 21 22 23 25 26 27 28 29 30 31 32 33 34 37 38 39 40 41 42 43 46 49 50 51 52 53 55 56 57 58 59 60
cat_threshold=268492800 3776 4202507 52559872 73728 8388608 138412288 239337488 1589904 458 136 42 28 8 512 536887296 2443 65 824 2656 1542 1088 10 0 3200 88 2467 1560 67 3108 2232 1512 4 512 134217728 262144 1049216 779 2 22 1156 34 1409 256 0 128 0 71303184 16 1921 2 24 2164260897 2147484675 8 1092 3 16 153 256
is_linear=0
shrinkage=0.05


Tree=50
num_leaves=128
num_cat=42
split_feature=2 2 2 2 6 2 10 2 7 7 4 9 3 2 7 3 4 4 6 7 3 9 9 7 3 8 2 9 8 6 4 3 9 8 6 9 8 7 8 7 4 10 6 3 4 10 8 8 10 9 8 7 3 10 6 10 10 7 6 8 3 2 8 7 10 2 4 4 6 8 7 9 2 3 7 6 10 8 8 9 8 3 7 7 10 3 10 6 8 8 3 4 3 10 10 2 10 4 7 2 7 3 10 6 8 7 8 8 7 10 8 8 8 8 2 3 7 3 4 7 8 7 9 8 7 7 3
split_gain=196.365 21.9388 11.0414 9.7385 8.05392 10.0811 7.34293 8.2607 21.5588 17.8532 16.3502 12.8986 9.65 8.01341 10.6948 16.7318 11.7525 9.55664 8.91676 15.8105 11.3048 6.80797 6.84266 8.95912 6.3059 5.75239 18.905 7.80477 7.68381 7.67281 11.9078 12.7474 7.79595 11.756 7.45925 5.86669 6.84124 6.26739 6.10448 5.69838 5.44624 5.94778 5.73272 5.46689 5.24342 7.78895 7.87494 10.3619 6.41407 10.1541 5.17895 7.65517 6.58208 8.37504 7.50057 6.32497 5.17816 12.1067 6.29355 6.91568 8.62016 6.47589 7.94062 7.73807 16.8234 9.57122 7.5476 6.27788 5.2715 11.9437 5.70118 5.00154 4.89077 4.83812 4.83254 4.77373 7.05719 5.42189 4.76285 7.87586 7.51313 11.1869 11.479 9.81262 7.12083 9.61423 4.72165 4.7122 4.66032 5.89282 7.16286 5.29866 7.81894 10.6181 17.439 6.97127 7.48423 6.89025 6.28779 5.8351 4.76982 4.64403 4.86705 4.51576 4.51334 4.36773 9.50013 9.17838 4.33954 4.18946 4.17376 22.0031 7.40779 4.68054 4.80982 5.22828 13.086 9.24621 6.42104 6.57063 5.00009 7.98705 4.71532 4.29871 17.2518 4.18894 6.72622
threshold=0 1 2 3 2016.5000000000002 4 161.50000000000003 5 9.5000000000000018 12.500000000000002 6 2170.0000000000005 7 8 9.5000000000000018 9 10 11 2020.5000000000002 2.5000000000000004 12 1896.5000000000002 1926.5000000000002 12.500000000000002 13 249.50000000000003 14 2061.5000000000005 258.50000000000006 2018.5000000000002 15 16 2119.5000000000005 141.50000000000003 2020.5000000000002 2174.5000000000005 304.50000000000006 18.500000000000004 267.50000000000006 24.500000000000004 17 59.500000000000007 2016.5000000000002 18 19 1605.0000000000002 197.50000000000003 211.50000000000003 308.50000000000006 2048.5000000000005 124.50000000000001 2.5000000000000004 20 1487.5000000000002 2016.5000000000002 1477.0000000000002 91.500000000000014 18.500000000000004 2018.5000000000002 325.50000000000006 21 22 360.50000000000006 7.5000000000000009 171.50000000000003 23 24 25 2019.5000000000002 149.50000000000003 5.5000000000000009 1994.5000000000002 26 27 1.5000000000000002 2019.5000000000002 1519.5000000000002 168.50000000000003 17.500000000000004 2143.5000000000005 29.500000000000004 28 25.500000000000004 21.500000000000004 1611.0000000000002 29 457.00000000000006 2019.5000000000002 17.500000000000004 72.500000000000014 30 31 32 119.50000000000001 96.000000000000014 33 107.00000000000001 34 25.500000000000004 35 25.500000000000004 36 1047.0000000000002 2020.5000000000002 183.50000000000003 11.500000000000002 336.50000000000006 300.50000000000006 26.500000000000004 1283.5000000000002 262.50000000000006 270.50000000000006 249.50000000000003 238.50000000000003 37 38 23.500000000000004 39 40 9.5000000000000018 164.50000000000003 6.5000000000000009 2074.5000000000005 119.50000000000001 21.500000000000004 21.500000000000004 41
decision_type=9 9 9 9 2 9 2 9 2 2 1 2 9 9 2 9 1 1 2 2 9 2 2 2 9 2 9 2 2 2 1 9 2 2 2 2 2 2 2 2 1 2 2 9 1 2 2 2 2 2 2 2 9 2 2 2 2 2 2 2 9 9 2 2 2 9 1 1 2 2 2 2 9 9 2 2 2 2 2 2 2 9 2 2 2 9 2 2 2 2 9 1 9 2 2 9 2 1 2 9 2 9 2 2 2 2 2 2 2 2 2 2 2 2 9 9 2 9 1 2 2 2 2 2 2 2 9
left_child=40 3 4 24 5 -3 13 8 -8 -10 -11 -12 21 -4 15 16 -15 -17 19 -18 -21 39 23 -23 -2 26 27 -14 87 50 31 32 33 -31 35 38 37 -37 -30 -9 42 -42 72 -44 48 71 -47 -48 -24 75 51 -28 54 -54 -52 -56 57 -43 61 68 -61 -58 63 64 -63 -65 -66 -67 69 73 -70 -46 -1 -60 -7 76 77 -50 79 -6 81 82 -80 -83 -81 -86 -73 -27 -16 90 -90 95 100 94 97 96 -91 -94 -97 -99 -93 -40 -103 -33 -19 106 -49 -107 -41 -53 112 -112 113 114 122 118 120 -118 119 -116 121 -117 -76 124 -121 -113 -127
right_child=1 2 6 -5 78 74 7 12 9 10 11 -13 25 14 88 17 18 104 -20 20 -22 22 44 -25 -26 28 29 -29 34 30 -32 103 -34 -35 -36 36 -38 -39 101 108 41 56 43 -45 45 46 47 105 49 -51 52 109 53 -55 55 -57 58 -59 59 60 -62 62 -64 65 66 67 -68 -69 70 -71 -72 86 -74 -75 110 -77 -78 -79 80 84 -82 83 -84 -85 85 -87 -88 -89 89 91 -92 92 93 -95 -96 98 -98 99 -100 -101 -102 102 -104 -105 -106 107 -108 -109 -110 -111 111 125 -114 -115 115 116 117 -119 -120 123 -122 -123 -124 -125 -126 126 -128
leaf_value=0.013361575200340984 -0.0037212864333021692 -0.010033525267190433 -0.0072461860145459763 -0.0025141767013368162 -0.0029743233267516111 0.0076423420351485558 0.0072586295558431553 0.00013016724351852914 -0.018990879083414326 -0.015849304746527376 0.010134338696620296 -0.0042511522077603751 0.016826477751963668 0.0029502847425068139 -0.004127647826268511 -0.0050417433349814805 -0.015435188185857483 0.010840990831597154 -0.01551616085097194 0.0051688760134542509 -0.0083170929333323661 0.0016756004729121506 -0.008050993618582419 -0.010753167406978915 -0.015823225888713193 0.010147955039137039 0.010620153113632114 0.0038112077668656487 -0.0075196412122587476 -0.0053134145929236969 -0.0022230611952363095 0.010833427812099988 -0.0042666315646449392 0.009380198055703828 0.0051776599735362449 0.00017064354754984379 0.00095359693406435171 0.01124329269941522 -0.0028639876519274067 0.01087204389605928 0.010485723612219547 0.0062980371681170188 0.0042914798343209022 0.0084124885805920546 -3.395910558367502e-05 -0.0028410359286605551 0.010053220856934787 -0.0099360600763709478 -0.0021830268671830036 -0.0010722990731264301 0.0048381138652764492 -0.0044437666524474763 -0.0094720512004473172 -0.00052024015203460294 -0.0080537171393761445 0.00042947349884933585 0.0079535934212826061 -0.0081577647853499427 0.010163098658013642 0.01091953682936013 0.00025271382995895926 -0.0087423044070837445 -0.0028748181930894536 -0.0019587581140033811 2.7521428326883964e-05 0.0140103603164346 0.011150306373590728 0.0062906215730954857 -0.0035746401284696945 -0.0048123685310391424 0.0051109908974932873 -0.00018394486672293985 0.0044630662691065651 0.0012141873513757844 -0.0078622608892754114 0.0060838834395218581 -0.006397044492985531 0.0074961379726308846 -0.0031339779779193037 0.0071870129368811226 -0.0011418457178187103 -0.0078507578807839005 -0.012365807843431036 0.0044292535772806306 -0.0069340262342987126 0.0030350017225485517 -0.0050952780447671526 0.0016858448320488028 0.00099509630025760546 -0.011205638813598345 0.0093882367535663234 0.0046676878729010182 0.0085828495119940965 0.0048892315702707204 -0.013778591526925897 -9.8620432619897223e-05 -0.00030236510161464055 -0.0059253414138114744 0.0075259478294333465 0.0040462592509487331 0.011538164811541461 -0.005577720042318106 0.0022631673426996863 0.001974199077621662 0.0032088208356792431 0.0079088123932284024 0.0042104735156136431 -0.0018417246494307551 0.0021173478326762963 0.0021547914711717939 -0.014615589241081389 -0.0011229217319597788 0.0099289073184590359 -0.0060197075742682042 -0.00054154697483945781 0.0075472654775660345 0.00020351567494588486 -0.012697357120511232 0.0012892424445836953 0.014136706710823121 0.0059139982105330382 -0.0024892495186151914 0.0011077785991743161 0.0146665908912188 -0.0036365146853686234 0.0068119796231122954 -0.0011363032102870586
leaf_weight=535 236 216 255 9820 910 241 351 1989 241 213 210 604 225 386 247 235 249 331 250 360 258 222 241 418 228 414 256 236 313 224 6712 443 696 347 1018 200 1961 354 1021 242 426 327 2132 1389 874 1536 329 268 238 4135 874 260 388 800 259 1449 2112 260 232 524 305 296 333 324 305 302 306 2746 219 710 1376 589 264 429 277 876 242 369 840 600 45319 233 562 539 311 972 2893 273 425 233 668 1018 228 1107 246 826 485 321 402 255 336 225 1644 213 467 407 213 593 341 3215 271 1924 236 235 262 266 266 292 1832 310 563 778 311 213 244 515 540
leaf_count=535 236 216 255 9820 910 241 351 1989 241 213 210 604 225 386 247 235 249 331 250 360 258 222 241 418 228 414 256 236 313 224 6712 443 696 347 1018 200 1961 354 1021 242 426 327 2132 1389 874 1536 329 268 238 4135 874 260 388 800 259 1449 2112 260 232 524 305 296 333 324 305 302 306 2746 219 710 1376 589 264 429 277 876 242 369 840 600 45319 233 562 539 311 972 2893 273 425 233 668 1018 228 1107 246 826 485 321 402 255 336 225 1644 213 467 407 213 593 341 3215 271 1924 236 235 262 266 266 292 1832 310 563 778 311 213 244 515 540
internal_value=3.09626e-05 -0.000646253 -0.000443727 -0.00285562 -0.000905965 0.000405793 8.79154e-05 -0.000193115 -0.00368502 -0.00674344 -0.00386941 -0.000533355 -5.44332e-05 0.00133822 0.00157884 -0.00119043 -0.00454104 0.00369287 -0.00713301 -0.00479799 -0.000512131 -0.000965139 -0.00138776 -0.00644194 -0.0098763 0.000590815 7.35939e-05 0.00994778 0.00174806 -0.00021454 -0.00123087 0.00223221 -0.000708576 0.00361598 0.00123432 0.000532266 0.00233967 0.00724595 -0.000886906 0.00140434 0.00526583 0.00468378 0.00680516 0.00595326 -0.00115342 -0.00201949 -0.000207893 0.00202664 -5.66739e-05 0.000272006 0.000955152 0.00227581 -0.000351841 -0.00341515 0.00106671 -0.000856912 0.00446545 -0.000104873 0.00472049 0.00309255 0.00712984 0.00563929 0.00455238 0.00514102 0.00104128 0.00624376 0.00578096 0.00709882 0.00196412 -0.00030947 0.00391842 -0.00341567 0.0106445 0.00452723 0.000651064 0.00349444 0.00082265 0.00370101 -0.00116158 0.000845014 -0.00127958 -0.00415087 -0.00678621 0.000713735 0.00269079 0.000588113 -0.0042645 0.00678528 0.00261439 0.00286864 0.00621966 0.00219745 0.00335276 0.00146587 -0.00212938 9.53014e-05 -0.00378786 0.00143494 0.00237801 -0.00151711 0.0063259 -0.000168551 0.00131222 0.00783741 0.00629565 0.000243559 -0.00367159 0.00212674 0.00575137 0.00166109 0.000471269 -0.000975386 0.00124393 0.0008935 0.00118288 0.00168269 -0.000173754 -0.00677138 0.00308323 0.00623404 0.00211607 6.79468e-05 -0.00306576 0.0086298 0.00630879 0.000265465 0.00279746
internal_weight=138456 122604 112320 10284 60078 9792 52242 42654 1619 1268 1027 814 41035 9588 9333 2536 1503 1033 1117 867 618 17015 14443 640 464 24020 16597 461 7423 16136 8635 1923 1267 571 6736 5718 2515 554 3203 2572 15852 11532 4320 3521 13803 7702 3346 1810 6101 5860 7501 3731 3770 1188 2582 1708 11106 587 10519 3795 829 6724 4612 4279 907 3372 611 3048 2966 1371 1595 4356 799 661 9576 1725 849 607 50286 2793 47493 2174 1402 772 1883 1283 3482 687 6797 6550 1093 5457 3511 2157 1050 1946 718 804 1228 576 1354 2890 1869 656 798 1481 481 1000 583 3475 9335 3250 6085 5849 5614 5026 2165 558 2861 1029 1607 1044 588 767 554 2979 1055
internal_count=138456 122604 112320 10284 60078 9792 52242 42654 1619 1268 1027 814 41035 9588 9333 2536 1503 1033 1117 867 618 17015 14443 640 464 24020 16597 461 7423 16136 8635 1923 1267 571 6736 5718 2515 554 3203 2572 15852 11532 4320 3521 13803 7702 3346 1810 6101 5860 7501 3731 3770 1188 2582 1708 11106 587 10519 3795 829 6724 4612 4279 907 3372 611 3048 2966 1371 1595 4356 799 661 9576 1725 849 607 50286 2793 47493 2174 1402 772 1883 1283 3482 687 6797 6550 1093 5457 3511 2157 1050 1946 718 804 1228 576 1354 2890 1869 656 798 1481 481 1000 583 3475 9335 3250 6085 5849 5614 5026 2165 558 2861 1029 1607 1044 588 767 554 2979 1055
cat_boundaries=0 3 6 9 12 14 15 16 17 19 20 21 22 23 24 26 27 28 29 30 31 32 33 36 39 40 41 44 45 46 47 48 49 50 52 53 55 56 59 60 61 62 63
cat_threshold=26624 3776 8203 60948480 71639040 9454080 134217984 2315255824 32912 18874368 8192 16384 256 134217728 1 65 10 0 16384 19 1666 224 3 14 4194304 16384 640 20 545 13 1349 20 13 0 0 2 0 0 1 3152 2064 0 2048 10 9 26 1 9 416 24 1 8 2050 268436480 536870912 1 134217728 0 128 25 2 1120 6
is_linear=0
shrinkage=0.05


Tree=51
num_leaves=128
num_cat=42
split_feature=2 2 2 2 4 10 2 7 7 4 9 3 2 7 3 4 4 9 9 7 8 2 9 8 2 7 10 7 7 4 10 8 9 8 3 7 7 9 4 4 10 7 7 3 10 4 3 7 7 7 9 9 3 7 7 10 10 7 7 4 3 4 4 7 7 4 10 4 10 10 7 8 7 10 2 8 3 8 9 10 8 3 7 9 9 9 9 7 10 8 10 8 10 10 3 4 10 10 9 9 4 7 7 9 4 7 9 2 8 8 9 10 10 3 7 7 3 4 4 7 1 8 3 8 8 10 10
split_gain=177.415 19.8155 9.96495 6.99246 30.6705 6.63141 7.47606 19.4751 16.0952 14.8283 11.641 8.70788 7.25684 9.66432 15.0913 10.623 8.64168 6.1442 6.1755 8.08561 5.19071 17.062 7.0438 6.9352 5.83129 7.3909 5.76957 11.6878 5.14279 4.9197 5.3628 4.81918 7.71902 7.40679 7.46647 7.05348 5.68297 8.9285 7.67003 5.99461 11.4412 7.48267 8.61855 7.38833 9.40757 8.54079 6.78687 10.9963 15.6284 10.7088 10.2426 18.5978 15.3722 10.0467 9.93003 25.8809 12.5783 9.37771 9.14597 9.07721 7.86745 20.1486 14.3372 7.66014 7.5834 7.72369 9.30304 7.37701 7.33169 7.31492 6.38669 13.1535 8.6543 10.2599 6.29555 7.78211 9.19085 8.14643 6.21944 8.81472 6.03728 14.351 14.6017 6.01479 6.21504 5.72337 9.64022 5.48982 8.36465 6.85547 5.40901 5.38251 8.64445 5.31736 8.6995 5.14216 5.08555 4.96863 13.8658 7.27354 4.80347 6.12208 9.13081 6.04693 5.57099 4.81243 5.09622 4.78698 10.1896 6.51781 4.91956 4.76063 4.71601 6.75114 5.62368 4.67285 9.70708 15.7128 9.68429 7.97183 4.57025 6.22409 4.52743 10.0773 7.04831 4.52313 4.50278
threshold=0 1 2 3 4 161.50000000000003 5 9.5000000000000018 12.500000000000002 6 2170.0000000000005 7 8 9.5000000000000018 9 10 11 1896.5000000000002 1926.5000000000002 12.500000000000002 249.50000000000003 12 2061.5000000000005 258.50000000000006 13 19.500000000000004 1144.0000000000002 12.500000000000002 24.500000000000004 14 59.500000000000007 17.500000000000004 2074.5000000000005 27.500000000000004 15 25.500000000000004 3.5000000000000004 1727.0000000000002 16 17 130.50000000000003 5.5000000000000009 28.500000000000004 18 1553.5000000000002 19 20 11.500000000000002 18.500000000000004 11.500000000000002 1896.5000000000002 2066.0000000000005 21 19.500000000000004 21.500000000000004 1668.5000000000002 1696.5000000000002 9.5000000000000018 20.500000000000004 22 23 24 25 15.500000000000002 5.5000000000000009 26 1587.5000000000002 27 1360.0000000000002 1447.0000000000002 15.500000000000002 166.50000000000003 14.500000000000002 1360.0000000000002 28 347.50000000000006 29 228.50000000000003 2066.0000000000005 1587.5000000000002 346.50000000000006 30 16.500000000000004 2267.5000000000005 2165.0000000000005 1669.5000000000002 1852.0000000000002 18.500000000000004 2020.5000000000002 350.50000000000006 1397.5000000000002 288.50000000000006 1561.5000000000002 1611.0000000000002 31 32 1283.5000000000002 1859.0000000000002 2206.5000000000005 2159.5000000000005 33 22.500000000000004 28.500000000000004 2196.0000000000005 34 2.5000000000000004 2048.5000000000005 35 295.50000000000006 332.50000000000006 2010.0000000000002 1574.5000000000002 94.500000000000014 36 18.500000000000004 26.500000000000004 37 38 39 27.500000000000004 40 265.50000000000006 41 172.50000000000003 315.50000000000006 1569.5000000000002 100.00000000000001
decision_type=9 9 9 9 1 2 9 2 2 1 2 9 9 2 9 1 1 2 2 2 2 9 2 2 9 2 2 2 2 1 2 2 2 2 9 2 2 2 1 1 2 2 2 9 2 1 9 2 2 2 2 2 9 2 2 2 2 2 2 1 9 1 1 2 2 1 2 1 2 2 2 2 2 2 9 2 9 2 2 2 2 9 2 2 2 2 2 2 2 2 2 2 2 2 9 1 2 2 2 2 1 2 2 2 1 2 2 9 2 2 2 2 2 9 2 2 9 1 1 2 9 2 9 2 2 2 2
left_child=29 3 31 4 -2 12 7 -7 -9 -10 -11 17 -4 14 15 -14 -16 28 19 -19 21 22 -13 -22 25 -25 27 -23 -8 -1 -31 32 -3 34 35 125 37 -35 -39 41 -41 43 74 -38 -45 -46 49 57 59 50 52 64 -42 -50 55 58 85 60 -55 63 61 -48 -62 68 -52 66 -66 -53 -49 -64 71 72 73 -51 80 76 -76 -78 79 -61 115 87 -83 84 -69 -56 -87 88 89 -82 95 92 -73 -34 -95 -44 -65 98 99 -92 101 105 103 104 -103 -20 111 108 110 -109 -72 -107 113 -32 -115 -43 117 -117 -118 -120 121 -26 123 -108 -125 -33 -17
right_child=1 2 5 -5 -6 6 11 8 9 10 -12 20 13 -15 16 126 -18 18 100 -21 23 26 -24 24 120 -27 -28 -29 -30 30 112 33 93 36 -36 -37 39 38 -40 40 46 42 90 44 45 -47 47 48 53 70 51 67 -54 54 56 -57 -58 -59 -60 78 62 -63 69 96 65 -67 -68 83 -70 -71 107 91 -74 -75 75 -77 77 -79 -80 -81 81 82 -84 -85 -86 86 -88 -89 -90 -91 97 -93 -94 94 -96 -97 -98 -99 -100 -101 -102 102 -104 -105 -106 106 122 109 -110 -111 -112 -113 -114 114 -116 116 118 -119 119 -121 -122 -123 -124 124 -126 -127 -128
leaf_value=0.0064684310955760091 0.0019844386605351854 -0.0028256070109565264 -0.0068975486460510858 -0.0023630456686404774 -0.019356374929405073 0.0068956982398450774 0.00012365889023449093 -0.018041335430268694 -0.015092376446833776 0.0096276219685872411 -0.0040385945926000987 0.015985153801739215 0.0043664418134911958 0.0024849313029213695 -0.0047999453377358774 -0.0029589211846940693 0.0059808698691725089 0.0015918205749675598 -0.0040735721903664823 -0.010215508761813222 0.0064460185541990976 -0.011625263041979491 0.0036206472006042379 -0.0094557961413142769 -0.0058584232186286219 0.002929016037729903 1.0079149220477395e-05 0.00074458716582676606 0.0054638040345481656 0.0099614374951170898 -0.0052065899302277431 -0.0082248945198213647 0.0055210372384674605 0.011003820793295037 -0.00031123835798965401 -0.012923554344401126 0.0046641938111467943 0.004938652969295622 -0.00057260936059907433 -0.012539359820115135 -0.0029851910038913476 0.00052118815080744575 0.0070742351866003965 0.00046359174600915941 -0.0014281557762964828 -0.012255175341460332 0.011617511987102728 -0.0062025894078293021 0.0055937065987006554 0.0031377539370362074 0.0078704145592259807 -0.011596981200265262 -0.016644897554551997 0.0033109207716744311 -0.0081426184778830499 -0.021613210623506379 0.0063652579073083387 0.0051708802044303729 -0.0087315941099472376 -0.0085567308608958965 -0.011899178322764242 -0.0028871123136398444 -0.0068820457974025293 -0.0016986447631779811 0.012399803197312178 -0.0032450972826698157 -0.0021638599129288759 -0.0024000827077053765 0.0038199245565708364 0.0042676354441050423 -0.0043035095101877458 0.0048423603577018148 0.0072183185220607883 -0.0076360979433125718 0.0083728372070287146 0.010457782706578926 0.0015008499509046183 -0.0080685136508837959 -0.005804483651817279 -0.0201976799374541 0.0078155657545470724 -0.015680810479221471 -0.0029168975689944764 0.0020810726039181926 -0.0112176503372294 0.0071958183502474574 -0.0025012736975600063 0.0033427872592910082 -0.0088446443920876441 -0.0046383321239626511 -0.0045050275364027495 0.0018916470655572734 0.016662824611299702 -0.0065981257933183258 0.0028847965187783868 -0.0032102264527058008 -0.0113306215859385 0.0024013861224103945 -0.012249998063481992 0.0037081883405335248 -0.0017762847708517214 0.0023382945715480514 0.0039515517112345263 -0.011021548448547872 -0.0063524077295026684 0.0027463798264853838 -0.001429714978190427 -0.00042458570119561861 -0.012924532382553365 0.0077324810127724006 0.0055466784607475081 0.010412589724828876 0.0045225524343314996 0.0095782449683445015 -0.0016875595808392618 0.010428531114162217 0.0018963753210052593 -0.0050182468531239071 -0.015670563830624182 -0.0040080111754722285 0.0072061740317953468 0.0016287127452287485 -0.0016695141030913158 0.015698761765612291 0.0026136233003476181 -0.0012221507628315262 -0.0090729396747035781
leaf_weight=4320 374 910 255 9612 298 351 1989 241 213 210 604 225 281 6797 235 538 798 222 366 418 687 326 236 279 292 212 15349 461 583 426 306 403 931 205 891 309 212 746 3820 234 663 13471 232 451 295 525 334 294 434 365 444 359 299 356 377 229 473 731 283 523 394 780 232 224 226 666 213 535 481 402 327 411 243 560 379 282 1200 273 773 236 232 330 698 351 319 282 2812 855 308 211 1039 392 248 311 972 237 353 268 476 364 8998 323 390 299 412 712 537 7641 238 253 207 283 10354 241 205 300 276 343 282 305 333 5620 1071 200 212 539 684
leaf_count=4320 374 910 255 9612 298 351 1989 241 213 210 604 225 281 6797 235 538 798 222 366 418 687 326 236 279 292 212 15349 461 583 426 306 403 931 205 891 309 212 746 3820 234 663 13471 232 451 295 525 334 294 434 365 444 359 299 356 377 229 473 731 283 523 394 780 232 224 226 666 213 535 481 402 327 411 243 560 379 282 1200 273 773 236 232 330 698 351 319 282 2812 855 308 211 1039 392 248 311 972 237 353 268 476 364 8998 323 390 299 412 712 537 7641 238 253 207 283 10354 241 205 300 276 343 282 305 333 5620 1071 200 212 539 684
internal_value=2.95326e-05 -0.000614176 -0.0004217 -0.00271391 -0.00762425 8.33634e-05 -0.000183704 -0.00350564 -0.00641252 -0.00368365 -0.000506688 -5.17735e-05 0.00127155 0.00150053 -0.00113194 -0.00431405 0.00350581 -0.000916882 -0.00131837 -0.00611984 0.000561168 6.98473e-05 0.00945039 0.00166046 0.00117239 -0.00402638 -0.000203882 -0.00437939 0.00133412 0.00500539 0.00445219 -0.000860829 0.00105111 -0.000965852 -0.00385022 -0.0063178 -0.000853134 0.000795706 0.000337391 -0.00101034 -0.00153229 -0.000436049 -0.000208128 -0.00387564 -0.0052951 -0.00852696 -0.00143368 -0.00237586 -0.00331766 -0.000738625 -0.00292549 -0.00153199 -0.00743483 -0.00169224 -0.00234936 -0.00719099 -0.00128381 0.000280963 -0.00202246 -0.0062743 -0.00138782 0.00152634 -0.00451668 -0.00320586 0.00235134 0.000133726 0.00521482 -0.00537807 1.78354e-05 0.000184712 7.93907e-05 0.00247284 -0.00117884 -0.00338479 0.000149171 0.0027073 0.00154177 -0.000270859 -0.00890317 -0.0121763 -0.000162253 -0.00236986 -0.00694669 -0.00340084 -0.00569376 -0.00232617 -0.00161744 0.000599292 -0.00251615 0.0018838 -0.00290494 0.00653103 0.00929073 0.00264452 0.000557188 0.00195957 -0.00759134 -0.00396757 -0.00487597 -0.00237416 -0.00109575 0.000181972 -0.0025677 -0.0050266 -0.00258784 0.00134061 0.00199785 -0.000533472 -0.00426486 -0.000162948 -0.000485178 0.00492682 0.00424488 0.000421709 0.00430352 0.00022589 -0.00241552 0.00223798 -0.00584098 -0.00944982 0.00158504 0.00125679 0.000555118 0.00305118 0.00896563 -0.00421802 -0.00632938
internal_weight=138456 122604 112320 10284 672 52242 42654 1619 1268 1027 814 41035 9588 9333 2536 1503 1033 17015 14443 640 24020 16597 461 7423 6736 491 16136 787 2572 15852 11532 60078 3124 56954 2142 1251 54812 4771 4566 50041 26197 23844 22361 1483 1271 820 25963 11003 8130 14960 4075 3113 962 5246 4812 868 3944 2873 639 2884 2142 1114 1028 1352 1549 1105 439 1564 775 634 10885 2219 1168 925 19745 2134 1852 1473 1532 759 17611 2634 1028 1205 854 3471 3094 1606 751 443 2616 1051 659 2214 1283 469 577 2147 1879 1403 13803 4805 1424 1034 735 3381 3015 8666 772 7894 534 995 11106 752 446 14977 1506 643 863 587 6245 5912 2020 949 412 942 1222
internal_count=138456 122604 112320 10284 672 52242 42654 1619 1268 1027 814 41035 9588 9333 2536 1503 1033 17015 14443 640 24020 16597 461 7423 6736 491 16136 787 2572 15852 11532 60078 3124 56954 2142 1251 54812 4771 4566 50041 26197 23844 22361 1483 1271 820 25963 11003 8130 14960 4075 3113 962 5246 4812 868 3944 2873 639 2884 2142 1114 1028 1352 1549 1105 439 1564 775 634 10885 2219 1168 925 19745 2134 1852 1473 1532 759 17611 2634 1028 1205 854 3471 3094 1606 751 443 2616 1051 659 2214 1283 469 577 2147 1879 1403 13803 4805 1424 1034 735 3381 3015 8666 772 7894 534 995 11106 752 446 14977 1506 643 863 587 6245 5912 2020 949 412 942 1222
cat_boundaries=0 3 6 9 12 13 14 15 16 18 19 20 21 23 25 26 27 28 29 30 31 32 33 34 35 36 37 38 39 42 43 44 45 46 47 48 51 52 53 54 55 56 57
cat_threshold=26624 3776 8203 60948480 71639040 9454080 134217984 2315255824 32912 18874368 8192 8388608 2451 1 65 10 0 16384 19 1154 224 4194304 16384 4456448 16384 545 26 10 1641 16 40 25 24 274 4 132 260 2180 2 134217728 16 16 4 19 1 1025 1348 260 256 0 128 12 24 1057 65 538968064 2
is_linear=0
shrinkage=0.05


Tree=52
num_leaves=128
num_cat=41
split_feature=1 1 6 0 1 8 10 7 7 8 7 4 4 4 3 9 4 1 3 0 7 7 3 3 9 7 7 4 10 4 4 9 10 8 8 6 4 3 8 10 7 10 7 3 8 6 3 3 7 7 7 10 10 4 7 9 6 7 4 10 10 7 7 10 3 4 7 10 3 3 6 6 10 8 1 10 7 7 6 8 7 10 6 3 8 7 8 10 7 6 1 10 7 7 7 6 9 4 6 8 8 9 8 7 4 3 6 7 7 7 9 9 8 3 3 7 9 3 4 3 8 7 10 4 4 10 8
split_gain=41.261 24.4206 13.2467 12.2062 11.9199 11.0722 9.86141 14.2833 9.38472 25.8773 23.9885 22.2288 21.4292 10.9377 8.94624 10.2469 8.88575 22.3084 28.0553 13.4853 9.19099 10.017 8.85898 8.55486 8.9535 11.2843 13.0898 9.32217 8.23712 8.04716 7.67553 8.09412 7.24485 7.05083 13.0575 9.67589 6.71345 7.37251 8.53526 6.62153 6.6208 11.3914 9.85146 14.57 13.3957 21.7752 11.1146 10.0097 9.52071 7.95051 8.20122 6.60023 6.59075 6.53707 6.53147 6.52485 6.6699 7.39673 6.68578 6.48868 6.46288 6.32434 9.59611 6.31502 6.46671 7.41667 7.11787 6.20552 8.49699 6.02173 6.02103 12.0603 7.01706 5.99749 9.80014 5.88173 5.87172 5.8096 6.2014 10.4788 12.4588 9.26852 6.7656 5.99674 5.63786 5.52713 11.7349 5.51946 9.09681 5.49527 8.87435 6.85249 5.4617 5.39671 5.39393 12.6475 8.83672 5.38599 5.85841 5.34182 5.31541 5.22572 5.20221 5.68434 10.1139 5.56975 7.93119 17.3234 7.91712 5.46318 5.1558 5.23876 5.12925 5.05334 5.0267 7.36028 4.97991 6.78643 9.12203 9.93173 4.94272 4.81283 12.5076 9.4935 5.64403 4.79679 4.77791
threshold=0 1 2017.5000000000002 2 3 72.500000000000014 348.00000000000006 15.500000000000002 8.5000000000000018 22.500000000000004 12.500000000000002 4 5 6 7 2196.0000000000005 8 9 10 11 28.500000000000004 21.500000000000004 12 13 2155.0000000000005 5.5000000000000009 14.500000000000002 14 322.50000000000006 15 16 2422.0000000000005 130.50000000000003 172.50000000000003 181.50000000000003 2020.5000000000002 17 18 128.50000000000003 1886.0000000000002 18.500000000000004 1250.5000000000002 13.500000000000002 19 166.50000000000003 2020.5000000000002 20 21 7.5000000000000009 2.5000000000000004 11.500000000000002 1776.5000000000002 322.50000000000006 22 25.500000000000004 1669.5000000000002 2020.5000000000002 18.500000000000004 23 297.50000000000006 102.50000000000001 4.5000000000000009 6.5000000000000009 261.00000000000006 24 25 9.5000000000000018 85.500000000000014 26 27 2018.5000000000002 2020.5000000000002 1497.5000000000002 27.500000000000004 28 135.00000000000003 4.5000000000000009 19.500000000000004 2021.5000000000002 141.50000000000003 21.500000000000004 1611.0000000000002 2018.5000000000002 29 325.50000000000006 28.500000000000004 206.50000000000003 1510.5000000000002 26.500000000000004 2016.5000000000002 30 231.00000000000003 4.5000000000000009 2.5000000000000004 8.5000000000000018 2017.5000000000002 2196.0000000000005 31 2019.5000000000002 10.500000000000002 237.50000000000003 2040.0000000000002 349.50000000000006 18.500000000000004 32 33 2019.5000000000002 11.500000000000002 12.500000000000002 8.5000000000000018 2119.5000000000005 1852.0000000000002 358.50000000000006 34 35 27.500000000000004 2010.0000000000002 36 37 38 72.500000000000014 10.500000000000002 1569.5000000000002 39 40 115.50000000000001 332.50000000000006
decision_type=9 9 2 9 9 2 2 2 2 2 2 1 1 1 9 2 1 9 9 9 2 2 9 9 2 2 2 1 2 1 1 2 2 2 2 2 1 9 2 2 2 2 2 9 2 2 9 9 2 2 2 2 2 1 2 2 2 2 1 2 2 2 2 2 9 1 2 2 9 9 2 2 2 2 9 2 2 2 2 2 2 2 2 9 2 2 2 2 2 2 9 2 2 2 2 2 2 1 2 2 2 2 2 2 1 9 2 2 2 2 2 2 2 9 9 2 2 9 1 9 2 2 2 1 1 2 2
left_child=5 2 3 36 23 67 28 -8 11 -10 12 -5 -11 22 54 -16 17 20 -19 -18 21 60 -12 24 27 51 120 -4 29 61 52 33 -13 40 35 69 37 92 -39 -28 42 -42 43 48 45 46 -44 -46 -32 -45 97 -26 -25 -24 -15 -31 57 59 -59 -57 -6 -3 -63 64 65 -21 75 -1 -69 -35 -50 72 -72 113 -75 -66 -62 102 79 80 81 -79 84 -84 85 86 -81 88 -29 90 -38 -92 -2 101 95 96 -7 98 -51 -91 -58 -36 103 105 -105 -54 107 109 -109 -107 111 -85 -112 -64 115 -60 -96 118 119 -118 -27 122 -89 -124 -123 -67 -86
right_child=1 6 4 8 16 94 7 -9 9 10 13 32 -14 14 15 -17 19 18 -20 63 -22 -23 53 30 25 26 39 87 -30 55 31 -33 -34 34 93 -37 89 38 -40 -41 41 -43 44 49 47 -47 -48 -49 70 50 -52 -53 77 -55 -56 56 100 58 114 -61 76 62 73 -65 66 125 -68 68 -70 -71 71 -73 -74 74 -76 -77 -78 78 -80 82 -82 -83 83 110 126 -87 -88 121 -90 99 91 -93 -94 -95 116 -97 -98 -99 -100 -101 -102 -103 -104 104 -106 106 -108 108 -110 -111 112 -113 -114 -115 -116 -117 117 -119 -120 -121 -122 124 123 -125 -126 -127 -128
leaf_value=0.0028841432693717168 -0.0036570267197284993 -0.0095637016037340705 0.0077936384029007461 0.012887740296540424 0.0076188549247895743 0.0012769189831086025 -6.213090763637974e-05 -0.013990849952804982 -0.019632514611408029 0.00094147881675764864 -0.0076102757248810455 -0.0076156067686654928 -0.01958674008434173 0.0031146633976299226 0.015140905618613613 0.0013755462625292395 0.012013666933993923 -0.022470703687111619 0.00011011281953842351 0.0062015346157234539 -0.0075230383183225065 0.0082326729619682289 0.0045480536774734374 -0.0053770138738209617 0.00098789088500682385 -0.0006224312149188117 -0.0012098546108077412 -0.00098931711166225971 0.0034167046286423344 -0.0069593250597011743 -0.0022006105244027599 0.0014356937020806632 0.0037875366075272804 0.0078190755590696413 0.00028005569245757872 0.01000050852138005 0.011269898676016341 0.0067105339513364023 -0.0017115513521218477 0.0058940449018377982 0.0016603217567592564 -0.0044731811555912574 0.0023779595622717702 -0.0068134224112944234 -2.5965570970921896e-05 -0.0020651207238798312 0.01306077377415032 -0.013349167612076059 -0.0031831168635274008 0.00063240437818969271 -0.0055654560730216051 0.010317416868604747 -0.0010333585779534525 -0.0062326631354282826 -0.0064544772349396044 -0.00088368396937421221 0.0032316915856740731 -0.0068126995217624416 -0.0088043539736758682 0.0060612143356025029 0.0058777167506161195 0.0064639110112724579 -0.011337190593078699 0.006529254623700644 -0.011148689929521768 -0.003490706161528777 0.0010225774853380458 0.017345198863964139 0.0054923039653658641 -0.001328446528352533 -0.0097887737679323468 -0.0039947385348812273 -0.020932488867387116 0.0061792598825625399 -0.0038886757254001057 -0.00096280810566110985 -0.0030281260938615721 -0.0037864672812212155 0.0057385265518575031 -0.0027444296408848804 -0.0017567446996950232 -0.015829078692673561 0.003640853524136429 0.0044176571751575406 -0.010651248113023476 -0.0054149313930060301 0.011342110036203581 0.010822798855288793 0.0067783087377791254 -0.0037246742242318049 -0.0065516900160402739 0.0022100904729588991 0.002646916019016678 -0.0014198874494119034 -0.00024279185420269888 0.0087657782417030553 -0.013287345946093302 0.00078910527403143341 0.011539060804342161 0.0010383029158480992 -0.0032677374226201712 0.0090964335574896943 -0.0027358552893281805 0.013449375325676484 -0.00086607296002220438 -0.00081572453414045429 0.0027717874770071937 0.012675818526310782 0.0025934869820368397 -0.0052732575728455314 0.0025446876673804321 -0.0037279874347720524 -0.0029029955808723422 -0.0028453212458304485 0.00016929488735666773 0.0022410476212222715 0.012598951700100752 0.0088167968091094895 -0.00033890954217360482 -0.00095924898596094548 -0.0075460403539920479 -0.001869767462920274 0.0056007301874704714 -0.0048667222524575969 0.0026915909875147308 0.0023455953544755954 -0.0021372331176011724
leaf_weight=243 393 451 551 332 249 215 336 407 217 218 580 358 310 541 276 265 345 237 320 1043 256 556 413 572 596 332 1844 3675 723 474 1826 2600 228 232 610 445 258 320 5021 399 892 5002 461 379 356 1005 548 228 548 221 420 278 3265 201 266 3421 1397 1013 466 373 231 236 432 666 259 458 1433 361 310 695 330 508 247 265 2092 313 931 308 338 424 1570 332 1290 232 342 381 227 531 420 617 227 13169 2733 13144 461 233 202 1956 278 12821 406 232 1031 234 255 1952 4874 224 1489 1061 1757 1323 573 329 1219 223 382 903 796 212 1153 986 488 374 2130 1522 318
leaf_count=243 393 451 551 332 249 215 336 407 217 218 580 358 310 541 276 265 345 237 320 1043 256 556 413 572 596 332 1844 3675 723 474 1826 2600 228 232 610 445 258 320 5021 399 892 5002 461 379 356 1005 548 228 548 221 420 278 3265 201 266 3421 1397 1013 466 373 231 236 432 666 259 458 1433 361 310 695 330 508 247 265 2092 313 931 308 338 424 1570 332 1290 232 342 381 227 531 420 617 227 13169 2733 13144 461 233 202 1956 278 12821 406 232 1031 234 255 1952 4874 224 1489 1061 1757 1323 573 329 1219 223 382 903 796 212 1153 986 488 374 2130 1522 318
internal_value=2.78322e-05 -0.000127198 0.000105576 0.000851621 -0.000264718 0.00483291 -0.00208228 -0.00769199 -0.00169356 -0.00294589 -0.00176641 0.00277209 -0.0114642 0.000247924 0.0033222 0.00824575 0.0014684 -0.000869819 -0.00972474 0.00254444 0.0013825 0.00254857 -0.00322369 -0.000479248 0.000640582 -0.00115807 -0.00235689 0.00154542 -0.00177553 -0.00206888 -0.000747072 -0.00124211 -0.00312555 -0.00147032 -0.00071467 0.00394015 0.00115275 -7.66213e-05 -0.0012047 5.3835e-05 -0.00223356 -0.00354493 -0.00140345 -0.00241522 0.00121088 0.00314423 0.00833293 -0.00545652 -0.0046678 -6.36563e-06 0.00089096 0.00395541 -7.32418e-05 0.000975537 -3.89939e-05 -0.00124832 -0.000931989 -0.00165698 -0.00354824 -0.000200909 0.000308761 -0.00399425 -0.00325725 0.00195064 0.00134804 0.00280299 -0.000855343 0.00973025 0.0122095 0.00103092 -0.00745517 -0.00961285 -0.0145591 -0.00399304 -0.00274701 -0.00557495 -0.00125769 5.41962e-05 -0.000911408 -0.00115903 -0.00415365 -0.0100336 -0.000195275 0.000702121 -0.00293997 -0.000631849 0.00216747 0.00113491 -0.000192638 0.00153685 0.00224387 0.00206008 0.00184847 -0.0011713 0.00353214 -0.000564738 -0.00577819 0.00199552 0.00657686 0.000819613 0.00176815 0.00270927 0.000686186 0.000950385 0.00624159 0.000749266 0.00135521 -0.000102864 0.0039119 -0.0023854 -0.000282319 -0.00251269 0.00120498 -0.0078523 -0.00177008 -0.00515461 0.00449909 0.00545242 0.00318048 0.00782423 -0.00599814 0.00234308 0.00478625 0.00106768 0.00125087 0.000990579 -0.00654904
internal_weight=138456 134138 119875 39764 80111 4318 14263 743 4205 3287 3070 918 528 2542 1348 541 8819 2780 557 6039 2223 1967 1194 71292 13757 4602 3728 9155 13520 12797 57535 33163 586 30563 15358 1372 35559 8467 5341 2243 15205 5894 9311 6713 2598 2014 1009 584 3459 3254 2875 874 24372 614 807 8992 8518 6715 2921 3794 1411 3805 3354 5694 5028 3023 2005 914 671 927 1633 1085 577 3118 2357 572 1162 23800 9415 9077 2210 640 6867 5175 1692 1032 651 8604 4095 27092 13654 13396 3126 13986 3404 650 417 2455 499 13438 1803 842 14385 13354 489 12865 9600 4726 1713 3013 3885 1555 2330 761 1908 689 2754 2293 1390 594 1485 4509 1393 862 3116 1980 660
internal_count=138456 134138 119875 39764 80111 4318 14263 743 4205 3287 3070 918 528 2542 1348 541 8819 2780 557 6039 2223 1967 1194 71292 13757 4602 3728 9155 13520 12797 57535 33163 586 30563 15358 1372 35559 8467 5341 2243 15205 5894 9311 6713 2598 2014 1009 584 3459 3254 2875 874 24372 614 807 8992 8518 6715 2921 3794 1411 3805 3354 5694 5028 3023 2005 914 671 927 1633 1085 577 3118 2357 572 1162 23800 9415 9077 2210 640 6867 5175 1692 1032 651 8604 4095 27092 13654 13396 3126 13986 3404 650 417 2455 499 13438 1803 842 14385 13354 489 12865 9600 4726 1713 3013 3885 1555 2330 761 1908 689 2754 2293 1390 594 1485 4509 1393 862 3116 1980 660
cat_boundaries=0 2 3 4 5 6 7 8 9 10 11 12 13 14 15 16 17 18 19 20 21 22 23 24 25 26 27 28 29 30 31 32 33 34 35 36 37 38 39 40 41 42
cat_threshold=168562720 4 1635878465 168 536969216 1673 3732 1688 7 960 16778241 10 4 10 16 40 2085 653 3200 24 3 5 3 152 578 28 1042 11 8 139392 1 8388608 64 132 66 26 9 11 3720 3 577 576
is_linear=0
shrinkage=0.05


Tree=53
num_leaves=128
num_cat=49
split_feature=2 2 2 2 4 8 6 2 2 3 4 4 7 4 10 6 4 7 7 9 8 10 2 7 3 9 4 4 7 9 2 7 7 4 9 3 10 2 4 10 9 4 10 8 8 9 8 6 6 8 4 3 8 8 4 7 10 8 8 9 7 7 4 7 2 4 4 7 3 4 2 4 10 9 9 4 4 6 7 6 3 4 3 3 7 9 9 7 10 8 9 9 4 9 7 4 10 7 10 9 4 7 6 7 10 4 7 7 9 8 10 10 2 2 2 7 7 7 6 10 2 6 3 8 7 7 4
split_gain=154.811 15.975 8.37885 6.22927 27.6006 5.78758 5.44913 13.9 5.37294 11.4235 11.687 11.4579 11.769 10.2248 9.92018 9.8655 8.07456 9.35451 7.97415 6.6917 5.39175 5.00848 6.61766 8.34458 12.9696 9.39908 7.9142 7.83081 8.58603 7.74228 6.14238 16.5528 13.5186 12.6749 10.2708 8.04144 5.80827 15.2612 13.2925 6.29611 5.9073 6.38009 10.4154 6.85861 9.20269 6.52234 5.73811 5.96 5.05374 5.01877 4.9316 4.89172 7.36627 6.98986 6.79674 4.80264 4.67423 4.34543 8.20475 7.17398 4.32421 8.33797 11.7299 8.28482 9.76027 18.757 8.28905 8.21939 8.11563 15.4644 7.52296 20.2655 13.0282 11.216 12.9537 16.068 11.0207 10.823 7.38959 7.67176 10.1442 7.37193 6.76397 5.97354 5.9584 9.38877 8.98071 7.31861 7.11802 5.85235 4.98759 4.9797 6.95488 6.27805 4.78142 4.66596 6.39948 4.57204 4.44252 9.29875 8.37957 4.72406 10.9017 7.57093 4.42692 8.06722 4.30441 4.2643 4.2578 4.18585 5.68632 8.36225 11.6697 8.04123 4.65533 4.6782 4.62696 7.31859 6.65671 4.15555 14.6523 4.95084 5.74238 7.23239 6.15174 13.1544 7.27494
threshold=0 1 2 3 4 10.500000000000002 2016.5000000000002 5 6 7 8 9 14.500000000000002 10 1447.0000000000002 2016.5000000000002 11 8.5000000000000018 6.5000000000000009 2311.0000000000005 355.50000000000006 161.50000000000003 12 9.5000000000000018 13 1941.5000000000002 14 15 6.5000000000000009 2119.5000000000005 16 9.5000000000000018 12.500000000000002 17 2170.0000000000005 18 265.50000000000006 19 20 1047.0000000000002 1896.5000000000002 21 1605.0000000000002 197.50000000000003 211.50000000000003 2048.5000000000005 223.50000000000003 2019.5000000000002 2017.5000000000002 295.50000000000006 22 23 137.50000000000003 147.50000000000003 24 14.500000000000002 97.500000000000014 172.50000000000003 228.50000000000003 2005.0000000000002 14.500000000000002 12.500000000000002 25 19.500000000000004 26 27 28 20.500000000000004 29 30 31 32 293.50000000000006 1926.5000000000002 2033.0000000000002 33 34 2018.5000000000002 22.500000000000004 2019.5000000000002 35 36 37 38 4.5000000000000009 2363.5000000000005 2119.5000000000005 9.5000000000000018 1577.0000000000002 252.50000000000003 2152.0000000000005 2033.0000000000002 39 1988.5000000000002 26.500000000000004 40 1524.5000000000002 5.5000000000000009 1524.5000000000002 1998.5000000000002 41 24.500000000000004 2019.5000000000002 27.500000000000004 1436.5000000000002 42 1.5000000000000002 25.500000000000004 2311.0000000000005 204.50000000000003 204.50000000000003 255.00000000000003 43 44 45 15.500000000000002 16.500000000000004 20.500000000000004 2018.5000000000002 20.500000000000004 46 2018.5000000000002 47 115.50000000000001 20.500000000000004 25.500000000000004 48
decision_type=9 9 9 9 1 2 2 9 9 9 1 1 2 1 2 2 1 2 2 2 2 2 9 2 9 2 1 1 2 2 9 2 2 1 2 9 2 9 1 2 2 1 2 2 2 2 2 2 2 2 1 9 2 2 1 2 2 2 2 2 2 2 1 2 9 1 1 2 9 1 9 1 2 2 2 1 1 2 2 2 9 1 9 9 2 2 2 2 2 2 2 2 1 2 2 1 2 2 2 2 1 2 2 2 2 1 2 2 2 2 2 2 9 9 9 2 2 2 2 2 9 2 9 2 2 2 1
left_child=8 3 6 4 -2 -5 7 -3 15 11 -11 55 13 -13 56 16 -1 -18 -15 -17 -19 22 -4 24 25 -24 -26 29 -29 -27 31 -23 -33 -34 -35 36 38 -38 -32 -39 49 45 -43 -44 -45 46 -42 -48 -28 -41 51 53 -53 -25 -55 -10 -12 59 -59 -54 61 70 -63 68 65 -65 67 -66 69 -62 72 -72 -37 77 75 -75 84 -74 79 108 -81 -79 91 89 86 87 -76 88 -86 97 -64 93 -93 107 -84 96 -70 -77 100 -100 -69 102 -102 -103 -71 -106 -9 -80 -68 110 113 112 -112 -7 -113 -116 -114 -118 -119 -52 -121 122 124 -124 126 -126 -122
right_child=1 2 21 5 -6 109 -8 106 9 10 14 12 -14 18 -16 19 17 20 -20 -21 -22 30 23 50 26 27 48 28 -30 -31 35 32 33 34 -36 60 37 39 -40 40 41 42 43 44 -46 -47 47 -49 -50 -51 119 52 57 54 -56 -57 -58 58 -60 -61 63 62 90 64 66 -67 78 98 95 104 71 -73 73 74 76 83 -78 81 82 80 -82 -83 94 -85 85 -87 -88 -89 -90 -91 -92 92 -94 -95 -96 -97 -98 -99 99 -101 101 103 -104 -105 105 -107 -108 -109 -110 -111 111 114 116 -115 115 -117 117 118 -120 120 121 -123 123 -125 125 -127 -128
leaf_value=0.012564035431625179 0.0019321923005918508 -0.010953460023548025 -0.0066767176507778886 0.0060184680398901189 -0.018310304322599755 -0.0018082138351137287 -0.0010288602193479204 0.0071691266025312216 -0.011656523673116171 0.0017549351819272918 0.008856155440411715 0.013400055544409829 -0.00085035001864780838 -0.0049640363155786932 -5.8722444020423779e-05 0.0037106125195645956 -0.00083592763166004608 0.010078007537112556 0.0076096863157898683 0.0068015522101219049 0.002542064140125149 0.0063980507609988973 0.0033010189502479096 -0.0067872743196104 0.0093136408675045437 0.0051302880493989383 -0.0063460034755508949 -0.0058530449977827739 -0.018325151997717091 -0.0072506701157431623 -0.015393815420143906 -0.016528581768463665 -0.013917962115909489 0.0090858842636502932 -0.0037508901910214931 0.011836947588405262 0.0083195195485890241 -0.0082365099187057048 -0.00087045553602885261 0.0024605095290210696 0.0048307227319230091 -0.0038485928326310553 -0.0025595958554580044 0.0095474074465876566 0.00030274060416063029 -0.0011005251086085904 -0.0051812057504361233 0.0037126559380325171 0.0031015043241185386 -0.0045752389910166825 -0.0024570043585698705 0.0067258196943001738 0.0014116888610361559 0.0078467720302210532 -0.0037765329194812559 -0.0020096206194050296 0.016592132719364071 0.0086501957550510888 -0.0042898691393813485 -0.01082603064842704 0.00087956873931646976 0.010087658415719299 0.0041397835913156268 -0.0038400425936290349 0.0095998057366182086 0.015960623068375545 -0.0036863382091470889 0.0093806514720268762 -0.008845966005717484 -0.004856309795528032 0.0052337113264636793 -0.016620692414594383 0.0022300025886627401 0.015100674284553596 -0.015456095298953322 0.0023723214659368977 0.0017907758918824413 0.002100072517991066 -0.0066020964148072406 0.0001133091284306411 -0.014377719069053546 -0.0083275552316730318 -0.00012018391586645944 0.0073083658140789421 0.013042168162736255 -0.0078646699632461212 -0.0022784700808270997 -0.0044230751891965892 5.3420436794860901e-05 0.0062016832421628179 -0.0034558283495153864 0.0015099657045524345 -0.0051599391580121447 0.0079819180868737384 0.0071103734136904358 0.0011393497128755381 -0.00021948197423327776 -0.0064767743420341738 -0.0070620928563402234 0.0013483301599876421 0.010740314770510368 -0.0062510197176000775 -0.0028710223305390488 0.0045054493256305398 -0.0064615993189268833 -0.020545512734912886 0.00040124146975143284 0.0026932419333085943 0.0042795559540699827 -0.001181774949211662 -0.009627483170154074 0.00078350841439949511 0.004433549955296311 -0.012915798602060283 -0.0032832700427118614 -0.0082827169223755881 -0.0086372440128015242 0.0070016860657218629 -0.0033684616350951875 0.016042283635442606 0.00036778538480192717 0.0049901775490400696 -0.00097301824436378569 0.0094389423324144142 0.011818760223183278 -0.0044524459996432442 -0.011431833580039288
leaf_weight=705 374 259 255 209 298 329 50811 241 203 880 431 353 1070 217 202 7440 380 919 301 2290 320 351 323 451 341 228 213 379 217 283 214 241 213 210 604 270 447 291 550 1965 1081 4164 1536 329 1481 4030 387 367 422 291 278 585 288 232 254 354 357 278 219 205 569 598 532 205 324 275 532 411 332 241 205 205 608 330 213 267 3778 215 217 201 317 807 422 480 208 328 329 244 214 291 364 608 1079 284 499 1707 610 322 398 1886 319 384 273 285 259 202 9335 286 245 3856 269 327 717 340 948 924 230 309 310 223 294 1642 303 371 222 282 230
leaf_count=705 374 259 255 209 298 329 50811 241 203 880 431 353 1070 217 202 7440 380 919 301 2290 320 351 323 451 341 228 213 379 217 283 214 241 213 210 604 270 447 291 550 1965 1081 4164 1536 329 1481 4030 387 367 422 291 278 585 288 232 254 354 357 278 219 205 569 598 532 205 324 275 532 411 332 241 205 205 608 330 213 267 3778 215 217 201 317 807 422 480 208 328 329 244 214 291 364 608 1079 284 499 1707 610 322 398 1886 319 384 273 285 259 202 9335 286 245 3856 269 327 717 340 948 924 230 309 310 223 294 1642 303 371 222 282 230
internal_value=2.66226e-05 -0.000586818 -0.000421044 -0.00256152 -0.00718125 -0.00219968 -0.000820208 0.000256926 0.00458275 0.00305628 0.00600555 0.000833327 0.00264873 0.00697766 0.00972853 0.0051329 0.00806402 0.00598987 0.00229795 0.00443808 0.00813168 4.50228e-05 0.00111622 0.00134907 -0.00115737 -0.00417421 0.00327203 -0.00639304 -0.0102225 -0.00169335 -0.000179984 -0.00319145 -0.00587113 -0.00337021 -0.000433862 -6.1176e-05 -0.000889592 -0.000691222 -0.0051514 -0.000948822 -0.000813755 -0.00121296 -0.00217655 -0.000102237 0.00198312 2.45639e-05 0.0024956 -0.000852231 -6.64557e-05 0.00155297 0.00229983 0.000566202 0.00226316 -0.00227999 0.00185579 -0.00542801 0.0123609 -0.000351007 0.00294824 -0.00367702 0.000525981 0.00126991 0.00473744 -7.50034e-05 0.000726625 0.0075983 0.000350049 0.0019389 -0.0020075 -0.00527316 0.000713709 -0.00582905 0.00102038 0.000683311 0.00155268 0.00536563 0.000340056 -0.0030523 -0.00110094 -0.00431679 -0.00903013 -0.00619481 0.00012248 0.0028713 -0.00321889 -0.000940281 -0.00745713 0.00246993 0.00645546 0.000396155 0.00104243 -0.00124055 -0.00277772 0.00203873 0.00375656 -0.000419135 -0.00322557 -0.00246538 0.00131636 -0.000117234 0.00327469 0.00120066 0.00446347 -0.00166867 -0.0102025 -0.0132187 0.000570973 -0.00131687 -0.00117457 -0.00240293 -0.00340415 -0.00269614 -0.000204077 -0.00767341 -0.00477568 -0.00572039 0.00146674 -0.00102152 0.00180824 0.00342206 0.00388985 0.00302243 0.00114181 0.00468863 -0.0012174 0.00271463 -0.00502258
internal_weight=138456 122034 112594 9440 672 8768 60646 9835 16422 4368 1870 2498 1941 871 990 12054 2324 1619 518 9730 1239 51948 9018 8763 2406 1430 976 1107 596 511 42930 1619 1268 1027 814 41311 17133 16369 764 15922 15631 13375 7510 3346 1810 5865 1835 754 635 2256 6357 2512 1575 937 486 557 788 990 497 493 24178 10808 1494 13370 9450 480 8970 4280 3920 1271 9314 410 8904 8634 7004 1690 5314 1630 4690 1295 518 1022 3395 1360 1536 994 542 666 422 880 896 2474 1687 787 921 2649 942 589 3956 2284 1672 1261 592 669 702 461 9576 503 777 8559 4703 4034 1835 669 2199 1872 1566 849 619 3845 3567 3344 1702 674 1028 504 524
internal_count=138456 122034 112594 9440 672 8768 60646 9835 16422 4368 1870 2498 1941 871 990 12054 2324 1619 518 9730 1239 51948 9018 8763 2406 1430 976 1107 596 511 42930 1619 1268 1027 814 41311 17133 16369 764 15922 15631 13375 7510 3346 1810 5865 1835 754 635 2256 6357 2512 1575 937 486 557 788 990 497 493 24178 10808 1494 13370 9450 480 8970 4280 3920 1271 9314 410 8904 8634 7004 1690 5314 1630 4690 1295 518 1022 3395 1360 1536 994 542 666 422 880 896 2474 1687 787 921 2649 942 589 3956 2284 1672 1261 592 669 702 461 9576 503 777 8559 4703 4034 1835 669 2199 1872 1566 849 619 3845 3567 3344 1702 674 1028 504 524
cat_boundaries=0 3 6 9 12 13 16 19 20 21 22 23 24 26 27 28 29 30 31 32 35 36 37 38 39 40 41 44 45 46 47 48 51 52 53 54 55 56 57 58 59 60 61 62 65 68 71 74 75 76
cat_threshold=268462080 3776 4202507 60948480 71639040 9453568 134217984 2181038096 33424 18874368 8192 8388608 2451 256 0 512 2048 2688 10 26 482 1540 163 705 0 16384 19 779 1603 1 65 10 262656 16384 262144 2305 1349 1409 17 1152 2468 512 16384 262144 790 2842 4 1159 4194304 134234112 32 3366 1568 1540 16 132 5 17 68 2242 514 600 131072 0 1048576 8519680 0 16384 33685504 0 1048576 1028 8 1024 7 120
is_linear=0
shrinkage=0.05


Tree=54
num_leaves=128
num_cat=56
split_feature=2 2 2 2 6 1 3 2 6 3 4 3 4 7 7 4 4 9 7 4 7 4 6 4 9 4 7 4 7 10 7 4 2 7 9 4 2 7 4 3 4 10 2 3 6 10 2 7 7 4 9 3 4 10 10 7 10 3 10 7 7 4 7 10 4 7 3 10 7 10 7 7 7 3 7 7 7 4 7 1 10 4 9 4 3 10 2 10 9 9 4 4 6 7 7 6 3 4 3 3 7 9 9 7 10 9 9 4 7 3 7 9 3 7 10 9 4 3 6 4 7 9 10 1 4 10 7
split_gain=139.873 14.4365 7.90247 7.54091 6.38083 12.9263 5.32523 4.8847 8.9317 7.533 10.5201 7.40204 6.68558 7.94281 6.53719 10.5212 6.05196 6.03431 6.00343 9.23555 5.98941 11.6396 5.34134 11.4092 5.11863 4.85614 4.60061 6.89822 5.02991 4.3363 6.57484 11.8119 8.07588 6.2995 5.78471 7.92752 5.91563 10.5411 5.63038 13.2038 6.07042 13.4135 5.93096 9.00758 11.5179 5.80924 5.5844 14.9529 12.1873 11.495 9.26938 6.81522 6.18948 10.3938 7.95847 6.97546 8.79907 6.51406 5.93969 5.73728 5.38088 13.1254 5.45628 4.88644 5.1776 7.70353 7.54756 8.82533 6.21214 8.9556 4.71312 4.53992 5.66708 4.43486 5.87422 4.36604 7.72653 10.6798 7.47626 8.54308 8.18402 12.649 7.98405 7.74883 7.67122 12.8035 7.37062 11.7556 10.1393 11.7223 14.6378 9.94713 9.77519 7.32411 6.67358 6.94934 9.18473 6.66655 6.11842 5.55043 5.37746 8.47337 8.10509 6.60505 6.42401 4.54817 8.46251 4.54078 4.52491 5.2059 4.34861 4.33173 6.31987 4.31523 4.30377 8.39212 7.20883 4.84842 7.75728 4.25767 7.09627 4.18406 4.06481 4.03198 32.4404 5.60303 4.02348
threshold=0 1 2 3 2016.5000000000002 4 5 6 2016.5000000000002 7 8 9 10 8.5000000000000018 14.500000000000002 11 12 2311.0000000000005 25.500000000000004 13 19.500000000000004 14 2018.5000000000002 15 2152.0000000000005 16 11.500000000000002 17 14.500000000000002 161.50000000000003 2.5000000000000004 18 19 3.5000000000000004 2206.5000000000005 20 21 20.500000000000004 22 23 24 105.00000000000001 25 26 2020.5000000000002 143.50000000000003 27 9.5000000000000018 12.500000000000002 28 2170.0000000000005 29 30 1594.5000000000002 1605.0000000000002 22.500000000000004 1620.5000000000002 31 234.00000000000003 26.500000000000004 18.500000000000004 32 25.500000000000004 1569.5000000000002 33 23.500000000000004 34 1506.0000000000002 17.500000000000004 1519.5000000000002 13.500000000000002 7.5000000000000009 14.500000000000002 35 16.500000000000004 14.500000000000002 12.500000000000002 36 19.500000000000004 37 1144.0000000000002 38 2385.5000000000005 39 40 1497.5000000000002 41 293.50000000000006 1926.5000000000002 2033.0000000000002 42 43 2018.5000000000002 20.500000000000004 22.500000000000004 2019.5000000000002 44 45 46 47 4.5000000000000009 2363.5000000000005 2119.5000000000005 9.5000000000000018 1577.0000000000002 2022.5000000000002 1988.5000000000002 48 24.500000000000004 49 16.500000000000004 2190.0000000000005 50 26.500000000000004 1524.5000000000002 1998.5000000000002 51 52 2018.5000000000002 53 13.500000000000002 2048.5000000000005 1583.5000000000002 54 55 222.00000000000003 4.5000000000000009
decision_type=9 9 9 9 2 9 9 9 2 9 1 9 1 2 2 1 1 2 2 1 2 1 2 1 2 1 2 1 2 2 2 1 9 2 2 1 9 2 1 9 1 2 9 9 2 2 9 2 2 1 2 9 1 2 2 2 2 9 2 2 2 1 2 2 1 2 9 2 2 2 2 2 2 9 2 2 2 1 2 9 2 1 2 1 9 2 9 2 2 2 1 1 2 2 2 2 9 1 9 9 2 2 2 2 2 2 2 1 2 9 2 2 9 2 2 2 1 9 2 1 2 2 2 9 1 2 2
left_child=7 2 6 4 5 -3 -2 9 11 10 -1 -9 -13 -14 15 -12 -11 -10 20 -20 24 -22 23 -16 26 -7 27 -18 -28 30 31 -5 -32 -34 38 -36 37 -37 42 40 -40 -42 -35 45 70 73 47 -31 -49 -50 -51 52 53 63 57 119 -57 122 -59 -58 -56 62 -62 64 68 66 71 110 -48 -70 -45 -66 -73 74 -44 76 86 -78 80 -80 -77 82 -82 93 85 -83 87 -53 92 90 -90 100 -89 -81 95 -85 -97 -94 105 107 102 103 -91 104 -102 106 -96 -92 -107 -110 -68 112 -79 -100 116 -116 -95 -118 -119 -55 -121 -67 -54 124 -6 -126 -4
right_child=1 3 126 29 123 25 -8 8 17 16 14 12 13 -15 22 -17 18 -19 19 -21 21 -23 -24 -25 -26 -27 28 -29 -30 46 32 -33 33 34 35 36 -38 -39 39 -41 41 -43 43 44 -46 -47 51 48 49 50 -52 75 54 55 60 56 59 58 -60 -61 61 -63 -64 -65 65 121 67 -69 69 -71 -72 72 -74 -75 -76 78 77 111 79 83 81 84 -84 94 -86 -87 -88 88 89 91 99 -93 97 114 98 96 -98 -99 113 -101 101 -103 -104 -105 -106 108 -108 -109 109 -111 -112 -113 -114 -115 115 -117 117 118 -120 120 -122 -123 -124 -125 125 -127 -128
leaf_value=-0.008521694668393644 -0.0031163470402200957 -0.010426146724195562 -0.005068771642359195 -0.012316830868972466 -0.020193675870060639 -0.00083965807391678097 -0.014193450546308134 0.013861902319199291 0.0035300497822948933 0.010641969347521953 0.014703149301293371 0.0099892693658171234 -0.003319198086733352 0.0062141407080619857 0.0035880664287150088 0.00049270301859022749 -0.0089017582120810672 0.0064617557954049767 0.0059387901360022852 -0.008419813972141128 0.0019957950574148544 0.017851541853361491 0.0043899128015123705 -0.011715415428294157 0.0068848310808630395 0.0015103460701764821 0.010390244555469622 0.0029006847648181209 -0.00043721885724074168 0.006078147907022313 -0.0058691014493739268 0.0019147963290982218 0.0098361518310958549 -0.0040581349280269449 0.0097496920563587622 -0.0044890392165971614 0.0089799439888641544 0.0059936113097263169 0.0010597326038376991 0.0018648198748401818 -0.013292741338781285 -0.00081045964794919227 0.0050732858429417445 0.0068951621714124561 -0.0098659373851143761 -0.00090192344703325102 0.0014983372019636337 -0.015702152442712631 -0.013253269316586814 0.0086315900535278382 -0.0035633454313625072 0.011245100115149939 -0.00042703903696464021 0.0010600534767482553 -0.0015683788532594473 -0.014094249397655198 -0.0079043287054269117 0.0035492646446843804 -0.0053436447938485501 0.0022092604905557096 0.012507802265378794 -0.0014673542006939037 0.0021223961242940281 0.0043644334743617253 0.0082357238546979638 0.0091116857356361557 -0.0026393451898669203 0.0054688015597333254 -0.0014597486259909859 -0.013716184144521951 -0.00063213761540970243 -0.0040315601957523787 0.0045811001033099295 0.0046743434342767978 0.016731608181675791 -0.0091271274574610487 0.0097223127408688319 -0.00066559050338004129 0.0082834488435228892 0.0091198156330516041 0.003310725700259495 -0.0018273323802847645 -0.0065711087785942967 -0.0011158414916800602 -0.0018880904687057585 -0.01689339904990941 -0.006802119703777725 0.0021185023477707883 0.016831800689239427 -0.01468329071963617 -0.0052647706995072527 0.001701473571511654 0.0019997355616134076 0.0076580729268406469 -0.0012510306665337798 0.00010791174290586987 -0.01368081735123792 -0.0079162738830275206 -0.00011417464158934722 0.0072882089614063053 0.012390059660090349 -0.0074714364933997123 -0.0021645465653423661 -0.0042019214806028595 5.0749533339708204e-05 0.0021095325727659613 0.010886321894231424 0.0027919285597466188 -0.0010204930244782193 -0.0072308561924958091 -0.010263439269011659 -0.0040695120943411919 0.0097470188870405171 0.0067548546180472473 -0.006708988170935095 0.0012809136840759275 -0.0039793735380330804 0.0083604894046042221 -0.0018679781544958475 -0.0083989962272798657 0.0011901034737659478 0.0018782707485937575 -0.0061892337790843827 -0.0009479351927931314 -0.0029096658760066341 0.0079935969963517723 -0.0017246489654481679
leaf_weight=278 236 259 1014 240 220 3379 228 403 7505 344 209 745 290 886 237 335 216 2291 201 230 259 216 291 236 572 6261 201 268 230 351 356 349 233 321 445 536 230 434 319 1885 435 426 203 341 250 294 688 241 213 210 604 270 2345 1243 1773 248 277 203 2502 284 344 803 200 1108 324 461 630 266 491 214 533 313 490 896 231 361 593 375 343 324 1448 294 238 777 1275 271 306 608 221 213 220 3778 215 583 503 201 317 807 422 525 208 328 329 244 214 405 201 724 748 624 266 281 230 499 398 1886 352 361 381 393 379 353 352 50555 227 245 7962
leaf_count=278 236 259 1014 240 220 3379 228 403 7505 344 209 745 290 886 237 335 216 2291 201 230 259 216 291 236 572 6261 201 268 230 351 356 349 233 321 445 536 230 434 319 1885 435 426 203 341 250 294 688 241 213 210 604 270 2345 1243 1773 248 277 203 2502 284 344 803 200 1108 324 461 630 266 491 214 533 313 490 896 231 361 593 375 343 324 1448 294 238 777 1275 271 306 608 221 213 220 3778 215 583 503 201 317 807 422 525 208 328 329 244 214 405 201 724 748 624 266 281 230 499 398 1886 352 361 381 393 379 353 352 50555 227 245 7962
internal_value=2.51539e-05 -0.000558363 -0.00243556 -0.000400745 -0.000776012 0.000386013 -0.00874401 0.00435276 0.00487279 0.0028869 0.000136246 0.00766352 0.00625845 0.00383066 0.00202708 0.00623157 0.00447452 0.00421569 0.00354733 -0.00178114 0.00473594 0.00962383 -0.000940151 -0.00421932 0.00317458 0.000686609 0.00085516 -0.00249051 0.00461225 4.55059e-05 0.00104527 -0.00406077 0.00140467 0.00173303 0.00149255 0.00412547 0.00194239 0.000199084 0.000786461 -0.000730118 -0.00485626 -0.00703513 0.00229596 0.00305022 -0.000398733 0.00542513 -0.000165336 -0.00303615 -0.00558306 -0.00320848 -0.000412168 -5.08041e-05 -0.000817427 0.00014367 -0.00176698 -0.00232966 -0.00625147 -0.00293027 -0.00465904 -0.00278444 0.000241496 0.00262376 0.00853279 0.0013903 0.00065735 0.00179139 0.000311522 -0.00250696 -0.00186824 -0.00518014 0.00230472 0.00321129 0.00122399 0.00686454 0.0110245 0.00049298 0.0012445 0.00459909 -0.000114654 0.000653256 -0.00195689 -0.00122278 0.00190449 0.000352264 -0.00407651 -0.00889626 0.0007058 0.000970371 0.000650186 0.00147677 0.00510397 0.000323221 -0.0029016 0.00188768 -0.00104951 -0.00410646 -0.00859239 -0.00588812 0.000111063 0.00320323 -0.00305795 -0.000893267 -0.00708427 0.00234643 0.00613268 -0.00118212 0.00221432 0.000878803 -0.00253435 -0.00390517 -0.00490275 0.00104855 0.00344303 0.00356873 0.00130088 -0.000111372 0.00322429 0.000784333 0.00306707 -0.000755091 -0.00364419 0.00597484 -0.00117474 -0.00100062 -0.00476725 0.00269282 -0.00210009
internal_weight=138456 122013 9440 112573 61146 9899 464 16443 12120 4323 1586 2324 1921 1176 1308 544 2737 9796 2393 431 1962 475 764 473 1487 9640 915 484 431 51427 8957 589 8368 8012 7779 1645 1200 970 6134 3065 1180 861 3069 2748 1124 1624 42470 1619 1268 1027 814 40851 16950 8428 8522 2824 809 5402 2705 561 3120 1347 544 5604 4496 3103 2289 1162 1393 705 874 1127 803 1330 434 23901 10689 1479 13212 9325 3887 3526 1686 8982 1840 565 9210 8904 8634 7004 1690 5314 1630 4285 4697 1295 518 1022 3402 1469 1536 994 542 666 422 2481 704 944 1777 1372 896 886 605 921 3961 2284 1677 1094 742 2015 772 814 2697 51247 692 472 8976
internal_count=138456 122013 9440 112573 61146 9899 464 16443 12120 4323 1586 2324 1921 1176 1308 544 2737 9796 2393 431 1962 475 764 473 1487 9640 915 484 431 51427 8957 589 8368 8012 7779 1645 1200 970 6134 3065 1180 861 3069 2748 1124 1624 42470 1619 1268 1027 814 40851 16950 8428 8522 2824 809 5402 2705 561 3120 1347 544 5604 4496 3103 2289 1162 1393 705 874 1127 803 1330 434 23901 10689 1479 13212 9325 3887 3526 1686 8982 1840 565 9210 8904 8634 7004 1690 5314 1630 4285 4697 1295 518 1022 3402 1469 1536 994 542 666 422 2481 704 944 1777 1372 896 886 605 921 3961 2284 1677 1094 742 2015 772 814 2697 51247 692 472 8976
cat_boundaries=0 3 6 9 12 13 14 17 18 19 20 21 22 23 24 25 26 27 28 29 32 33 35 36 37 38 41 42 43 44 45 46 47 48 49 50 51 52 53 54 55 56 59 60 61 62 63 64 65 66 67 68 69 70 71 72 73
cat_threshold=268462080 4032 532491 60948480 71639040 9453568 18874368 8192 16384 134218496 2181038096 33424 270532608 14 268460032 1280 532481 18 516 16 961 163 20 3968 3520 346 2182 3083 1131 65540 16384 4194304 3 3 536870920 1118 17 2560 0 536870912 1024 28 1 65 10 1477 8 2562 1088 2 16 2468 8388608 1551 2842 4 4194304 134234112 32 1536 1540 16 132 5 17 257 4 17 522 1 68 2155872384 900
is_linear=0
shrinkage=0.05


Tree=55
num_leaves=128
num_cat=41
split_feature=2 2 2 10 2 4 10 2 8 8 6 3 8 8 6 4 7 3 7 4 7 10 8 8 3 7 7 7 8 8 6 2 3 7 8 8 4 3 8 8 8 3 7 4 2 3 3 7 6 2 8 3 2 7 3 7 10 2 4 8 3 10 7 3 4 3 7 4 8 10 7 4 8 3 9 10 7 6 3 9 8 8 8 3 7 9 3 10 9 7 7 9 7 7 3 7 4 7 9 6 10 9 4 9 9 3 4 7 8 8 8 9 9 9 8 7 7 8 8 7 7 7 10 8 7 9 8
split_gain=124.084 22.8696 15.8098 8.26388 7.50721 6.71205 7.74373 5.8757 10.5677 6.16774 5.84633 5.71289 12.0237 8.37333 7.87991 5.57321 7.72919 5.45787 9.26863 8.23614 6.44981 5.75431 5.33552 7.95122 5.31534 11.0967 8.00147 5.48691 5.14109 4.91572 9.94611 4.60375 4.50264 4.4958 4.49226 4.48857 7.66318 12.7189 6.30203 10.6171 7.12742 5.48801 4.29286 9.93907 5.30115 4.30714 4.29017 4.58473 4.25194 9.5733 7.22715 7.04082 9.14628 7.86683 5.91461 5.91087 6.18297 5.88026 10.2752 5.53874 6.91139 4.74378 4.35068 4.20928 3.97323 3.84692 4.33887 3.82178 3.72855 8.24987 4.43223 4.65695 4.19606 5.14894 6.25151 3.83178 7.12017 5.90541 8.09944 5.37996 3.35369 5.65369 5.35517 5.80398 5.27528 16.8285 9.10273 11.0219 9.89579 8.2339 10.7301 9.80158 8.19437 7.8062 6.66013 12.9424 6.33912 5.9164 8.39341 7.1185 5.76105 8.06484 6.60351 5.37571 5.42666 5.09737 6.9382 11.8803 18.5031 9.44046 16.4804 6.2317 6.28268 7.15747 5.9648 9.1396 5.58087 7.259 10.225 10.992 8.87599 7.69723 6.48885 10.4694 5.8215 5.64352 5.10777
threshold=0 1 2 322.50000000000006 3 4 1424.0000000000002 5 178.50000000000003 18.500000000000004 2016.5000000000002 6 168.50000000000003 12.500000000000002 2018.5000000000002 7 12.500000000000002 8 7.5000000000000009 9 23.500000000000004 171.50000000000003 6.5000000000000009 27.500000000000004 10 7.5000000000000009 7.5000000000000009 25.500000000000004 37.500000000000007 10.500000000000002 2016.5000000000002 11 12 14.500000000000002 266.50000000000006 353.50000000000006 13 14 326.50000000000006 300.50000000000006 292.50000000000006 15 5.5000000000000009 16 17 18 19 18.500000000000004 2017.5000000000002 20 128.50000000000003 21 22 16.500000000000004 23 13.500000000000002 228.00000000000003 24 25 223.50000000000003 26 267.50000000000006 18.500000000000004 27 28 29 6.5000000000000009 30 244.50000000000003 1181.0000000000002 28.500000000000004 31 37.500000000000007 32 1727.0000000000002 97.500000000000014 17.500000000000004 2016.5000000000002 33 1900.5000000000002 143.50000000000003 136.50000000000003 147.50000000000003 34 25.500000000000004 2311.0000000000005 35 1392.0000000000002 1669.5000000000002 15.500000000000002 11.500000000000002 2422.0000000000005 2.5000000000000004 7.5000000000000009 36 28.500000000000004 37 29.500000000000004 2129.5000000000005 2019.5000000000002 1283.5000000000002 2074.5000000000005 38 2022.5000000000002 1949.0000000000002 39 40 13.500000000000002 298.50000000000006 292.50000000000006 261.50000000000006 2545.0000000000005 1908.0000000000002 1828.0000000000002 223.50000000000003 24.500000000000004 26.500000000000004 192.50000000000003 316.50000000000006 18.500000000000004 4.5000000000000009 20.500000000000004 1668.5000000000002 343.50000000000006 20.500000000000004 2048.5000000000005 279.50000000000006
decision_type=9 9 9 2 9 1 2 9 2 2 2 9 2 2 2 1 2 9 2 1 2 2 2 2 9 2 2 2 2 2 2 9 9 2 2 2 1 9 2 2 2 9 2 1 9 9 9 2 2 9 2 9 9 2 9 2 2 9 1 2 9 2 2 9 1 9 2 1 2 2 2 1 2 9 2 2 2 2 9 2 2 2 2 9 2 2 9 2 2 2 2 2 2 2 9 2 1 2 2 2 2 2 1 2 2 9 1 2 2 2 2 2 2 2 2 2 2 2 2 2 2 2 2 2 2 2 2
left_child=5 -2 3 22 -5 34 7 8 -7 -9 15 12 -8 -13 -14 24 64 18 -11 -19 21 -20 -3 31 26 -26 -6 46 -25 30 -4 -24 -28 -21 68 36 37 -18 39 40 -38 -41 43 -30 -45 -46 47 -27 54 59 55 53 62 -52 57 -51 -57 58 -44 60 67 63 -53 -61 -17 -66 -67 -50 70 -70 72 -72 -1 -74 -75 76 -76 78 -77 -79 81 84 83 -82 86 94 87 88 -12 90 93 -92 -89 100 95 96 -86 98 99 -96 -88 102 -102 104 -94 111 107 126 109 110 -109 112 113 -84 -115 -116 117 121 124 120 -120 125 123 -122 -119 -108 -107
right_child=1 2 29 4 10 6 11 9 -10 17 80 13 14 -15 -16 16 35 19 20 33 -22 -23 23 28 25 27 32 -29 42 -31 -32 -33 -34 -35 -36 -37 38 -39 -40 41 -42 -43 48 44 45 -47 -48 -49 49 50 51 52 -54 -55 -56 56 -58 -59 -60 61 -62 -63 -64 -65 65 66 -68 -69 69 -71 71 -73 73 74 75 77 -78 79 -80 -81 82 -83 105 -85 85 -87 89 92 -90 -91 91 -93 103 -95 97 -97 -98 -99 -100 -101 101 -103 -104 -105 -106 106 116 108 -110 -111 -112 -113 -114 114 115 -117 -118 118 119 -121 122 -123 -124 -125 -126 -127 -128
leaf_value=-0.00036495352815538759 -0.01692876468834309 0.0056875805723730754 0.01272571152033599 0.0066130626562040584 0.0066016437061434848 -0.0096078660605421751 0.016282663834544266 0.010027860372454794 0.0028363310188055041 -0.01037399864585207 -0.0010000580499266707 -0.0061769106343630351 0.0083311831499322635 0.0041307171064802611 -0.0028038828301778342 -0.0036021399844132699 0.0010282879437316691 0.011721206285736779 0.008759908424411527 0.0055026486638401241 -0.0044936166258412414 -0.00062234775483375419 -0.011762790519934169 0.0046274764933606502 -0.0033461514728964103 0.0062628724424641088 0.00041119578570806398 0.0011438440675792753 0.0039498025431723791 3.7577673802665908e-05 0.0012906840335717359 -0.0030804741520226073 -0.0071388910376493841 -0.0024665455534200933 0.0124187139821265 0.0036712087068095142 -0.0016580042574864306 -0.013049149367963059 0.0053172323855651933 -0.0031320693952610864 0.0077733258646081344 -0.015082037368051285 0.0064178989002903119 -0.01247077736672049 -0.0080747716414231452 0.00060070481405501044 0.0026960959835512352 0.014535038674653356 0.0047705729126391819 -0.011297792449936664 0.0041573446359025297 0.0052677388394307672 -0.00034669375190983005 -0.0076833054222168011 -0.0030166924915114614 0.0054782271463961448 -0.0059486793145576179 0.005292775599615075 -0.0046114221244539103 -0.0001607845124262674 -0.0062413825225052129 -0.010186282856679732 0.015239036198399496 -0.0074896503930727137 0.0045692189986236819 0.005425141479075345 -0.002475973202973943 -0.0018011024379761432 0.0092867138713136708 -0.0025031941871188962 0.0053365689285511646 -0.0032499457955923691 0.0093191477009727276 -0.0015011035400675611 0.0072983817246203 0.0057880425596663586 -0.0025864817329346664 0.011994897011676591 0.018792947510878247 0.0049999944835370479 0.0089186412214641349 -0.00530387910119667 0.00061666097380483245 -0.0019589647740023593 0.0099242232257189863 0.0042758353969130003 0.0055019147548824553 -0.0092110192435780006 -0.014797488097954071 0.0012988847068541982 -0.0030493338005334308 -0.013066826496838725 -0.0016054454281402286 0.0020875141407657111 0.00079367550901578144 -0.0093065629292639999 -0.0016004119155695663 -2.2943249082086774e-05 -0.012703245192461778 -0.0094180225479321075 -0.0023183788386024651 -0.00036084698513150215 -0.010274023589800445 -0.0021446945006235239 0.0093167996860524533 -0.0011595597304414553 0.00096423696946236969 -0.011709752981514613 0.0039483189208732302 -0.014269421631872135 -0.0010120714644833943 -0.0048679216929318906 0.00047140420665788105 -0.0085482870384633626 0.0033318928603468276 -0.0090420085917932071 -0.0038028698672247854 0.0047738448279091503 0.0048932558009882679 0.003540532235671032 -0.014062281862393132 0.0046775550873396727 -0.0015876827725848021 -0.0014459879394959319 -0.00081012628113403336 -0.0063647963016118751 0.0066825751419965513
leaf_weight=254 202 205 219 332 282 313 301 241 375 205 205 208 439 3734 249 283 277 265 334 350 320 320 338 276 411 335 418 406 237 55322 1444 316 369 358 218 335 1895 382 324 210 224 202 310 338 331 252 295 335 278 209 251 232 456 318 1130 201 288 655 612 361 804 588 207 436 1111 254 550 945 226 432 338 281 1103 304 386 325 345 307 215 2628 286 954 1065 209 215 585 250 343 355 4622 1909 280 224 2227 319 310 254 246 618 367 628 1808 462 1796 231 1081 354 650 417 423 807 681 12340 600 377 247 1223 1689 232 710 409 276 522 275 645 1018 257
leaf_count=254 202 205 219 332 282 313 301 241 375 205 205 208 439 3734 249 283 277 265 334 350 320 320 338 276 411 335 418 406 237 55322 1444 316 369 358 218 335 1895 382 324 210 224 202 310 338 331 252 295 335 278 209 251 232 456 318 1130 201 288 655 612 361 804 588 207 436 1111 254 550 945 226 432 338 281 1103 304 386 325 345 307 215 2628 286 954 1065 209 215 585 250 343 355 4622 1909 280 224 2227 319 310 254 246 618 367 628 1808 462 1796 231 1081 354 650 417 423 807 681 12340 600 377 247 1223 1689 232 710 409 276 522 275 645 1018 257
internal_value=9.49838e-06 -0.000519997 -0.000491626 -0.00101954 -0.000774532 0.00424304 0.00322874 0.00126626 -0.00278458 0.00243237 -0.000820264 0.00446149 0.00786817 0.00357776 0.0043012 0.000352773 -0.000507146 0.00159306 -0.000704768 0.00434002 0.0013231 0.0041692 -0.00230027 -0.0024582 0.00217083 0.00383858 -0.000619077 0.00602043 -0.00209895 0.000118073 0.00279656 -0.00779463 -0.00321429 0.00145251 0.00534101 -0.00185883 -0.00238603 -0.007205 -0.0012441 -0.00208895 -0.000661016 -0.00943312 -0.00229564 -0.0051471 -0.00744999 -0.00437793 0.00807213 0.010246 -0.0018969 -0.00268645 -7.2788e-05 0.00192298 0.0046575 -0.00241761 -0.000271116 -0.00425979 -0.00125173 0.00170455 -0.00087401 -0.00432969 -0.00267716 -0.00677947 0.00974743 -0.00426604 0.00185754 0.00266924 1.99025e-05 -0.00028072 0.00513251 0.00154623 0.00549634 0.00147236 0.00592089 0.00620533 0.00541113 0.0059236 0.00263316 0.00661578 0.0114211 0.00573166 -0.00104734 -0.00155156 -0.000685869 0.00446647 -0.00135545 -0.00330567 -0.000984991 -0.00337447 -0.00974664 -0.000363476 -0.00137975 -0.00433069 -0.00201183 -0.000177954 -0.00520999 -0.00136197 0.00386022 -0.00708941 -0.00847687 -0.00466943 -0.00178062 -0.00240886 -0.00580593 -0.000914842 0.00393969 -0.00078285 -0.00160393 -0.00338921 -0.00558015 -0.00769364 -0.00578454 -0.00019239 2.51314e-05 -0.00238073 -0.00498875 -0.00156611 -0.000717956 -0.000103655 0.000939673 -0.00154976 -0.00406304 -0.00294115 -0.00578598 -0.00898994 0.00323072 -0.00447378 0.00034674
internal_weight=138366 122992 122790 65805 55231 15374 8012 3081 688 2393 54899 4931 989 3942 688 8898 6047 2152 1179 973 974 654 10574 10369 2851 1782 1069 1371 9715 56985 1663 654 787 708 7362 3849 3514 659 2855 2531 2119 412 9439 1158 921 583 965 670 8281 5574 2162 1464 895 569 2707 698 489 1577 922 3412 2027 1385 439 797 2198 1915 804 1223 7144 658 6486 619 5867 5613 4510 4206 731 3475 540 2935 46001 19208 26793 495 18254 2914 15340 3154 560 12186 7564 2189 2594 5375 2329 779 469 1550 1304 686 3148 2898 1090 2251 455 26298 10988 3635 2297 1880 1457 15310 14629 2289 1224 624 7353 6130 4482 2148 1438 1648 1206 684 2334 1372 1338
internal_count=138366 122992 122790 65805 55231 15374 8012 3081 688 2393 54899 4931 989 3942 688 8898 6047 2152 1179 973 974 654 10574 10369 2851 1782 1069 1371 9715 56985 1663 654 787 708 7362 3849 3514 659 2855 2531 2119 412 9439 1158 921 583 965 670 8281 5574 2162 1464 895 569 2707 698 489 1577 922 3412 2027 1385 439 797 2198 1915 804 1223 7144 658 6486 619 5867 5613 4510 4206 731 3475 540 2935 46001 19208 26793 495 18254 2914 15340 3154 560 12186 7564 2189 2594 5375 2329 779 469 1550 1304 686 3148 2898 1090 2251 455 26298 10988 3635 2297 1880 1457 15310 14629 2289 1224 624 7353 6130 4482 2148 1438 1648 1206 684 2334 1372 1338
cat_boundaries=0 3 5 8 11 12 15 16 17 18 19 20 23 24 25 26 27 28 31 32 33 36 37 40 41 44 45 46 47 48 49 50 51 52 53 54 55 56 57 58 59 60
cat_threshold=268494848 3776 4988938 6291456 8192 184745988 105185536 9455760 134348800 0 1048576 3760 268435456 512 4988930 2 1616 19 6 5 131072 65536 8404992 1 2056 18 14 192 134348804 0 8390656 14 10 134217732 33619968 16384 9 131072 4194304 8390656 13 134348800 4194304 2048 200 19 5 2 21 1056 1072 65 6 21 1 17 33 144 25 2178
is_linear=0
shrinkage=0.05


Tree=56
num_leaves=128
num_cat=38
split_feature=2 2 2 10 2 6 7 8 9 8 9 8 6 10 8 8 8 2 3 2 7 2 2 1 6 2 6 8 5 3 8 8 3 3 7 7 10 7 9 7 7 7 8 7 9 7 3 7 7 8 7 10 8 3 7 9 10 2 2 8 6 7 8 3 7 1 7 2 6 8 9 8 8 8 10 7 5 9 9 3 9 9 10 3 10 10 2 8 9 7 7 9 7 9 3 7 3 10 2 9 2 9 0 8 8 2 8 8 8 7 3 3 6 7 9 9 7 3 6 3 6 3 3 9 9 7 8
split_gain=111.9 20.8666 14.368 7.17667 6.80088 5.29364 5.29283 5.24637 9.01818 7.21317 6.22067 14.8298 4.97576 13.4344 4.78545 7.27664 4.60139 4.38793 10.9418 4.16711 4.1545 16.0016 9.65648 6.52837 4.83442 7.7246 6.60165 5.27958 5.23759 5.06085 7.20927 4.80027 4.72961 3.90146 12.6186 7.74071 8.16317 7.24686 6.42672 14.7877 7.07277 6.42074 5.54785 4.59525 4.32801 4.10928 6.04131 4.68249 4.3099 9.8969 6.29985 7.03075 3.91008 4.53114 4.85988 3.71098 3.67847 15.6883 8.32929 6.26801 16.5932 7.75949 7.15273 5.61046 4.97284 4.55521 5.03124 11.26 11.6418 10.2001 9.5108 6.35462 6.79295 5.3493 10.9356 6.15978 7.44637 6.53439 5.05034 4.87205 4.86086 10.1809 9.35409 11.9221 7.99083 6.5477 12.9425 12.5049 10.7609 14.0048 7.78904 7.04922 12.9143 10.8338 7.32817 6.23184 10.6846 9.71186 7.74096 6.64232 6.49513 6.71869 8.62931 6.09329 12.3693 10.4851 7.33496 12.9055 12.6963 9.66123 9.53146 6.7786 9.67304 10.6715 6.77179 10.3995 6.53362 5.97868 6.77 5.96064 5.5712 9.2172 5.49299 8.03298 5.38961 5.07918 4.79327
threshold=0 1 2 322.50000000000006 3 2016.5000000000002 1.5000000000000002 350.50000000000006 2181.0000000000005 345.50000000000006 2545.0000000000005 336.50000000000006 2016.5000000000002 97.500000000000014 6.5000000000000009 27.500000000000004 37.500000000000007 4 5 6 9.5000000000000018 7 8 9 2018.5000000000002 10 2020.5000000000002 334.50000000000006 11 12 234.50000000000003 149.50000000000003 13 14 7.5000000000000009 24.500000000000004 1561.5000000000002 5.5000000000000009 2016.0000000000002 16.500000000000004 25.500000000000004 21.500000000000004 151.50000000000003 28.500000000000004 2093.5000000000005 8.5000000000000018 15 11.500000000000002 17.500000000000004 202.50000000000003 14.500000000000002 1436.5000000000002 206.50000000000003 16 16.500000000000004 1669.5000000000002 82.500000000000014 17 18 102.50000000000001 2018.5000000000002 21.500000000000004 49.500000000000007 19 21.500000000000004 20 14.500000000000002 21 2019.5000000000002 256.50000000000006 1973.5000000000002 317.50000000000006 158.50000000000003 346.50000000000006 1600.0000000000002 13.500000000000002 22 2066.0000000000005 2196.0000000000005 23 2005.0000000000002 2010.0000000000002 1569.5000000000002 24 1447.0000000000002 258.00000000000006 25 81.500000000000014 2174.5000000000005 18.500000000000004 29.500000000000004 2102.0000000000005 18.500000000000004 2385.5000000000005 26 23.500000000000004 27 1424.0000000000002 28 1828.0000000000002 29 1864.0000000000002 30 179.50000000000003 204.50000000000003 31 262.50000000000006 328.50000000000006 258.50000000000006 17.500000000000004 32 33 2017.5000000000002 22.500000000000004 2082.5000000000005 2196.0000000000005 16.500000000000004 34 2018.5000000000002 35 2018.5000000000002 36 37 1908.0000000000002 2165.0000000000005 26.500000000000004 89.500000000000014
decision_type=9 9 9 2 9 2 2 2 2 2 2 2 2 2 2 2 2 9 9 9 2 9 9 9 2 9 2 2 1 9 2 2 9 9 2 2 2 2 2 2 2 2 2 2 2 2 9 2 2 2 2 2 2 9 2 2 2 9 9 2 2 2 2 9 2 9 2 9 2 2 2 2 2 2 2 2 1 2 2 9 2 2 2 9 2 2 9 2 2 2 2 2 2 2 9 2 9 2 9 2 9 2 9 2 2 9 2 2 2 2 9 9 2 2 2 2 2 9 2 9 2 9 9 2 2 2 2
left_child=7 -2 3 14 -5 6 -6 9 -9 10 12 -12 13 -1 -3 19 -17 -10 -19 -16 21 -18 -22 -23 27 32 29 28 -24 -27 31 -31 -26 34 37 41 42 -8 39 -36 -41 45 -37 -38 -43 46 -35 -47 50 -50 51 -49 -40 54 -54 -14 57 -4 -59 61 63 62 -60 -61 -65 -58 67 68 70 -70 -67 72 78 75 -75 -69 77 -77 -72 -74 82 -82 84 -84 95 87 88 -83 119 -90 91 92 -89 120 -94 100 99 98 -98 -97 -68 -102 122 105 -105 -88 108 110 109 -106 -108 112 126 -114 125 -116 -109 -86 -119 -87 -93 -122 123 -103 -112 -113 -107
right_child=1 2 56 4 5 -7 33 8 17 -11 11 -13 55 -15 15 16 20 18 -20 -21 22 23 24 -25 25 26 -28 -29 -30 30 -32 -33 -34 35 38 36 43 -39 52 40 -42 44 -44 -45 -46 47 -48 48 49 -51 -52 -53 53 -55 -56 -57 65 58 59 60 -62 -63 -64 64 -66 66 80 73 69 -71 71 -73 79 74 -76 76 -78 -79 -80 -81 81 85 83 -85 117 86 103 90 89 -91 -92 93 94 -95 -96 96 97 -99 -100 -101 101 102 -104 104 106 111 107 116 -110 -111 124 114 113 -115 115 -117 -118 118 -120 -121 121 -123 -124 -125 -126 -127 -128
leaf_value=-0.00056820723638271781 -0.015773443723590252 0.0054032015883954381 -0.0083667019761598377 0.0062920776420485299 0.0081961050002421279 -0.00099903802313229821 0.0010659234116717083 -0.0072650534116148364 -0.0006131678877314905 0.011677095442449522 0.0053994729927858169 -0.011868276090948468 -0.00072140679522767013 0.0087854517609943922 -0.011191551655466701 0.0043961027862362409 -0.013805865764053321 0.013152365015840212 -0.0018828465265181402 -0.002931175065659103 0.0073627695358320054 0.0060375710968973758 0.00022573062308843712 -0.0031957804038570065 0.0049292846876496993 -0.00065489469571307368 -0.0012523647180893585 0.005427702827568149 -0.0040864277516913855 -0.0087761099387627869 -0.0034719721778467836 -0.017548142459592336 -0.0019889576690011231 0.0040787372712785489 0.0031033895487058249 0.0047537783057749515 -0.001114097136957318 0.011921111818005963 0.0016344406811685875 -0.015852959526516202 -0.0044886315998880202 -0.0085087397577089455 0.015911713204823617 0.0070909282841120184 0.00050876824022163441 0.00656015383926907 -0.003804756491100621 -0.003997150762331988 0.0097946376465958811 -0.002639614140633682 -0.0054831650174981227 0.0072219532747225318 -0.0047135823487404749 -0.0058875277407894862 0.0040089533660405624 0.0041086760954050791 -0.0066572030734886808 0.011658154356907919 0.00030442970837227262 0.0027446090824479715 -0.0038460941289282869 0.0061106980508060871 -0.010952302739849068 0.013679015192270681 0.0044705252332253708 0.013053903800821998 0.0073548102089645052 0.00011504459808911097 -0.004797515284837294 0.0073402754342814366 0.012679949739090677 0.011601646256117478 0.0040491906388675095 -0.01126949700159266 0.0039160597111726992 0.011703256264259602 -0.00030435175406285102 0.0021081678404982541 0.0018787198487949066 -0.0044871254789953432 -0.0086162135145606469 0.0083818623716591517 0.00084437886168487277 0.012958308331617886 -0.0063727691547733603 -0.015839483271007457 0.0076775299418364307 -0.0043960480157859286 0.0093557168133556849 -0.0060153393596093264 -0.0069573221479887655 -0.0065436666820916523 0.012149757747739128 0.0079505326923170541 0.0018685222261895736 -0.0083077700557143263 0.011759411864660924 0.013856087226203868 0.0020026531102882938 0.0019117729370532717 0.0009616190397084062 -0.009203362057588765 -0.011963428229472018 0.0055284153473806 0.0085674548883818927 0.005096748178016931 -0.00070638329122000589 -0.010080197502125417 -0.013409549857944162 -0.0025816272719435631 0.0013722468415134281 -0.0055430488113970416 -0.014156692281139313 -0.0034782220062896693 0.002766583098344984 -0.002431396141820627 -0.001126897600590162 0.0053383274598497871 -0.0029561321234234193 -0.0047611688662852559 -0.0046387437813632942 0.0061966550470818971 0.0021264812347416644 0.00075164109355935248 0.00775388463165653 0.0018918152685053384 -0.0047430013814069687
leaf_weight=503 213 205 325 332 209 45997 410 266 414 325 326 201 413 1621 338 276 343 262 220 316 282 206 2064 1766 300 233 627 327 1060 392 363 259 1210 330 282 244 552 246 822 317 241 344 205 247 217 457 852 246 347 297 463 323 287 600 360 10711 244 250 331 420 461 246 246 428 223 383 237 19425 573 248 220 233 292 285 203 376 656 336 213 365 409 530 541 322 712 300 276 307 200 572 350 590 409 278 320 318 220 232 1899 318 1905 423 241 987 216 264 965 226 248 1935 489 1220 414 538 1688 2238 2071 343 870 249 460 327 530 389 1023 283 233
leaf_count=503 213 205 325 332 209 45997 410 266 414 325 326 201 413 1621 338 276 343 262 220 316 282 206 2064 1766 300 233 627 327 1060 392 363 259 1210 330 282 244 552 246 822 317 241 344 205 247 217 457 852 246 347 297 463 323 287 600 360 10711 244 250 331 420 461 246 246 428 223 383 237 19425 573 248 220 233 292 285 203 376 656 336 213 365 409 530 541 322 712 300 276 307 200 572 350 590 409 278 320 318 220 232 1899 318 1905 423 241 987 216 264 965 226 248 1935 489 1220 414 538 1688 2238 2071 343 870 249 460 327 530 389 1023 283 233
internal_value=8.91055e-06 -0.000491855 -0.000464087 -0.000967687 -0.000739412 -0.000782941 0.000333263 0.00404578 0.000819192 0.00431456 0.00414085 -0.00118652 0.00435277 0.00657034 -0.00216165 -0.00231131 -0.00196741 0.0032192 0.00639103 -0.00741624 -0.00215362 -0.00399355 -0.00155513 -0.00220565 -0.00193102 -0.0032767 -0.00540865 -0.000617054 -0.00124978 -0.00754184 -0.00902884 -0.0122661 -0.000591086 0.000144135 -0.00112443 0.00102692 0.00445377 0.00513662 -0.0025402 -0.00622856 -0.0109447 -7.38087e-05 0.00984816 0.00142238 -0.00502068 0.000763355 -0.00160146 0.00207382 0.000850513 0.00406021 -0.00115244 0.00237151 -0.00104275 -0.00280751 0.000137633 0.00392935 0.000116289 0.00184187 0.00313558 0.00218537 0.0040853 -0.00132475 -0.0044948 0.00749928 0.0103654 2.297e-05 5.44221e-05 0.00059762 0.00374623 -0.00113105 0.00611534 0.00410667 0.00250453 0.000221876 -0.00495255 0.000343424 0.00358631 0.00707586 0.00736664 -0.000699873 -0.000374996 -0.000806222 0.000560765 0.00552423 6.48205e-05 -0.000648136 -0.00106516 0.0012945 -0.0057949 -0.0020332 5.92763e-05 0.000971877 0.00420635 -0.00105284 0.00782903 0.000879288 0.00258065 0.00412636 0.00308057 -0.00314849 -0.000485002 -0.00103581 -0.00344609 -0.000652954 0.000280478 -0.00171856 -0.000441635 0.000691789 -0.00269714 -0.00146205 0.00319521 -0.00210371 -0.00513484 -0.00812201 -0.00128675 -0.000196503 -0.00200781 -0.00277503 -0.000605714 -0.0111901 -0.00287052 -0.000116819 -0.00181386 -0.00438033 0.0056526 -0.00414314 0.000483747
internal_weight=138366 123104 122891 65794 55227 54895 8898 15262 1162 14100 13775 527 13248 2124 10567 10362 9708 896 482 654 9432 2315 7117 1972 6835 3384 1874 3451 3124 1247 1014 651 1510 8689 3565 5124 1248 656 2909 840 558 3876 449 799 561 3315 1182 2133 1676 644 1032 569 2069 1247 647 11124 57097 2930 2605 2355 1532 823 577 1071 651 54167 53923 23808 2527 821 1706 1323 1090 21281 488 20793 1368 712 433 657 30115 20615 9500 863 8637 20206 16635 3571 1321 772 3041 2691 1036 1655 729 6712 2987 2351 2119 636 3725 3488 1583 15314 8160 7154 7173 4774 2399 2151 2477 6878 1449 952 5429 3926 2297 1925 1213 549 1377 787 1342 812 1512 1503 497
internal_count=138366 123104 122891 65794 55227 54895 8898 15262 1162 14100 13775 527 13248 2124 10567 10362 9708 896 482 654 9432 2315 7117 1972 6835 3384 1874 3451 3124 1247 1014 651 1510 8689 3565 5124 1248 656 2909 840 558 3876 449 799 561 3315 1182 2133 1676 644 1032 569 2069 1247 647 11124 57097 2930 2605 2355 1532 823 577 1071 651 54167 53923 23808 2527 821 1706 1323 1090 21281 488 20793 1368 712 433 657 30115 20615 9500 863 8637 20206 16635 3571 1321 772 3041 2691 1036 1655 729 6712 2987 2351 2119 636 3725 3488 1583 15314 8160 7154 7173 4774 2399 2151 2477 6878 1449 952 5429 3926 2297 1925 1213 549 1377 787 1342 812 1512 1503 497
cat_boundaries=0 3 5 8 11 14 15 18 21 24 25 28 29 30 31 32 33 34 37 40 41 42 45 46 47 48 50 51 52 55 58 59 62 63 64 65 66 67 68
cat_threshold=268478464 3776 4464650 23068672 8192 167968772 105185536 9455760 134348800 0 1048576 268435456 0 8 26 131072 65536 8404992 33685504 0 8388608 0 0 8388608 2286944384 167903232 71303168 2048 6 2 1 5 16 4 512 16384 32768 2 0 524288 6 1090527360 768 134234112 32769 6 17 26 257 134217744 25 1 262656 134234112 1 0 16 513 129 262656 16384 512 9 4 5 17 22 11
is_linear=0
shrinkage=0.05


Tree=57
num_leaves=128
num_cat=39
split_feature=2 2 2 10 2 4 10 3 8 8 6 2 8 8 3 4 6 4 8 8 8 3 8 6 8 8 8 8 2 8 9 2 6 9 3 6 4 2 3 2 10 9 4 9 10 9 2 8 3 4 8 3 3 10 8 8 2 4 1 10 6 2 8 8 8 3 3 4 8 6 8 8 9 8 8 9 3 8 9 10 8 8 3 8 9 10 8 2 8 9 10 8 8 8 3 3 8 3 8 8 10 10 8 8 10 8 8 8 3 8 10 9 9 8 8 9 8 8 3 9 9 8 8 6 10 8 8
split_gain=101.23 18.6908 12.8157 6.51796 6.15115 5.83946 6.82877 5.32642 10.6487 7.55614 6.58933 5.29053 9.56338 5.3622 4.95965 7.53462 4.75757 4.70763 4.52543 6.99999 7.44219 5.49729 4.42337 8.94271 4.32269 6.588 4.15617 4.05617 3.77189 3.70097 3.61715 7.82483 6.40513 5.06661 8.45389 6.62976 6.46055 4.95601 4.64609 6.29669 5.91919 4.45963 4.34349 3.41804 6.92245 5.32351 4.5039 5.4446 3.93 5.87992 3.87652 3.74434 3.35329 3.34805 4.2535 4.3985 3.34418 4.01604 4.42632 6.16244 5.11331 3.41889 2.99046 5.10574 4.85436 5.25532 4.73297 6.19593 19.871 6.84519 5.85781 5.5757 4.48002 4.25376 10.425 6.92657 3.42091 4.40941 3.8314 3.41543 3.38788 15.5599 14.8951 14.568 5.61337 5.68789 10.1889 4.73858 6.58522 4.83264 8.21698 10.4928 6.43522 12.0091 6.34879 5.66402 5.34948 4.99752 4.84116 5.12648 6.99919 4.32476 9.03495 6.74771 3.94023 3.83142 3.6322 3.56923 3.55351 3.48265 3.17879 3.15389 3.02289 5.20977 5.36074 7.02109 3.00948 4.4907 2.97331 12.7218 8.73127 4.04107 4.7551 5.83736 3.90269 3.34792 6.06864
threshold=0 1 2 322.50000000000006 3 4 1424.0000000000002 5 168.50000000000003 12.500000000000002 2018.5000000000002 6 178.50000000000003 18.500000000000004 7 8 2016.5000000000002 9 237.50000000000003 206.50000000000003 187.50000000000003 10 10.500000000000002 2016.5000000000002 6.5000000000000009 27.500000000000004 37.500000000000007 266.50000000000006 11 93.500000000000014 1941.5000000000002 12 2019.5000000000002 2010.0000000000002 13 2020.5000000000002 14 15 16 17 43.500000000000007 1900.5000000000002 18 2311.0000000000005 1630.0000000000002 2515.5000000000005 19 223.50000000000003 20 21 143.50000000000003 22 23 126.50000000000001 308.50000000000006 340.50000000000006 24 25 26 259.50000000000006 2017.5000000000002 27 143.50000000000003 136.50000000000003 147.50000000000003 28 29 30 298.50000000000006 2020.5000000000002 357.50000000000006 153.50000000000003 2102.0000000000005 313.50000000000006 307.50000000000006 2545.0000000000005 31 220.50000000000003 2003.0000000000002 1602.0000000000002 298.50000000000006 291.50000000000006 32 316.50000000000006 1926.5000000000002 1605.0000000000002 323.50000000000006 33 197.50000000000003 1900.5000000000002 1477.0000000000002 225.50000000000003 256.50000000000006 261.50000000000006 34 35 272.50000000000006 36 192.50000000000003 199.50000000000003 1587.5000000000002 1668.5000000000002 344.50000000000006 347.50000000000006 1519.5000000000002 214.50000000000003 183.50000000000003 247.50000000000003 37 247.50000000000003 1487.5000000000002 2010.0000000000002 2048.5000000000005 160.50000000000003 170.50000000000003 2082.5000000000005 293.50000000000006 279.50000000000006 38 1896.5000000000002 1669.5000000000002 115.50000000000001 89.500000000000014 2019.5000000000002 1207.0000000000002 6.5000000000000009 17.500000000000004
decision_type=9 9 9 2 9 1 2 9 2 2 2 9 2 2 9 1 2 1 2 2 2 9 2 2 2 2 2 2 9 2 2 9 2 2 9 2 1 9 9 9 2 2 1 2 2 2 9 2 9 1 2 9 9 2 2 2 9 1 9 2 2 9 2 2 2 9 9 1 2 2 2 2 2 2 2 2 9 2 2 2 2 2 9 2 2 2 2 9 2 2 2 2 2 2 9 9 2 9 2 2 2 2 2 2 2 2 2 2 9 2 2 2 2 2 2 2 2 2 9 2 2 2 2 2 2 2 2
left_child=5 -2 3 24 -5 27 11 8 -8 -9 -10 12 -7 -13 53 -16 17 18 19 20 21 -6 23 -4 -3 28 -27 43 -26 -23 31 32 -28 34 37 -36 -35 -32 39 -38 -40 52 -41 44 46 -45 48 -48 49 -1 -46 -47 -33 -15 -55 -56 57 61 59 -59 -61 -42 63 118 65 -64 67 68 116 70 73 79 -65 74 -69 -75 77 -71 -78 -68 81 87 -83 110 -85 86 -86 89 -89 94 91 -91 98 95 -73 -94 -95 -98 106 -100 104 103 -103 -87 -101 -106 112 -107 -104 -102 -82 -112 -92 -114 -115 -116 117 -66 119 120 -18 122 -121 -124 -120 -126 -127
right_child=1 2 22 4 16 6 7 9 10 -11 -12 13 -14 14 15 -17 62 -19 -20 -21 -22 29 -24 -25 25 26 30 -29 -30 -31 33 41 -34 36 35 -37 38 -39 40 42 56 -43 -44 45 50 51 47 -49 -50 -51 -52 -53 -54 54 55 -57 -58 58 -60 60 -62 -63 64 72 66 -67 71 69 -70 76 -72 80 -74 75 -76 -77 78 -79 -80 -81 83 82 -84 84 85 101 -88 88 -90 90 92 -93 93 96 -96 -97 97 -99 99 100 109 102 108 -105 105 107 -108 -109 -110 -111 111 -113 113 114 115 -117 -118 -119 124 121 -122 -123 123 -125 125 126 -128
leaf_value=0.0050325636981776167 -0.014381128959589604 0.0051330415830129717 0.012062228585010795 0.0059866727536410777 -0.0057775365535444002 -0.0092910782576868904 0.015247559422828983 -0.0060734992232867706 0.0076572187329750673 0.0037182303489792291 -0.0025252427539253332 0.0092327376557088999 0.0025470265425741674 0.0025579775362875043 0.011043624970723283 0.001228819472694505 -0.0015325692272535316 -0.00047401978906750448 0.0089693634788137536 -0.0024364419486463985 0.0086440836540777645 0.006068575652111205 3.0064204025687592e-05 0.0012193361871027581 -0.010648053671211946 0.0041762975604059107 -0.0038594545052523066 0.011580927748795933 -0.0027891120637257793 0.00029885768339767854 0.0085127983147198494 -0.000836428587198731 0.0049727428996164391 -0.0080261523212458198 0.0010145201866825421 -0.0097534398407195556 -0.0091689563882672003 8.445322840998415e-05 -0.0069661075494496716 -0.0065760035405510973 0.0027448308914205109 -0.011262849196791651 0.0026100380095656068 0.0082123314102879545 0.0020389867912854243 -0.0016769879071131554 0.0057575584823688188 0.015216017996693096 0.0045418845009444452 -0.0046296080782485668 -0.0066911746091231419 0.0059123790384150478 -0.0066258891601084545 -0.00837422175197086 0.0038815540274338826 -0.0057058306951962776 0.0051535777083764646 0.00042371968882928563 0.0022518143614159722 -2.2287657055770007e-05 -0.008550970396088332 -0.0013773230421674026 0.0085360387783824793 -0.0021641455038367038 0.009948923957062426 -0.0018178183442942764 -0.0094956512360469172 -0.0010310324266356475 -0.0075007616296475085 0.010570350345754164 -0.0093654518513301126 0.007237001763067465 -0.0091451212187138413 0.0030404959821964568 -0.012139396414969842 -0.0041306404985639198 -0.0040020879230107933 0.0024605854361286184 0.0031200677529662191 -0.0011763881265651436 0.0078097739942778067 -0.002488404823317459 -0.017581998335256182 -0.0084028746574286283 -0.0079749825391460388 -0.0098587282279363735 0.0032085034121473069 -0.0046260344550246371 0.0061827102079771538 -0.014827408072323351 0.0031360666516743472 -0.0011219161880981863 -0.0047917899684116784 0.0022557655123573587 -0.00085927609441797048 -0.016564468235918013 -0.001007811233827497 -0.0078471203864266814 0.0059155272993144919 0.0020853020367212595 0.0017834255661247141 0.0033368882907323879 0.00056955177477508226 0.00091178857762107604 -0.0069335460710695214 0.00048899393915354363 -0.0056413258953747179 -0.006001983210604472 -0.0064802000458982975 0.0089899410486069271 -0.0018409608910738861 0.0047168876307413857 0.0047024504042457085 -0.0082757340903691756 -0.0052124727868660741 0.0061515592965833117 0.011517254926729947 0.0024252101904386572 0.0030074869108304252 -0.000607048460416203 -0.014160652498956587 0.0037106547179723997 -0.0020817379424139899 -0.0114429285644791 -0.0044758948137309041 0.0023339683678036986 -0.0012620122631383857
leaf_weight=300 231 205 219 332 221 313 301 208 439 3734 249 241 375 451 265 708 222 6047 215 812 460 477 55322 1444 338 276 458 218 316 666 408 407 372 422 375 231 439 310 377 202 1039 320 319 1344 320 281 626 201 3180 310 211 371 697 240 278 210 243 549 388 239 664 959 286 568 308 209 322 4768 332 246 204 346 386 1384 221 445 313 526 476 200 470 410 276 278 244 418 1232 200 477 266 342 294 238 563 756 217 698 434 424 552 531 634 255 223 416 778 584 291 622 245 265 595 222 394 341 226 232 557 607 1940 357 364 480 255 693 1300 12035
leaf_count=300 231 205 219 332 221 313 301 208 439 3734 249 241 375 451 265 708 222 6047 215 812 460 477 55322 1444 338 276 458 218 316 666 408 407 372 422 375 231 439 310 377 202 1039 320 319 1344 320 281 626 201 3180 310 211 371 697 240 278 210 243 549 388 239 664 959 286 568 308 209 322 4768 332 246 204 346 386 1384 221 445 313 526 476 200 470 410 276 278 244 418 1232 200 477 266 342 294 238 563 756 217 698 434 424 552 531 634 255 223 416 778 584 291 622 245 265 595 222 394 341 226 232 557 607 1940 357 364 480 255 693 1300 12035
internal_value=8.44897e-06 -0.000469806 -0.000442459 -0.000917927 -0.000700486 0.0038323 0.00288693 0.00404438 0.00732958 0.00319347 0.003972 0.00104385 -0.00279795 0.00215109 0.00136802 0.00398707 -0.000741888 0.000316285 0.00198722 0.00142528 0.00314442 0.00128969 0.000106423 0.00264723 -0.00205665 -0.00219908 -0.0018714 0.00485583 -0.00705623 0.00268322 -0.00204863 -0.00379555 9.78931e-05 -0.00149899 0.00129364 -0.00303993 -0.00213212 0.00492497 -0.00165517 -0.00479616 -0.00096956 -0.0060233 -0.00100831 0.00465741 0.0039764 0.00641382 0.0045982 0.00796016 0.00383348 0.000126807 -0.00143006 0.00270646 -0.00455914 -0.000820284 -0.0029244 -0.000244165 -0.000417978 -0.000782127 -0.0024618 -0.00372815 -0.00629366 0.000769274 -0.000946767 -0.00142289 -0.000605363 0.00430013 -0.000697722 0.000158105 0.00319448 -0.000350557 -0.00101672 -0.00122342 -0.00498873 -0.00076692 -0.0015231 0.00129574 0.00264386 0.00498027 0.000290987 -0.00630819 -0.00105575 -0.00157296 -0.00885362 -1.64857e-05 -0.00155545 -0.00103076 0.00135974 -0.00106513 0.00294606 -0.00136338 -0.00178968 -0.00763202 -0.00135322 -0.00366333 0.00174062 -0.0108758 -0.00172723 -0.00370817 -0.000424165 0.000790334 1.78195e-05 -0.00267035 -0.00121044 -0.00611173 -0.00152156 -0.00286229 -0.00228824 -0.00127796 -0.00449778 0.00405868 0.00450322 0.00269616 -0.00100417 -0.0022011 -0.00379588 -0.000682894 0.00646045 0.00510417 -0.00123652 -0.00251923 -0.0093188 -0.00123204 -0.00190462 -0.0053295 -0.000917064 -0.00108754 -0.000911448
internal_weight=138366 122992 122761 65776 55223 15374 8012 4931 989 3942 688 3081 688 2393 2152 973 54891 8898 2851 2636 1824 1364 56985 1663 10553 10348 9694 7362 654 1143 9418 2254 830 7164 1324 606 5840 718 5418 960 4458 1424 521 7144 5148 1996 4617 827 3790 610 531 652 1104 1179 728 488 4081 3838 1840 1452 903 1998 45993 19207 26786 495 26291 10012 1429 8583 7022 16279 954 6818 4989 1829 1561 772 789 522 15757 10521 686 5236 3906 3628 1476 9835 677 9158 8056 560 7496 2150 1102 455 1695 1132 5346 3237 2813 2152 1511 641 2037 1485 2109 1069 877 776 1330 860 1525 1183 961 567 1097 865 18253 3618 579 3039 2675 735 14635 14028 13335
internal_count=138366 122992 122761 65776 55223 15374 8012 4931 989 3942 688 3081 688 2393 2152 973 54891 8898 2851 2636 1824 1364 56985 1663 10553 10348 9694 7362 654 1143 9418 2254 830 7164 1324 606 5840 718 5418 960 4458 1424 521 7144 5148 1996 4617 827 3790 610 531 652 1104 1179 728 488 4081 3838 1840 1452 903 1998 45993 19207 26786 495 26291 10012 1429 8583 7022 16279 954 6818 4989 1829 1561 772 789 522 15757 10521 686 5236 3906 3628 1476 9835 677 9158 8056 560 7496 2150 1102 455 1695 1132 5346 3237 2813 2152 1511 641 2037 1485 2109 1069 877 776 1330 860 1525 1183 961 567 1097 865 18253 3618 579 3039 2675 735 14635 14028 13335
cat_boundaries=0 3 5 8 11 12 13 16 17 18 19 20 23 26 27 28 31 32 34 35 38 39 40 41 42 45 46 47 49 50 51 52 53 54 57 58 59 60 61 62
cat_threshold=268494848 3776 4988938 23068672 8448 167968772 105185280 9455760 134348800 0 1048576 3760 2 268435456 512 4988930 19 6 1616 4 131072 65536 8404992 131072 105119744 1064960 11 2048 131072 65536 8390656 66 33554436 67436544 928 268484608 1152 10 2 144 14 10 134348800 71368704 16384 1804 268435456 0 67174400 21 17 130 1 10 0 67174400 16 4 10 6 2 1
is_linear=0
shrinkage=0.05


Tree=58
num_leaves=128
num_cat=40
split_feature=1 8 4 0 6 1 10 7 4 8 1 9 4 8 8 0 4 1 8 8 3 1 6 4 7 10 8 4 3 1 4 6 8 4 7 7 7 7 7 7 3 3 3 7 9 8 9 3 10 7 10 8 8 3 8 8 8 7 10 7 7 7 3 3 10 7 9 9 9 4 10 4 3 8 8 7 4 7 8 7 8 9 3 1 1 9 9 9 7 7 8 6 9 8 3 6 7 6 3 8 4 1 7 10 10 8 8 8 9 9 7 3 10 10 8 7 6 8 3 7 10 9 7 3 8 8 3
split_gain=22.418 19.0464 16.3004 18.603 13.1382 10.7449 10.8844 11.0162 15.127 10.2266 8.90502 8.36167 8.27188 8.10389 12.8807 8.16804 6.86097 13.2911 6.58421 9.59185 13.6715 9.88658 10.0551 11.8696 16.592 9.24519 9.0404 7.79013 7.55138 12.6108 11.1312 9.06363 28.8589 11.2412 12.0797 11.9618 8.57366 10.4951 6.45223 9.86149 6.44811 6.37296 6.30743 6.16103 14.4157 9.6101 8.91211 6.5842 7.8497 6.0678 15.5637 9.41833 6.04364 6.01742 5.99649 16.4652 8.79246 5.96865 5.89489 6.38209 10.3999 15.4182 17.7638 15.1476 13.4159 10.4406 9.2931 11.2304 8.76869 6.90351 6.15043 6.50555 6.0361 5.88164 5.81411 8.60423 7.67084 5.76424 5.73633 11.6676 5.71278 5.53125 9.41317 5.52656 5.49296 5.07726 13.3316 5.28188 4.95245 4.88493 9.21079 7.89703 5.26375 9.31913 8.83647 7.80625 6.81143 10.9976 5.49451 5.05744 4.75806 4.74914 10.8404 7.31447 6.6967 8.73251 5.68511 4.69552 6.39387 6.96934 4.61793 5.4847 11.2285 7.4375 4.606 4.57047 5.66453 4.53555 18.5846 5.47665 5.8508 10.3424 9.07621 6.41681 4.51416 4.59976 4.50612
threshold=0 12.500000000000002 1 2 2017.5000000000002 3 259.50000000000006 16.500000000000004 4 27.500000000000004 5 1669.5000000000002 6 12.500000000000002 20.500000000000004 7 8 9 172.50000000000003 166.50000000000003 10 11 2019.5000000000002 12 17.500000000000004 1510.5000000000002 101.50000000000001 13 14 15 16 2020.5000000000002 188.50000000000003 17 8.5000000000000018 3.5000000000000004 15.500000000000002 18.500000000000004 13.500000000000002 11.500000000000002 18 19 20 9.5000000000000018 2363.5000000000005 72.500000000000014 2010.0000000000002 21 81.500000000000014 17.500000000000004 56.000000000000007 242.50000000000003 3.5000000000000004 22 357.50000000000006 353.50000000000006 351.50000000000006 1.5000000000000002 228.00000000000003 7.5000000000000009 12.500000000000002 11.500000000000002 23 24 1510.5000000000002 16.500000000000004 2048.5000000000005 2005.0000000000002 2022.5000000000002 25 1859.0000000000002 26 27 149.50000000000003 228.50000000000003 9.5000000000000018 28 10.500000000000002 115.50000000000001 21.500000000000004 360.50000000000006 2010.0000000000002 29 30 31 2005.0000000000002 2074.5000000000005 2102.0000000000005 21.500000000000004 6.5000000000000009 64.500000000000014 2020.5000000000002 1994.5000000000002 124.50000000000001 32 2020.5000000000002 2.5000000000000004 2020.5000000000002 33 91.500000000000014 34 35 11.500000000000002 261.00000000000006 1431.0000000000002 181.50000000000003 187.50000000000003 64.500000000000014 2102.0000000000005 2267.5000000000005 3.5000000000000004 36 215.00000000000003 222.00000000000003 286.50000000000006 9.5000000000000018 2020.5000000000002 145.50000000000003 37 27.500000000000004 1250.5000000000002 1941.5000000000002 18.500000000000004 38 254.50000000000003 265.50000000000006 39
decision_type=9 2 1 9 2 9 2 2 1 2 9 2 1 2 2 9 1 9 2 2 9 9 2 1 2 2 2 1 9 9 1 2 2 1 2 2 2 2 2 2 9 9 9 2 2 2 2 9 2 2 2 2 2 9 2 2 2 2 2 2 2 2 9 9 2 2 2 2 2 1 2 1 9 2 2 2 1 2 2 2 2 2 9 9 9 2 2 2 2 2 2 2 2 2 9 2 2 2 9 2 1 9 2 2 2 2 2 2 2 2 2 9 2 2 2 2 2 2 9 2 2 2 2 9 2 2 9
left_child=1 -1 3 -3 10 6 9 12 -9 53 52 -11 -8 -12 -15 16 17 -16 19 21 25 22 23 24 -7 -21 41 -24 101 30 -30 54 -33 124 35 -35 114 -38 39 -14 115 77 -5 44 83 -45 -47 49 -49 -48 -51 -52 -2 -6 55 56 -31 -23 84 89 61 62 64 -63 -61 85 67 -64 117 -66 71 -68 -73 78 110 -76 -77 -25 -70 -80 -56 -10 -83 -4 -59 -62 -87 -88 -39 92 91 -91 98 94 107 -95 -96 99 -60 -98 -65 102 -20 -104 -103 -106 -107 -94 -109 -110 -13 113 -113 -112 -36 -29 -117 119 -119 120 123 122 -122 -67 -34 -126 -81
right_child=4 2 43 42 5 18 7 8 81 11 13 74 38 14 15 -17 -18 -19 28 20 -22 57 27 26 -26 -27 -28 40 29 31 -32 32 33 34 36 -37 37 88 -40 -41 -42 -43 -44 45 -46 46 47 48 -50 50 51 -53 -54 -55 80 -57 -58 58 59 60 65 63 66 100 69 68 70 -69 73 -71 -72 72 -74 -75 75 76 -78 -79 79 126 -82 82 -84 -85 -86 86 87 -89 -90 90 -92 -93 93 95 96 -97 97 -99 -100 -101 -102 104 103 -105 105 106 -108 108 109 -111 111 112 -114 -115 -116 116 -118 118 -120 -121 121 -123 -124 -125 125 -127 -128
leaf_value=0.018277054096572102 -0.0069476039658603363 -0.015710413379070327 -5.340423406208666e-05 -0.0040664139432931247 -0.0014238242253118739 0.0073189255984416656 0.0050279048938451842 -0.0022581969933568773 -0.004348741273953044 -0.0067768901114142093 0.0082500343336856501 0.0097503236888283953 -0.0026410836164786193 -0.013206975507811745 0.012962716851927389 -0.010596558651974742 -0.001794220883589889 0.00031225651476333148 0.0027482557495130933 -0.016100551236689041 -0.00051884809081554771 -0.0052451497811057202 0.0056846535425921461 -0.0050837230019844162 -0.0082265407209123707 -0.0036878045962786656 0.014424884286497467 -0.0113863792079349 0.013005019142829741 7.2328840219678463e-05 0.0006547053120598929 0.014879112657346278 -0.00037192260058093655 0.0049982106531317834 0.0027924049003765234 -0.0087483149836078255 -0.01066694437137413 0.0061962943587621508 0.0028331623865496809 -0.014297084192732512 0.00053420133915641876 0.010493204126558138 0.0060217966425698257 0.012673662458679506 -0.010167514956081097 -0.0015551220477971206 0.007980284637432368 0.016805148927129008 0.0060661512713712949 -0.01066452321500388 0.0091007493674717718 -0.0017909898097217291 0.00096427498874871679 -0.012468161548133053 -0.011133137054275722 0.01056577135108862 -0.0084952187448449918 -0.0018157163203676202 -0.0053529389325588086 -0.014710645090161387 -0.00051519635946946352 0.00086379193352530441 0.00089571214505214955 -0.014702564623745737 0.004470172936001931 -0.0024478945642754085 -0.00074336999817056337 0.011721217915545286 -0.0014651148500415892 -0.0063646277526741811 0.0034366760200212239 -0.01049148091765925 -0.0018839693815238456 0.0055411571932627883 -0.011259197411450124 0.0058877366328260209 -0.0056662625218759574 0.0061517134359569247 -0.011747102739328299 -0.00598463916017122 -0.0015276355841666452 -0.018925391400897412 -0.0074625950994585549 0.0077972832598110168 -0.010211157752163287 0.014131268518618668 -0.0051518118286010212 0.0027051460841167581 -0.00048281157153477272 0.014137511812311052 -0.00029514590568942371 0.0012606551364700467 0.0071524575846094373 0.0111128072044391 -0.0075891614420695256 -0.00053403697110810137 0.0052953012497312206 -0.0086937820216497555 0.00031145972436784916 -0.0016830497534183102 -0.0065905734216124019 0.0012464164027765061 -0.014741100852381485 -0.0036656063862152382 0.0051295240996306335 -0.0074564067354557385 -0.0011401659471610612 0.0080318462223111266 -0.0068054277895198342 0.0042195405755335877 0.009917713662434836 -0.0059999644547700888 0.0032773996602921589 0.00038698062776742738 0.011324013689065444 -0.0084690736731936958 0.0021677834567416349 0.014322666386615571 -0.0024179893609154127 0.004810970467019917 0.0035598355469806577 0.0013512121798980627 -0.0059229664929809564 0.0063972914494025077 0.012280991546143549 0.004480477127162371 -0.00080315958424697395
leaf_weight=200 243 228 504 311 263 335 400 1099 254 346 228 206 1108 221 222 202 4249 1997 370 336 829 766 410 213 352 271 352 230 380 16483 357 419 392 207 397 672 221 352 381 217 1123 278 290 350 245 596 451 224 708 223 447 357 35933 242 224 371 305 568 751 392 1573 367 1159 494 206 326 1330 302 7264 466 456 430 409 255 202 313 249 246 431 638 501 353 453 400 299 247 237 2195 1312 290 625 202 478 387 445 229 551 312 984 491 379 4311 247 376 546 368 11163 226 321 259 416 500 938 403 263 238 264 268 409 527 307 1596 1417 532 223 1239 1222
leaf_count=200 243 228 504 311 263 335 400 1099 254 346 228 206 1108 221 222 202 4249 1997 370 336 829 766 410 213 352 271 352 230 380 16483 357 419 392 207 397 672 221 352 381 217 1123 278 290 350 245 596 451 224 708 223 447 357 35933 242 224 371 305 568 751 392 1573 367 1159 494 206 326 1330 302 7264 466 456 430 409 255 202 313 249 246 431 638 501 353 453 400 299 247 237 2195 1312 290 625 202 478 387 445 229 551 312 984 491 379 4311 247 376 546 368 11163 226 321 259 416 500 938 403 263 238 264 268 409 527 307 1596 1417 532 223 1239 1222
internal_value=7.80616e-06 0.00312295 0.0025606 -0.00385919 -0.000122202 -0.000467994 -0.00217564 -0.00394418 -0.00645392 -0.000331329 0.000592893 0.000609998 -0.00137128 -0.00102283 -0.00133112 -0.000937632 -0.000618638 0.00163035 -0.000292224 -0.000754909 -0.00476636 -0.000603553 0.00173211 0.00455303 -0.000636876 -0.0103877 0.00776168 -0.000472145 0.000145936 0.000714628 0.00711142 0.000511773 0.00224879 0.00124611 -0.000456373 -0.00551108 0.00128764 -0.000429574 -0.00288424 -0.00455003 -0.0018536 0.00468457 0.000820328 0.00374221 0.000590422 0.00483245 0.00391946 0.00527334 0.0085554 0.00312471 0.00102285 0.00426449 0.000910878 -0.00699145 -4.12722e-05 0.000146923 -8.33241e-05 -0.000881257 -0.000780994 -0.000672067 -0.00102552 -0.0027755 -0.00157034 -0.00778079 -0.00729104 -0.00045042 -6.2668e-05 0.00313343 -0.00106338 -0.00307144 -0.00184176 -0.00295148 -0.00636706 -0.00195312 0.00140202 -0.00240861 0.000772557 0.000917886 -0.00215313 -0.00433459 -0.0044954 -0.0106819 -0.0128103 0.00350601 -0.00484975 0.00173961 0.00306355 0.00193948 0.000930076 0.000721801 0.00373327 0.00885067 0.00010277 0.00116855 4.67361e-05 0.00678306 -0.00221023 -0.000458734 -0.00216945 0.00200704 -0.0112954 -0.000649766 -0.00399049 -0.00805669 -0.00044503 -0.00104918 -0.00134174 0.00320123 0.000897662 -0.00188221 0.00258405 0.00192997 5.1256e-05 0.00516492 0.00619212 -0.00547468 -0.00287519 0.000558407 0.00438488 7.81753e-06 -0.000598037 -0.00154923 -0.00423432 0.00308256 0.00436919 0.0056703 -0.00261696
internal_weight=138366 5534 5334 829 132832 89537 8343 4265 2159 4078 43295 3573 2106 7119 6891 6670 6468 2219 81194 39495 1436 38059 4041 1776 687 607 1089 2265 41699 24318 737 23581 5697 5278 3424 879 2545 1885 1706 1325 1855 737 601 4505 1149 3356 3006 2410 932 1478 1027 804 36176 505 17884 17159 16788 34018 33252 32385 25834 6390 5150 1240 1064 19444 4086 1461 15192 672 2625 2169 839 9810 3227 764 562 459 9555 2291 725 1060 806 904 867 4252 2679 2432 1664 6551 1117 492 5434 3699 3083 616 1799 1354 1735 1042 873 17381 993 623 16388 12077 11531 1284 806 580 2463 2257 1438 819 660 732 502 5382 677 4705 4178 3320 1724 858 1854 1462 1860
internal_count=138366 5534 5334 829 132832 89537 8343 4265 2159 4078 43295 3573 2106 7119 6891 6670 6468 2219 81194 39495 1436 38059 4041 1776 687 607 1089 2265 41699 24318 737 23581 5697 5278 3424 879 2545 1885 1706 1325 1855 737 601 4505 1149 3356 3006 2410 932 1478 1027 804 36176 505 17884 17159 16788 34018 33252 32385 25834 6390 5150 1240 1064 19444 4086 1461 15192 672 2625 2169 839 9810 3227 764 562 459 9555 2291 725 1060 806 904 867 4252 2679 2432 1664 6551 1117 492 5434 3699 3083 616 1799 1354 1735 1042 873 17381 993 623 16388 12077 11531 1284 806 580 2463 2257 1438 819 660 732 502 5382 677 4705 4178 3320 1724 858 1854 1462 1860
cat_boundaries=0 2 3 4 5 6 7 8 9 10 11 12 13 14 15 16 17 18 19 20 21 22 23 24 25 26 27 28 29 30 31 32 33 34 35 36 37 38 39 40 41
cat_threshold=168628768 4 65 36 268574848 1449 2703400960 3 9 1361 8388608 12 3179521 160 32 70 96468992 3076 2056 17 13 19 11 9 1 5 192 193 10 2050 5 590336 2164260864 18 6 193 14712832 18 5 9 24
is_linear=0
shrinkage=0.05


Tree=59
num_leaves=128
num_cat=45
split_feature=2 2 2 4 10 10 10 2 3 9 8 9 7 7 4 2 9 7 2 7 3 2 3 10 8 8 8 7 4 8 10 2 8 0 3 9 10 7 3 8 7 2 2 4 10 3 2 7 3 7 10 2 4 4 4 9 3 7 7 4 9 8 2 3 2 4 7 7 8 7 3 3 8 7 8 9 3 10 4 9 7 4 10 9 10 8 8 3 9 10 3 3 9 7 7 10 10 7 2 10 8 10 7 9 9 8 7 8 7 10 4 3 9 9 7 9 7 8 10 9 8 10 7 4 8 8 8
split_gain=88.1294 15.5148 10.6829 7.78678 11.5579 5.99523 5.65064 5.53845 5.17152 19.5274 10.1043 10.0248 9.92808 17.2397 10.7389 8.98113 7.78767 11.9336 5.02766 5.1617 4.22978 4.31182 4.50493 4.1941 3.89858 5.7977 4.32347 3.67514 6.04281 3.62092 8.04523 3.58459 3.47481 4.4504 7.28848 3.65794 5.34085 4.47018 6.03855 3.57184 3.38437 14.1331 8.8016 8.57419 4.04214 6.07548 5.45159 4.04191 9.07236 6.7898 3.88941 7.68876 9.18051 6.64442 5.05167 6.0235 3.9256 3.47634 3.41196 4.92719 3.47214 3.34527 3.28436 11.6124 3.2502 2.97118 5.13704 16.7612 9.01596 8.92487 8.88332 8.29696 9.02272 12.6324 7.83926 9.48252 7.81006 7.0209 6.58063 6.51364 10.7413 7.0388 6.03476 6.01508 5.62066 5.20529 7.29609 6.53312 7.52104 4.59495 4.51105 4.45544 9.55511 18.1766 7.03279 6.04017 8.74821 5.01939 4.03461 3.88332 4.76979 5.36082 5.42016 3.82759 7.87509 7.28557 6.46677 8.88842 3.71321 3.65316 3.48875 3.39203 4.33743 7.8545 3.67628 8.71105 3.08252 4.89753 4.26414 3.05574 3.17002 2.85706 2.83029 2.79939 2.77714 3.29093 2.97444
threshold=0 1 2 3 17.500000000000004 1600.0000000000002 322.50000000000006 4 5 2143.5000000000005 99.500000000000014 2292.0000000000005 18.500000000000004 14.500000000000002 6 7 2470.5000000000005 19.500000000000004 8 10.500000000000002 9 10 11 1487.5000000000002 6.5000000000000009 29.500000000000004 37.500000000000007 12.500000000000002 12 178.50000000000003 1397.5000000000002 13 266.50000000000006 14 15 2311.0000000000005 1630.0000000000002 20.500000000000004 16 143.50000000000003 9.5000000000000018 17 18 19 273.50000000000006 20 21 11.500000000000002 22 12.500000000000002 259.50000000000006 23 24 25 26 2027.5000000000002 27 23.500000000000004 21.500000000000004 28 2033.0000000000002 202.50000000000003 29 30 31 32 16.500000000000004 12.500000000000002 319.50000000000006 20.500000000000004 33 34 320.50000000000006 18.500000000000004 313.50000000000006 2057.5000000000005 35 2020.5000000000002 36 2040.0000000000002 23.500000000000004 37 1514.0000000000002 2545.0000000000005 1736.5000000000002 317.50000000000006 196.50000000000003 38 2152.0000000000005 1519.5000000000002 39 40 2363.5000000000005 5.5000000000000009 3.5000000000000004 1431.0000000000002 1519.5000000000002 4.5000000000000009 41 2020.5000000000002 343.50000000000006 1776.5000000000002 4.5000000000000009 2152.0000000000005 2170.0000000000005 208.50000000000003 26.500000000000004 239.50000000000003 25.500000000000004 1431.0000000000002 42 43 2311.0000000000005 2060.5000000000005 8.5000000000000018 2152.0000000000005 22.500000000000004 87.500000000000014 1553.5000000000002 2329.5000000000005 327.50000000000006 202.50000000000003 21.500000000000004 44 85.500000000000014 206.50000000000003 332.50000000000006
decision_type=9 9 9 1 2 2 2 9 9 2 2 2 2 2 1 9 2 2 9 2 9 9 9 2 2 2 2 2 1 2 2 9 2 9 9 2 2 2 9 2 2 9 9 1 2 9 9 2 9 2 2 9 1 1 1 2 9 2 2 1 2 2 9 9 9 1 2 2 2 2 9 9 2 2 2 2 9 2 1 2 2 1 2 2 2 2 2 9 2 2 9 9 2 2 2 2 2 2 9 2 2 2 2 2 2 2 2 2 2 2 1 9 2 2 2 2 2 2 2 2 2 2 2 1 2 2 2
left_child=3 -2 6 32 -5 8 24 -8 11 10 -10 12 13 27 -14 -11 17 -17 23 -20 31 -22 -23 -12 -3 62 -27 28 -6 -21 -31 -7 33 34 -1 36 -35 -37 -39 -38 41 -28 -42 -43 46 -46 123 48 -44 -49 53 54 -53 56 55 -52 64 -58 59 -54 -60 -40 -26 -64 -51 66 67 74 85 71 77 72 -68 -74 91 -76 -70 79 -73 80 -71 -81 -80 89 -84 86 87 -69 -89 119 -77 92 95 -94 -93 -9 -97 -96 -99 100 101 102 -92 106 105 -105 -91 -108 -82 -100 -88 112 113 -111 -113 -116 -83 -118 -119 120 -72 -55 -56 -45 -106 -126 -127
right_child=1 2 -4 4 5 20 7 65 9 15 18 -13 14 -15 -16 16 -18 -19 19 29 21 22 -24 -25 25 26 40 -29 -30 30 -32 -33 -34 35 -36 37 39 38 61 -41 42 43 47 44 45 -47 -48 49 -50 50 51 52 58 121 122 -57 57 -59 60 -61 -62 -63 63 -65 -66 -67 69 68 76 70 83 78 73 -75 75 90 -78 -79 82 81 108 116 84 -85 -86 -87 110 88 -90 103 99 94 93 -95 97 96 -98 98 109 -101 -102 -103 -104 104 124 -107 107 -109 -110 111 -112 114 -114 -115 115 -117 117 118 -120 -121 -122 -123 -124 -125 125 126 -128
leaf_value=0.0014069381141284774 -0.012421783110152724 0.0049800038460493835 8.2720496555905207e-05 -0.0080453897451105358 0.0027692027300612872 0.0039352234169921152 0.0056923434844629705 0.0049608686361307525 0.013745575295672982 -0.01138426403814994 -0.0057180622393764625 0.009273582035247507 0.0073048500843427957 -0.0176948341518923 -0.0040559276442025914 0.010721721081398161 -0.0067457860621345268 -0.0037519947814273536 -0.00075081511805380572 0.0044042260522808357 0.007374870350399596 0.0064059403370295438 0.00013745447194639545 0.0044585639948719275 -0.00094644798417513299 0.0053842107417801637 -0.013140221535312861 0.004259826706004389 -0.008094690147064135 0.016564491073069273 0.0040893828162637648 -0.004207934470291586 0.010768131696025685 0.0039789055182260797 0.014001335768224127 0.0080625258461280453 0.0020035137725244569 -0.0028911123395809106 0.0024708904777121106 -0.0063765422500100576 0.0071647497410694625 0.0020731742603642732 -0.0053529960620433614 0.0054453510675604453 -0.0020503269560536658 -0.013556411268147049 -0.0076146599163928871 -0.0089708942016381212 0.0066535587297267386 0.0028123227407178962 -0.0095976787301698882 0.0064628884844070995 -0.0005277711925181476 -0.0057338278735534626 -0.0060847219675091791 0.00066979241139103962 0.001291372855296154 0.0075687104076304279 0.004058843308976337 -0.010054127189662698 -0.0032561733936630373 0.010134785547760056 -0.0011250314784181671 -0.016493360279032924 -0.0046930853188852052 -0.0010056996843984332 0.0095712052876599264 0.0067016484197712951 -0.0018742457109212258 0.0075111468807967791 0.00050749848678287714 0.0043130783075795232 -0.0053113400254711472 0.010569160942501134 0.012627981965819938 0.0063874726910941705 -0.010994314055550217 -0.0072430170723810569 0.0055064910842391023 0.012428019919959276 -0.009991354213512325 -0.001041773431163093 -0.0077711128057368732 0.0032008182081087731 0.00028518843952746642 0.0032078611256380739 -0.0034389506456338698 0.0029842500231328879 -0.0072966488497180383 -0.0018448981963945722 0.0022144794651952782 0.0019098539497066161 -0.0036006010267364075 0.014312032435375911 -0.0087231554888488588 -0.0089401403126944581 -9.5941991430444843e-05 -0.0082800191552450993 0.0042011796609343335 -0.0044826736533435888 0.0067828425652473939 0.0040004438608616365 -0.007593617974301782 -0.0017434384578662199 -0.0075112927590807281 0.01077223815540276 -0.015543880700936605 -0.00198024141912659 -0.0017980503364621353 0.0048965031662955884 -0.011201520453243996 -0.0058644908507167384 0.0066957528465022538 -0.0089647579465827864 0.0062397890597407921 -0.0059814995631194906 0.0093722825779413172 -0.003819178915832059 0.0038144668745472357 0.0055210714814283197 -0.0050993631122470693 -0.0012254850481219605 -0.013017204437801725 -0.0024484952643979343 0.0027005766860291932 -0.00654146259926368 -0.001242098013161246
leaf_weight=201 260 201 56384 255 214 303 332 362 343 212 201 242 468 211 361 278 291 292 236 495 1318 537 614 204 214 209 320 203 301 261 256 228 226 4449 298 1104 320 272 293 211 282 796 248 203 236 242 274 340 397 256 217 339 265 524 298 418 501 394 268 286 411 277 263 235 308 31802 726 221 377 236 1028 713 317 207 215 387 692 203 222 205 235 406 432 581 434 364 314 307 423 501 251 930 251 325 348 368 1164 246 240 322 337 451 321 274 375 202 290 207 336 200 319 816 207 209 257 337 319 224 998 217 334 1067 291 230 237 515 545
leaf_count=201 260 201 56384 255 214 303 332 362 343 212 201 242 468 211 361 278 291 292 236 495 1318 537 614 204 214 209 320 203 301 261 256 228 226 4449 298 1104 320 272 293 211 282 796 248 203 236 242 274 340 397 256 217 339 265 524 298 418 501 394 268 286 411 277 263 235 308 31802 726 221 377 236 1028 713 317 207 215 387 692 203 222 205 235 406 432 581 434 364 314 307 423 501 251 930 251 325 348 368 1164 246 240 322 337 451 321 274 375 202 290 207 336 200 319 816 207 209 257 337 319 224 998 217 334 1067 291 230 237 515 545
internal_value=7.21347e-06 -0.00044877 -0.000422266 0.00349878 0.00243224 0.00276637 -0.000855285 -0.000652958 0.00171788 0.00300188 0.0059359 -0.000266088 -0.0015808 -0.00513026 0.00239683 -0.00242803 -8.95152e-05 0.00330712 0.00431538 0.00586098 0.00453796 0.00539881 0.00309201 -0.000577791 -0.00191669 -0.00205086 -0.00172864 -0.00143789 -0.00368378 0.00746078 0.0103873 0.000425576 0.00465445 0.00447463 0.00905555 0.00412556 0.00341322 0.0059697 0.00322567 -0.00132641 -0.0018866 -0.00355334 -0.0013472 -0.00192866 -0.00461166 -0.00820208 -0.00224942 -0.00170674 0.00205725 -0.00210215 -0.00170246 -0.00305052 -0.000706857 -0.000467997 -0.00599998 -0.00279492 0.00196373 0.00401 -0.00271909 -0.00566453 -0.00036895 0.00608846 -0.00640451 -0.00855907 -0.00129673 -0.000692254 -0.000260108 -0.00100481 -0.00420863 0.000487086 -0.000348313 0.00280572 0.00591493 0.000962064 0.000126498 0.00263385 -0.00789836 0.00174664 0.000611512 0.00236927 -0.00146156 0.00380584 -0.00183143 -0.00159704 -0.00373366 -0.00218383 -0.00342283 -0.000654297 -0.00293286 -0.00219038 0.00159532 -0.000788327 0.000863648 0.00650635 -0.00186231 -0.000847842 -0.0022204 -0.00309543 -0.0023158 0.000452057 0.00162375 -7.5774e-05 -0.00328972 -0.00329502 -0.00210624 0.00356784 -0.00585364 -0.00989464 -0.00517008 -0.0016246 -0.00758218 -0.00232274 0.000785443 -0.00218664 -0.00366026 -0.000693838 0.00281969 0.00385535 0.00241517 1.0509e-05 -0.000867459 -0.00269339 -0.00935101 0.0012917 -0.00372159 -0.00262588 -0.00381679
internal_weight=138366 122391 122131 15975 8324 8069 65747 55214 5069 3069 1996 2000 1758 929 829 1073 861 570 1653 1248 3000 2469 1151 405 10533 10332 9620 718 515 1012 517 531 7651 7425 499 6926 4980 1946 842 531 9411 2301 7110 1981 1185 478 707 6828 645 6183 5843 2793 1569 3050 1224 635 1459 895 1230 551 679 570 712 498 564 54882 23080 11561 3017 11519 8468 3051 1250 524 8544 2284 1069 3162 1801 2959 807 2152 1088 5306 866 1948 1584 951 730 4725 2069 6260 2470 576 3790 1894 1532 2860 2512 1682 1360 1023 572 3146 2148 476 998 497 571 2266 633 2026 616 409 1410 594 1947 1541 1222 1579 1362 1591 589 433 1672 1297 1060
internal_count=138366 122391 122131 15975 8324 8069 65747 55214 5069 3069 1996 2000 1758 929 829 1073 861 570 1653 1248 3000 2469 1151 405 10533 10332 9620 718 515 1012 517 531 7651 7425 499 6926 4980 1946 842 531 9411 2301 7110 1981 1185 478 707 6828 645 6183 5843 2793 1569 3050 1224 635 1459 895 1230 551 679 570 712 498 564 54882 23080 11561 3017 11519 8468 3051 1250 524 8544 2284 1069 3162 1801 2959 807 2152 1088 5306 866 1948 1584 951 730 4725 2069 6260 2470 576 3790 1894 1532 2860 2512 1682 1360 1023 572 3146 2148 476 998 497 571 2266 633 2026 616 409 1410 594 1947 1541 1222 1579 1362 1591 589 433 1672 1297 1060
cat_boundaries=0 3 5 8 9 12 13 14 17 20 21 24 25 26 29 30 31 32 35 38 39 40 43 44 46 47 48 49 50 51 54 55 58 59 60 61 62 63 64 65 66 67 70 71 72 73
cat_threshold=268495872 3776 4988938 52428800 8448 138608644 105185280 9455760 3760 134348800 0 1048576 24 261 268435456 512 524298 0 512 262146 1 0 0 2 18 13 0 0 8 284 10 5 131072 0 8388608 0 0 8388608 1602 17 0 100728832 1064960 12 4194304 65536 264 2694 1572 82 608 0 71303168 18432 14 134348800 71303168 2048 1580 24 6 3 516 1024 1 8 20 0 65536 128 1024 1 172
is_linear=0
shrinkage=0.05


Tree=60
num_leaves=128
num_cat=51
split_feature=2 2 2 8 8 2 8 1 8 10 4 7 7 10 6 4 3 4 0 3 7 7 7 7 6 4 2 4 4 7 4 7 10 4 6 4 1 7 7 4 8 3 3 2 4 10 4 2 7 6 3 8 10 8 7 4 7 2 7 4 6 8 10 2 8 7 7 7 10 3 6 7 4 10 4 2 8 7 8 10 8 7 2 2 2 7 10 8 10 10 7 1 6 6 7 4 4 8 4 8 10 10 8 6 8 4 7 4 3 10 6 4 10 2 3 7 6 3 8 7 3 2 8 7 7 10 7
split_gain=78.3892 13.156 8.55795 5.59001 11.5573 9.39173 5.44749 6.77342 5.5484 5.30918 10.5989 7.73241 6.25157 5.11246 9.49579 6.20924 6.28159 13.3804 6.08218 14.0624 5.93676 10.2507 6.0907 7.92965 15.1763 13.1617 13.1283 17.3045 6.8971 5.56909 11.8767 5.48054 11.5875 13.8046 6.66593 9.61951 13.4117 7.04834 14.0666 14.4544 6.92184 5.83966 4.95023 6.55908 17.5127 7.94942 6.98363 7.04886 8.46751 9.08069 8.27364 6.5587 8.57039 8.2322 6.27738 5.83336 15.3431 12.6212 7.09184 12.5674 10.5917 9.00208 6.6982 5.58366 6.20931 5.68086 5.35581 15.2574 8.79182 12.8103 12.0486 7.81799 6.65667 5.70925 5.21121 6.88162 5.22294 11.1794 5.1395 17.1709 7.95943 7.09701 15.9064 7.52384 7.92507 7.77023 7.72508 12.8799 8.63134 8.15889 7.24755 5.13918 5.72727 8.87735 6.45907 5.71837 5.09248 4.90439 4.89016 4.8768 4.85522 8.27377 4.8343 5.54169 5.53444 4.78873 6.16803 6.01427 4.92549 5.09787 5.09781 9.71695 5.73133 4.87125 7.4964 7.31257 6.26685 8.79669 12.0571 5.13062 5.01163 8.39092 9.27267 7.2315 5.03046 4.73832 4.71438
threshold=0 1 2 353.50000000000006 352.50000000000006 3 354.50000000000006 4 360.50000000000006 141.50000000000003 5 17.500000000000004 12.500000000000002 291.00000000000006 2016.5000000000002 6 7 8 9 10 1.5000000000000002 2.5000000000000004 3.5000000000000004 9.5000000000000018 2020.5000000000002 11 12 13 14 9.5000000000000018 15 28.500000000000004 225.50000000000003 16 2020.5000000000002 17 18 20.500000000000004 22.500000000000004 19 287.50000000000006 20 21 22 23 255.00000000000003 24 25 3.5000000000000004 2020.5000000000002 26 346.50000000000006 1982.0000000000002 333.50000000000006 9.5000000000000018 27 22.500000000000004 28 24.500000000000004 29 2020.5000000000002 209.50000000000003 1553.5000000000002 30 57.500000000000007 27.500000000000004 8.5000000000000018 9.5000000000000018 1519.5000000000002 31 2016.5000000000002 5.5000000000000009 32 1594.5000000000002 33 34 324.50000000000006 12.500000000000002 284.50000000000006 1703.0000000000002 279.50000000000006 11.500000000000002 35 36 37 18.500000000000004 1924.5000000000002 136.50000000000003 1553.5000000000002 1631.5000000000002 14.500000000000002 38 2020.5000000000002 2018.5000000000002 18.500000000000004 39 40 183.50000000000003 41 35.500000000000007 392.50000000000006 1548.0000000000002 113.50000000000001 2018.5000000000002 141.50000000000003 42 29.500000000000004 43 44 102.50000000000001 2018.5000000000002 45 2049.0000000000005 46 47 25.500000000000004 2017.5000000000002 48 327.50000000000006 17.500000000000004 49 50 168.50000000000003 11.500000000000002 20.500000000000004 1311.5000000000002 12.500000000000002
decision_type=9 9 9 2 2 9 2 9 2 2 1 2 2 2 2 1 9 1 9 9 2 2 2 2 2 1 9 1 1 2 1 2 2 1 2 1 9 2 2 1 2 9 9 9 1 2 1 9 2 2 9 2 2 2 2 1 2 9 2 1 2 2 2 9 2 2 2 2 2 9 2 2 1 2 1 9 2 2 2 2 2 2 9 9 9 2 2 2 2 2 2 9 2 2 2 1 1 2 1 2 2 2 2 2 2 1 2 1 9 2 2 1 2 9 9 2 2 9 2 2 9 9 2 2 2 2 2
left_child=105 -2 6 4 9 -5 13 8 -8 10 12 -12 -4 14 15 -3 17 -17 -15 -20 -16 -22 -23 24 28 -26 27 -25 -24 -18 -31 34 33 -33 35 -28 -37 40 -39 -40 -38 -36 51 44 -44 -46 47 66 -49 74 -51 53 -53 55 -55 56 91 -57 78 -60 -61 -62 63 64 -58 -66 68 96 -45 71 -71 97 -72 -74 125 -76 77 -77 80 100 81 82 -59 -83 85 86 87 89 -89 90 -85 -11 93 -93 95 -94 -68 -70 -43 -48 -80 -102 103 -87 -104 106 108 -108 109 -1 112 -112 -111 114 126 116 117 -115 -119 -116 124 122 -122 -124 -118 -50 -107
right_child=1 2 3 5 -6 -7 7 -9 -10 42 11 -13 -14 18 20 16 29 -19 19 -21 21 22 23 26 25 -27 31 -29 -30 30 -32 32 -34 -35 41 36 37 38 39 -41 -42 98 43 46 45 -47 99 48 49 50 -52 52 -54 54 -56 57 62 58 59 60 61 -63 -64 -65 65 -67 67 -69 69 70 72 -73 73 -75 75 76 -78 -79 79 -81 -82 83 -84 84 -86 102 -88 88 -90 -91 -92 92 94 -95 -96 -97 -98 -99 -100 -101 101 -103 104 -105 -106 113 107 -109 -110 110 111 -113 -114 115 119 -117 120 118 -120 -121 121 -123 123 -125 -126 -127 -128
leaf_value=3.2341583644400625e-05 -0.010810824087049985 0.0035899331867807064 -0.015727368271621193 0.00046635138638661649 -0.012818406916223466 0.010340079841788542 -0.0050343104916016675 -0.01092444298455989 0.0013827457561733595 -0.0079609579018974069 0.0057883492399069571 -0.0063326704336354915 -0.0046595989562787194 -2.8797498513271762e-05 0.0081194639509886823 0.00030809260066097131 0.0060249904201676446 -0.012833822714942836 0.004882441654217683 -0.011446558425469058 -0.0065282430675301503 0.0079171137393343818 0.0056451701282050045 0.019607412910602074 -0.016759954653044484 -0.0017722283555841158 0.0035988419001846701 0.0021595668838790025 -0.0012599013999626191 0.0035652689462989866 -0.0083717260598323885 -0.013929891161632985 0.0077553155650902129 0.00025790425421891734 0.0013376863545034919 -0.010137403011391731 0.00023797725913483512 0.012468244836818946 -0.0056295155001581396 0.0084275197353371831 -0.0077331579585883442 0.003895454720369694 -0.0078002984187857533 0.0023795648180019243 0.0019893606529297566 0.014713983213479526 0.0037231244017799344 0.0052368887110610454 -0.0017708853431668639 -0.0037153642990972627 -0.016521059643297621 0.00023157188714004629 -0.012591132936316999 0.0021541896645723251 0.011483910061111168 -0.01123075455743038 0.0077218783294043655 -0.011231334314205936 0.0026218000966569629 -0.0023561549610113383 -0.014153891893358726 -0.0029518643072761665 0.007526389090921369 0.0088027474279442682 -0.0046481767312232126 0.0030477102731079372 0.014998003630898893 0.00024450156602321137 0.003006958094339411 -0.013946204360102302 0.0021792544889695765 0.0078154300565492323 -0.012733248391471772 -0.0035152344690706446 0.0020043258375836369 -0.00088740211144527979 -0.00092090854724988171 -0.014800858093385664 -0.0056772351581446364 0.010618883122537118 -0.0070622363198448767 0.0047460586578071525 0.0022694074971093456 -0.004624891967440709 -0.010167801599870895 -0.0067392504552972153 -0.011667423632661668 -0.010291996129397123 0.00015033995142614803 0.0094161886038411219 0.0044207408202633471 0.00080982571678853458 0.008368370173654209 -0.0036209318289189851 -0.0044883937787123119 0.0004946746407335417 0.004430064781664465 -0.0070112807290309458 0.011525933532996548 -0.0018707326863337073 0.0050216013370731546 -0.0021322138775718264 0.0095086191675033092 0.0020605553119260422 0.0010565195884465566 -0.0088041555321072811 0.0034526088045391742 -0.0068031713784814391 0.0063451090050404852 0.0073619318695174393 0.0053390247272984597 -0.0035454075181330482 -0.0012346284878272395 0.0071836705629819949 0.0089490023389680231 0.0063037129698573563 6.0113220199141856e-06 0.0041941363041239112 -0.0094735736789646457 -0.00067844865427009373 -0.0099111450286758739 0.0050538444870603964 -0.005306757294089982 0.0062960015310131959 -0.0078526101494941301 0.0045589094580813809 -0.00034854778346469833
leaf_weight=803 292 405 226 1675 200 272 605 211 760 214 313 227 293 39359 338 373 240 403 207 340 394 378 582 235 239 379 2341 362 925 397 421 263 234 469 676 324 1109 316 456 291 361 481 223 985 223 273 397 328 1022 337 213 281 243 734 239 276 248 223 886 2025 420 313 928 246 527 440 208 9530 238 357 363 331 227 646 307 238 266 367 319 469 448 436 3474 563 274 366 256 614 292 232 365 2725 494 1932 237 440 302 251 421 20988 731 904 242 350 970 285 353 226 2883 1531 844 474 222 1177 269 1397 1027 577 224 285 234 1217 216 355 254 416 391
leaf_count=803 292 405 226 1675 200 272 605 211 760 214 313 227 293 39359 338 373 240 403 207 340 394 378 582 235 239 379 2341 362 925 397 421 263 234 469 676 324 1109 316 456 291 361 481 223 985 223 273 397 328 1022 337 213 281 243 734 239 276 248 223 886 2025 420 313 928 246 527 440 208 9530 238 357 363 331 227 646 307 238 266 367 319 469 448 436 3474 563 274 366 256 614 292 232 365 2725 494 1932 237 440 302 251 421 20988 731 904 242 350 970 285 353 226 2883 1531 844 474 222 1177 269 1397 1027 577 224 285 234 1217 216 355 254 416 391
internal_value=3.12713e-05 -0.000387317 -0.000361676 -0.000738929 -0.000817316 0.00190124 9.97006e-05 -0.0027977 -0.00145082 -0.000780656 -0.00429217 0.000680431 -0.0092999 0.000184723 0.0010138 -0.00196682 -0.00319605 -0.00659335 -0.000102254 -0.00529049 0.0015904 0.001394 0.00168189 0.00145665 -0.00126997 -0.00786833 0.00215147 0.00923752 0.00143592 -0.000665872 -0.0026371 0.00159107 -0.00193021 -0.0050264 0.00209541 0.00123134 -0.000718644 0.000521251 0.00362492 -0.000116025 -0.00171956 0.0049417 -0.000722923 -0.00107623 0.00362562 0.00881531 -0.00116538 -0.000406124 -0.00240347 -0.00320261 -0.0090426 -0.00017894 -0.00571484 -6.22883e-05 0.00444587 -0.000245983 0.000811375 -0.000823045 -0.000626442 -0.00254957 -0.00420512 -0.00937049 0.00420445 0.00209441 0.00065831 -0.00114643 0.000114606 0.000695403 -0.00160112 -0.00322606 -0.0058186 0.00185871 -0.00351814 -0.00584517 -0.00197479 -0.00442147 -0.0066834 -0.00932747 -1.90831e-05 0.00202744 -0.000563699 -0.000227399 0.00143081 -0.00146337 -0.00206772 -0.00152286 -0.00347456 -0.00245938 -0.00692648 0.00102958 -0.00106707 -0.000528899 -0.000241924 -0.00102832 0.00288344 0.00475403 0.00912107 -0.00213533 0.00754424 -0.00176606 -3.46821e-05 0.00106622 0.000819781 -0.00243767 0.00274415 0.0034124 0.00433851 -0.000608379 0.00476883 0.00357017 0.00450686 0.00215747 0.00627326 0.00254887 -0.000348018 0.00308217 0.0022358 0.00446155 0.000367369 0.0039254 0.000902904 0.0024462 -0.00150968 0.00190687 -0.00154019 5.98491e-05 -0.00385637
internal_weight=138449 123205 122913 67618 65671 1947 55295 1576 1365 65471 1059 540 519 53719 13813 2239 1834 776 39906 547 11574 11236 10842 10464 2125 618 8339 597 1507 1058 818 7742 966 732 6776 5198 2857 2533 1063 747 1470 1578 64412 39036 719 496 38317 16932 3494 3166 550 25376 524 24852 973 23879 8431 15448 15172 3644 2758 733 2389 1461 1215 967 13438 10040 3398 2413 1593 820 1236 873 2616 1178 871 605 11528 2423 9105 8657 3697 4960 4524 4250 2322 2066 906 1160 928 6042 5828 4657 1171 934 510 489 902 21385 1954 1635 1928 716 1212 15244 7336 579 6757 3874 3071 1318 1753 7908 1230 6678 5281 1978 801 554 3303 2022 805 571 1281 1438 676
internal_count=138449 123205 122913 67618 65671 1947 55295 1576 1365 65471 1059 540 519 53719 13813 2239 1834 776 39906 547 11574 11236 10842 10464 2125 618 8339 597 1507 1058 818 7742 966 732 6776 5198 2857 2533 1063 747 1470 1578 64412 39036 719 496 38317 16932 3494 3166 550 25376 524 24852 973 23879 8431 15448 15172 3644 2758 733 2389 1461 1215 967 13438 10040 3398 2413 1593 820 1236 873 2616 1178 871 605 11528 2423 9105 8657 3697 4960 4524 4250 2322 2066 906 1160 928 6042 5828 4657 1171 934 510 489 902 21385 1954 1635 1928 716 1212 15244 7336 579 6757 3874 3071 1318 1753 7908 1230 6678 5281 1978 801 554 3303 2022 805 571 1281 1438 676
cat_boundaries=0 3 6 9 12 13 14 15 16 17 18 19 20 23 24 25 26 27 28 29 30 31 32 35 36 37 40 41 42 44 45 48 49 50 51 54 57 60 63 64 65 66 67 68 69 70 71 74 75 76 77 80
cat_threshold=268478468 4032 524298 27262976 8192 4194304 2147828995 2818588672 9709601 134217728 65552 16400 553648129 277 280 20 1667 136 24 3152 1024 0 8388608 2360 1603 2149 354 488 268435456 3089 6 24 512 16 32768 2580 1605 131072 67108864 16 6 3120 512 16 384 134349312 65536 16 4 1536 1537 167772160 262144 512 131072 0 128 167903232 0 128 0 65536 16 6324224 2064 68 2962 1714 1058 14 162 0 1024 524288 25 26 10 0 512 8
is_linear=0
shrinkage=0.05


Tree=61
num_leaves=128
num_cat=49
split_feature=2 2 2 8 2 8 8 8 2 3 2 4 2 4 4 2 7 6 3 7 2 7 2 6 8 8 8 6 3 7 7 8 4 2 8 7 7 8 6 9 9 3 6 7 9 8 4 6 7 4 3 0 9 9 8 8 9 7 6 4 7 8 9 4 7 6 7 9 3 8 2 2 8 9 9 9 8 6 9 6 9 1 7 7 7 7 7 7 7 9 8 7 2 9 9 4 3 2 7 7 2 2 8 4 7 4 4 3 9 4 4 4 1 7 4 6 1 8 7 8 4 9 4 2 4 7 7
split_gain=70.9027 11.8711 7.03317 5.09764 6.09888 5.11229 5.05636 10.4302 9.41345 3.84111 8.10026 24.6795 5.87386 8.41327 5.72155 8.14811 7.46461 6.91737 6.65659 5.99484 10.3269 11.4559 9.92017 7.55107 15.1519 6.4774 7.8932 7.30955 9.12736 5.92104 13.4613 5.62048 5.50415 7.31221 6.06518 6.89674 5.29865 10.0052 14.0696 6.23858 5.72615 5.01931 11.6422 7.46185 11.0858 6.91145 5.04276 6.21058 4.93271 4.8867 4.73762 8.25405 5.1379 4.41382 4.31056 6.84909 6.76365 5.04558 4.81089 13.2222 6.57005 5.81862 10.9146 6.65591 14.8762 12.1489 11.0391 8.73868 7.02367 7.81597 6.26806 6.08531 6.07268 12.369 11.7025 5.98529 5.6843 9.79225 8.49568 5.67497 8.95241 5.40223 5.59783 7.12638 7.84092 5.33547 4.67917 4.47623 4.27267 4.21232 4.56166 4.20392 4.15857 4.1147 3.97919 6.36458 3.83442 9.38145 15.2115 9.35174 32.3933 12.5851 16.5867 12.1788 8.00177 14.8354 7.38738 11.2828 6.46709 8.7977 8.02925 6.02864 6.11749 5.95156 5.87216 13.1233 8.13938 6.05453 5.79701 6.07564 5.77141 5.75454 8.22614 5.35442 8.29616 5.6598 9.83878
threshold=0 1 2 354.50000000000006 3 360.50000000000006 353.50000000000006 352.50000000000006 4 5 6 7 8 9 10 11 3.5000000000000004 2020.5000000000002 12 8.5000000000000018 13 9.5000000000000018 14 2018.5000000000002 87.500000000000014 57.500000000000007 68.500000000000014 2020.5000000000002 15 8.5000000000000018 9.5000000000000018 160.50000000000003 16 17 324.50000000000006 12.500000000000002 13.500000000000002 130.50000000000003 2020.5000000000002 2292.0000000000005 2311.0000000000005 18 2016.5000000000002 5.5000000000000009 2152.0000000000005 307.50000000000006 19 2018.5000000000002 15.500000000000002 20 21 22 2093.5000000000005 2003.0000000000002 346.50000000000006 333.50000000000006 2545.0000000000005 9.5000000000000018 2016.5000000000002 23 15.500000000000002 10.500000000000002 2143.5000000000005 24 24.500000000000004 2020.5000000000002 9.5000000000000018 2353.0000000000005 25 74.500000000000014 26 27 57.500000000000007 2003.0000000000002 1957.0000000000002 1727.0000000000002 279.50000000000006 2019.5000000000002 2082.5000000000005 2018.5000000000002 1957.0000000000002 28 13.500000000000002 16.500000000000004 22.500000000000004 21.500000000000004 21.500000000000004 22.500000000000004 7.5000000000000009 2174.5000000000005 254.50000000000003 20.500000000000004 29 2231.5000000000005 2033.0000000000002 30 31 32 3.5000000000000004 2.5000000000000004 33 34 53.500000000000007 35 5.5000000000000009 36 37 38 2010.0000000000002 39 40 41 42 8.5000000000000018 43 2021.5000000000002 44 196.50000000000003 16.500000000000004 183.50000000000003 45 2206.5000000000005 46 47 48 9.5000000000000018 14.500000000000002
decision_type=9 9 9 2 9 2 2 2 9 9 9 1 9 1 1 9 2 2 9 2 9 2 9 2 2 2 2 2 9 2 2 2 1 9 2 2 2 2 2 2 2 9 2 2 2 2 1 2 2 1 9 9 2 2 2 2 2 2 2 1 2 2 2 1 2 2 2 2 9 2 9 9 2 2 2 2 2 2 2 2 2 9 2 2 2 2 2 2 2 2 2 2 9 2 2 1 9 9 2 2 9 9 2 1 2 1 1 9 2 1 1 1 9 2 1 2 9 2 2 2 1 2 1 9 1 2 2
left_child=-1 -2 3 96 5 -5 7 9 -8 10 11 -4 13 -11 15 29 -17 32 -19 22 23 31 53 -21 -25 27 -27 28 -23 41 49 -22 50 -34 35 -35 37 40 39 89 -28 43 -43 46 -45 93 47 -14 -26 -31 51 -18 -53 -16 55 58 -56 -57 59 60 88 62 -60 64 -63 -66 71 68 69 85 86 -65 75 74 -74 -70 77 79 -79 -73 -81 -75 -83 -84 -85 -68 -69 -62 -12 90 -39 -30 -71 94 -44 -96 99 98 -98 100 -3 102 -101 -102 105 -103 -100 113 109 -105 -110 112 -106 -108 115 116 117 118 119 -99 -104 122 -109 125 -125 -116 -127
right_child=1 2 6 4 -6 -7 8 -9 -10 12 54 -13 14 -15 19 16 17 18 -20 20 21 25 -24 24 48 26 36 -29 91 30 -32 -33 33 34 -36 -37 -38 38 -40 -41 -42 42 45 44 -46 -47 -48 -49 -50 -51 -52 52 -54 -55 56 57 -58 -59 61 -61 87 63 -64 66 65 -67 67 70 72 92 -72 76 73 81 -76 -77 -78 78 -80 80 -82 82 83 84 -86 -87 -88 -89 -90 -91 -92 -93 -94 -95 95 -97 97 114 106 101 103 104 120 108 111 -107 107 121 110 -111 -112 -113 -114 -115 123 -117 -118 -119 -120 -121 -122 -123 -124 124 -126 126 -128
leaf_value=0.0031035456123919853 -0.010288181293768106 -0.020756337364277653 0.0037461368613406539 -0.0048556712665324834 -0.010238765319708959 0.0013389732621382341 0.00045679681681605445 -0.01217748705111444 0.010785549709676054 0.011452641731266979 -0.0028989353061026229 -0.015997442790807427 -0.0045373564721508464 -0.0017344940409894838 -0.00081917058188432407 0.0045541547666496218 0.0092638079480860721 -0.0036182196089228368 -0.015060661242783277 -0.0016594904737845476 -0.0053537620582297107 -0.0010813945642373353 0.00066644137412319882 0.014607548562610682 -0.0057563396809921369 0.0072831708749594246 -0.010915364052464323 0.00038832148045091138 -0.0076652558986981187 0.014331460897599095 0.00030836788144893271 -0.015819759466455658 0.0019072708673407955 -0.0034461055977607342 -0.00079668816174676977 -0.01413396402668666 -0.0025763291349195972 -0.0021375493971457506 0.013977693107478701 -0.0054872018533468694 -0.00019392472459003331 -0.010487223637209411 -0.0017801494755317429 -0.0023800699353763244 0.013498577241047055 -0.0090129639971780456 -0.0071907231981279199 0.0074692971984827152 0.0038377844451883154 0.0040537421050044105 -0.0038550743496269524 -0.0069169674869957983 0.0022009684258429397 -0.0091589878150204734 0.00096664780280865566 0.0020412680498296701 -0.010363843334069239 0.010447078247029746 -0.004295314805363948 0.0039497358379065846 -0.010777864264021976 -0.00052812287725823687 0.0091784689204054484 -0.0097220128244505481 -0.0027176862445395058 -0.011160004940004074 -0.0064845392974323514 0.012290774733123278 -0.00022431028324483647 0.00929321258355356 -0.001168951029589528 -0.0012638532827917662 -0.002490460875887023 -0.0046591302412285936 -0.012457132415367427 0.010920185260940345 -0.0091211665746334675 0.0065269602508079717 -0.0032943020554384323 -0.01277276682626742 -0.0010174515027973252 -0.0043747372067931192 0.010670590695380322 -0.0041449586365776454 0.0044611478608800681 0.0034968618541024628 0.003371291629881023 -0.0025809785069114614 0.0050032914699368325 0.0077525316659572728 0.004276629013051249 -0.015169177744473142 0.002472765445735907 -0.0040957996928163111 -0.0028586679980966505 0.0076163770947875386 0.015677702309898078 8.7120114389914905e-05 -0.0041261837394455927 -0.0062043475967024182 -0.0099341232174386587 -0.0025173351940212469 0.016555604560041091 -0.00083664615389154981 0.0051579014972064716 0.0050219718628334367 -0.0078320860605933431 0.010758778156175847 0.0024470662644156668 0.012674470559907553 -0.0073382112622151488 0.00016702838819345812 -0.0016567325225422846 0.0017743808893130799 -0.00060864562796601317 0.011475061615839457 0.0032720899094995331 0.0001608124896798651 -0.0055409487624429807 -0.0058809840690870144 0.0061226774111647429 0.014871685313454903 4.4949529680178874e-05 -0.0092593678539560648 0.0020649850233666485 0.0048284101734422658 0.0008852563864918
leaf_weight=16511 292 231 322 603 222 744 1703 200 244 218 331 299 220 258 260 334 265 343 215 905 302 429 4540 273 212 230 287 434 527 210 9693 223 307 254 267 372 10027 682 206 382 220 426 517 205 237 253 282 211 364 303 547 239 437 407 268 733 259 236 239 2148 268 5457 405 250 1206 659 405 355 303 236 237 1308 1141 361 397 200 241 615 343 329 319 288 265 396 798 200 251 440 354 240 467 289 2990 465 216 419 234 1588 369 211 305 1009 216 257 332 1819 204 350 501 221 347 14979 9560 769 3287 208 850 2156 1521 583 437 208 367 310 325 2078 6627
leaf_count=16511 292 231 322 603 222 744 1703 200 244 218 331 299 220 258 260 334 265 343 215 905 302 429 4540 273 212 230 287 434 527 210 9693 223 307 254 267 372 10027 682 206 382 220 426 517 205 237 253 282 211 364 303 547 239 437 407 268 733 259 236 239 2148 268 5457 405 250 1206 659 405 355 303 236 237 1308 1141 361 397 200 241 615 343 329 319 288 265 396 798 200 251 440 354 240 467 289 2990 465 216 419 234 1588 369 211 305 1009 216 257 332 1819 204 350 501 221 347 14979 9560 769 3287 208 850 2156 1521 583 437 208 367 310 325 2078 6627
internal_value=2.96175e-05 -0.00038683 -0.000362219 6.3122e-05 -0.00274517 -0.00142356 -0.000702033 -0.000776585 0.00180895 -0.000741758 -0.000267255 -0.0058629 -0.00105105 0.00441637 -0.00111864 -0.000436502 -0.0025563 -0.00329581 -0.00836179 -0.00165495 -0.00211758 -0.00254257 -0.000174454 0.00150943 0.00490515 -0.00228013 -0.00189544 -0.00519933 -0.00714716 0.000120638 0.000726117 -0.00979932 -0.00224417 -0.00474484 -0.00702753 -0.00979736 -0.00206418 3.18253e-06 0.00161016 0.000171583 -0.00626306 -0.00166966 -0.00301446 0.00102091 0.00613405 -0.00132823 -0.00213449 0.00131021 0.000306614 0.00861938 -0.0001943 0.00195186 -0.00100777 -0.00582082 -0.000127264 -3.18607e-05 -0.00460185 0.0040885 -0.000200078 0.00149987 -0.00228972 -0.000498163 0.00417811 -0.000652204 -0.00184315 -0.00570079 6.23748e-05 0.0009957 0.000484257 0.00202488 0.00583712 -0.00235586 -0.000940897 -0.00165366 -0.00506313 0.0042069 -0.00173586 -0.00113102 0.00301058 -0.00315947 -0.00698581 0.000833889 0.00198428 0.00325312 0.00160686 -0.0031849 0.00845685 -0.00568375 0.00118484 0.00172785 0.000469432 -0.0101979 0.00300819 -0.000125861 0.00147659 0.00412814 0.000147127 0.000649274 0.00352646 -0.000216673 -0.00365005 7.07099e-06 0.00591451 -0.00109331 -0.000179267 0.00234088 0.00228776 0.00353782 0.000999347 0.00565778 -0.00161473 -0.000465898 -0.00142304 -0.00023728 0.000279264 -0.000892211 -0.0012776 -0.00194116 -0.0031739 -0.00151555 0.00992099 0.00746889 0.00542553 0.00092017 -0.00352128 0.00115809 0.00182654
internal_weight=138449 121938 121646 54028 1569 1347 67618 65671 1947 65471 25852 621 39619 476 39143 17237 3580 3246 558 21906 16699 14945 5207 1754 849 14420 12741 1679 1245 13657 10206 525 2688 1200 893 626 12511 2484 1977 1771 507 3451 2296 1155 442 1870 713 431 576 513 1488 941 676 667 25231 24704 527 969 23735 3541 1393 20194 644 19550 7322 1865 12228 8823 7980 3831 843 3405 4149 3646 1538 503 3155 2914 958 1956 648 2108 1747 1459 1194 605 606 708 685 1389 1149 816 3226 1617 1152 635 52459 22034 2501 30425 1862 28563 864 1631 27699 2828 2267 1898 1326 478 848 24871 9892 973 19533 6906 6698 5848 3692 2171 653 925 717 12627 635 11992 8705
internal_count=138449 121938 121646 54028 1569 1347 67618 65671 1947 65471 25852 621 39619 476 39143 17237 3580 3246 558 21906 16699 14945 5207 1754 849 14420 12741 1679 1245 13657 10206 525 2688 1200 893 626 12511 2484 1977 1771 507 3451 2296 1155 442 1870 713 431 576 513 1488 941 676 667 25231 24704 527 969 23735 3541 1393 20194 644 19550 7322 1865 12228 8823 7980 3831 843 3405 4149 3646 1538 503 3155 2914 958 1956 648 2108 1747 1459 1194 605 606 708 685 1389 1149 816 3226 1617 1152 635 52459 22034 2501 30425 1862 28563 864 1631 27699 2828 2267 1898 1326 478 848 24871 9892 973 19533 6906 6698 5848 3692 2171 653 925 717 12627 635 11992 8705
cat_boundaries=0 3 6 9 12 15 16 18 19 21 22 23 26 27 30 32 33 34 37 38 39 40 41 42 43 44 45 48 51 52 55 56 57 60 63 66 67 68 69 70 71 72 73 74 75 76 77 78 81 82
cat_threshold=268494852 4032 532491 27262976 8192 4194304 2147812611 2818588672 9701408 3 536870912 32 134217728 4259856 16400 24 512 33554456 3601 0 24 3424 1605 131584 67108864 16400 6 134217728 37748736 32896 134348800 4259840 2 1537 167772160 262144 512 4 1092 68 5 128 2307 581 16 0 0 16 134217728 0 128 270565376 131072 4194304 128 512 19 2147484673 134217728 9437184 1026 134217728 8388608 1024 2147483648 8652800 1281 2069 192 4 2064 2152 1194 8454144 2625 824180736 312 3109 258 536870912 32 60
is_linear=0
shrinkage=0.05


Tree=62
num_leaves=128
num_cat=50
split_feature=2 2 2 10 1 10 9 8 1 8 6 1 4 2 10 4 10 2 3 10 4 4 2 3 10 6 3 4 6 10 3 8 3 6 8 3 3 3 8 2 3 9 8 2 10 10 3 2 4 2 8 6 2 9 8 3 4 4 10 8 0 8 8 8 4 10 6 8 8 10 8 9 9 2 3 8 6 10 9 8 10 6 10 2 4 3 2 8 8 9 8 6 10 2 4 3 10 10 9 3 6 8 4 3 8 8 6 8 3 8 8 9 8 6 6 9 8 3 4 8 8 8 8 6 10 8 8
split_gain=64.1688 10.1955 6.65434 5.14832 9.46443 6.20657 7.78792 4.5401 6.57115 4.79387 4.40003 4.50254 7.34644 4.4862 6.48613 5.48035 4.6366 5.97676 10.0006 7.51886 4.55428 4.32741 4.4018 6.83976 6.6202 4.9272 10.189 8.39887 4.29055 5.19967 4.71242 4.60948 9.61987 4.50697 9.18413 4.28735 4.23247 3.92886 3.78384 20.304 7.61294 9.56739 8.31494 5.15892 4.75104 4.09205 7.43295 7.08492 7.00447 14.8189 12.5913 11.7716 7.65312 9.55914 27.2374 7.1025 16.1528 6.95727 4.37923 9.45411 6.97288 5.14868 13.2075 4.45484 4.35922 6.54566 6.93947 4.44912 6.42886 6.26051 5.25031 4.27889 5.13089 4.09898 3.99241 3.77858 6.80652 6.68178 4.25233 7.04018 4.71233 4.20809 4.18524 4.14845 3.64379 3.6267 3.61131 4.0782 3.59436 3.5919 4.67616 3.57415 3.56967 3.56511 6.50263 7.64616 5.63798 6.14926 3.59818 3.81203 3.43978 3.49611 7.10151 5.78204 4.82462 11.4413 4.72223 6.00687 6.63682 6.50068 5.32799 4.98821 4.92239 3.97375 3.96199 3.71499 4.28079 3.57643 9.67183 5.83237 4.74467 8.69589 8.37391 7.93163 5.96767 4.91161 4.20983
threshold=0 1 2 141.50000000000003 3 51.500000000000007 2082.5000000000005 354.50000000000006 4 360.50000000000006 2017.5000000000002 5 6 7 252.50000000000003 8 291.00000000000006 9 10 322.50000000000006 11 12 13 14 146.50000000000003 2017.5000000000002 15 16 2019.5000000000002 191.50000000000003 17 170.50000000000003 18 2018.5000000000002 343.50000000000006 19 20 21 335.50000000000006 22 23 2190.0000000000005 339.50000000000006 24 1982.0000000000002 1457.5000000000002 25 26 27 28 179.50000000000003 2017.5000000000002 29 2206.5000000000005 269.50000000000006 30 31 32 119.50000000000001 124.50000000000001 33 8.5000000000000018 18.500000000000004 45.500000000000007 34 141.50000000000003 2018.5000000000002 252.50000000000003 197.50000000000003 299.50000000000006 147.50000000000003 2027.5000000000002 1896.5000000000002 35 36 145.50000000000003 2019.5000000000002 1519.5000000000002 1727.0000000000002 72.500000000000014 202.50000000000003 2017.5000000000002 82.500000000000014 37 38 39 40 166.50000000000003 43.500000000000007 1727.0000000000002 51.500000000000007 2018.5000000000002 1465.0000000000002 41 42 43 225.50000000000003 299.50000000000006 2311.0000000000005 44 2021.5000000000002 149.50000000000003 45 46 101.50000000000001 97.500000000000014 2020.5000000000002 107.50000000000001 47 87.500000000000014 64.500000000000014 2196.0000000000005 28.500000000000004 2017.5000000000002 2017.5000000000002 1957.0000000000002 289.50000000000006 48 49 168.50000000000003 230.50000000000003 216.50000000000003 247.50000000000003 2018.5000000000002 1503.5000000000002 211.50000000000003 266.50000000000006
decision_type=9 9 9 2 9 2 2 2 9 2 2 9 1 9 2 1 2 9 9 2 1 1 9 9 2 2 9 1 2 2 9 2 9 2 2 9 9 9 2 9 9 2 2 9 2 2 9 9 1 9 2 2 9 2 2 9 1 1 2 2 9 2 2 2 1 2 2 2 2 2 2 2 2 9 9 2 2 2 2 2 2 2 2 9 1 9 9 2 2 2 2 2 2 9 1 9 2 2 2 9 2 2 1 9 2 2 2 2 9 2 2 2 2 2 2 2 2 9 1 2 2 2 2 2 2 2 2
left_child=21 -2 3 4 5 6 -3 38 9 91 11 12 -5 16 15 -15 -12 18 19 -18 -19 35 23 -23 -25 26 -24 -28 29 30 -27 32 -30 37 36 75 -35 -31 45 -40 42 -42 -41 -44 -43 46 48 84 49 50 51 -4 53 54 55 57 -57 -50 59 60 63 -60 -63 -54 71 66 -66 68 70 -69 -67 72 88 -49 -74 76 78 82 -1 81 -81 -80 -77 -84 -48 -33 87 -51 -64 90 -90 -9 -29 96 -95 -96 -13 98 99 -98 101 103 -103 104 105 -47 107 109 113 110 112 -110 -105 -109 -112 116 -104 118 -117 -120 121 124 123 -122 -119 -126 -121
right_child=1 2 7 10 -6 -7 -8 8 -10 -11 13 93 -14 14 -16 -17 17 20 -20 -21 -22 22 25 24 -26 28 27 92 31 33 -32 85 -34 34 -36 -37 -38 -39 39 40 41 44 43 -45 -46 100 47 73 52 86 -52 -53 58 -55 -56 56 -58 -59 61 -61 -62 62 64 -65 65 67 -68 69 -70 -71 -72 -73 74 -75 -76 77 -78 -79 79 80 -82 -83 83 -85 -86 -87 -88 -89 89 -91 -92 -93 -94 94 95 -97 97 -99 -100 -101 -102 102 115 106 -106 -107 -108 108 111 -111 114 -113 -114 -115 -116 117 -118 120 119 126 122 -123 -124 -125 125 -127 -128
leaf_value=-0.00086279495414800763 -0.008921857493777486 -0.0082949093357142217 -0.0086280770682995878 -0.0030382684490782015 -0.012200573287046511 0.0059194504493023962 0.0028283998938917203 -0.00079218361421578361 -0.010359462842675839 0.0014219242595099452 -0.0032379924270458634 -0.007104105181964253 0.0068005684683018408 0.009906208756855021 -0.00080708086917488989 0.0012423646387998508 -0.0030228738304683631 0.0071056984944650285 -0.0090076134831639683 0.0082273664430201187 -0.00084210165064553728 -0.0055350002194028518 0.0069393512728624825 0.0068026527313009236 -0.0022715564365394731 -0.00017452006500247308 -0.0040364220221110183 0.009361895080560392 -0.0069869899276068974 -0.0011826272610240512 0.010275431470531558 0.0017086916781078221 0.0052001137906912747 -0.0010666425422829414 0.0051698283219073875 0.0053794716491324295 -0.0097146137146060917 0.0048763612436902659 0.015335448951191211 0.0060406440352219056 -0.0013214460590131006 0.011935413704069604 -0.007908372684573747 -0.0011589972756704682 0.0030070145836529824 -0.0021982159875671005 0.011938226777045723 -0.0056355136203892989 0.0052007620228040549 0.0028579356421421214 -0.012525540691945426 0.0060423768830309525 0.0047862596553968125 0.0031072457602789503 -0.022735399664124818 0.0015389014702848337 -0.016942538654402598 -0.0041065148584337472 0.0068166284274587766 -0.0016118389522136352 -0.0011671765921835188 -0.010118272722242996 -0.0043479060777277248 0.013656241369293831 -0.010102685463245747 -0.00011694975696580927 0.00073285051084731427 0.0092711106236189767 -0.0053229015471162149 0.0015558628804179574 0.0070571328053046353 0.0024600653180635811 -0.00042840087267804458 0.0014224269443774999 -0.0071954862695788342 0.0044725121836619976 -0.0015977473435224967 0.0040175555260797448 0.0063269172767725064 -0.00091725457709149595 0.0067022491522948265 0.015797209111379756 0.000869944017034482 -0.0064391884472422573 0.0026589650423908288 0.0083952627747849989 0.0027868459488639514 0.012546619710218147 0.0089293032406272069 -0.0023665884888164146 -0.0004591677583997832 -0.0084806948881477936 0.0015960106030453317 0.0021961237623382827 -0.0064724576015626175 0.00011732138186452908 0.0089134985752033786 -2.1782241153926038e-05 -0.00048301528548065311 0.00076810438089320026 0.0036883814368805254 0.0089171229014636706 -0.0095499379500541669 0.00070013679676588642 -0.0045827221360817969 0.0094574427696289091 -0.0032793578284646442 0.0004693237661814037 0.0055448400001033319 0.0050721413291066678 0.0024501298429425232 -0.0038266346966151464 0.0083938113244419743 -0.0057935785614380477 -0.0044945244261071641 0.0082299693893906744 -0.00081362812634694934 -0.0048601667985222327 0.008569438700605907 -0.0015905128422598347 -0.0087240143877271945 0.0060150163850560224 -0.00045835934452664466 8.6163498520289673e-05 0.001044544332790189 -0.0062918987971815193 0.0030674138889783837
leaf_weight=205 336 394 224 279 259 216 262 310 221 761 3681 268 565 221 38661 917 387 376 369 241 341 426 1611 401 403 216 504 244 254 643 215 342 409 237 224 3133 391 446 246 315 479 349 373 1131 260 2489 235 201 350 205 285 351 294 397 201 237 230 444 217 850 249 376 470 273 265 970 334 384 422 834 346 477 316 9370 771 226 375 1187 204 294 655 276 348 433 222 566 2102 231 239 442 298 295 376 683 979 802 423 16461 293 231 511 211 218 852 1742 230 1002 359 422 1029 291 214 275 860 698 453 393 562 201 1744 657 682 5299 418 3982 242 672
leaf_count=205 336 394 224 279 259 216 262 310 221 761 3681 268 565 221 38661 917 387 376 369 241 341 426 1611 401 403 216 504 244 254 643 215 342 409 237 224 3133 391 446 246 315 479 349 373 1131 260 2489 235 201 350 205 285 351 294 397 201 237 230 444 217 850 249 376 470 273 265 970 334 384 422 834 346 477 316 9370 771 226 375 1187 204 294 655 276 348 433 222 566 2102 231 239 442 298 295 376 683 979 802 423 16461 293 231 511 211 218 852 1742 230 1002 359 422 1029 291 214 275 860 698 453 393 562 201 1744 657 682 5299 418 3982 242 672
internal_value=2.81492e-05 -0.000350573 -0.000326409 -0.00066069 -0.00400575 -0.00141559 -0.00385237 7.86056e-05 -0.00255724 -0.00121025 -0.000603621 -5.2963e-06 0.00355066 -0.000881429 -0.000697394 0.00302285 -0.00223363 -8.96852e-05 -0.00258286 0.00127421 0.00336619 0.00308726 0.00226722 -0.000484543 0.00222657 0.00277403 0.00440891 0.000714005 0.00164705 0.000304771 0.00527269 0.00367372 0.000504197 -0.000798359 -0.00352228 0.00396695 -0.00662264 0.00133275 0.000156123 0.00183687 0.000639627 0.00392924 -0.00133872 -0.00289317 0.00812362 5.18453e-05 0.000524047 0.00156356 -0.000217057 0.00175715 -0.00388689 0.000327278 -0.000845884 -0.00375304 -0.00564159 -0.00291688 -0.00772767 9.8465e-06 -0.000230072 0.0020786 0.00592281 -0.000767505 -0.00100451 0.00890002 -0.000482771 0.000703315 -0.00406083 0.0016711 4.72165e-05 0.00398826 0.00176925 -0.00187832 -0.00270174 0.00126848 -0.00529837 0.00290375 0.00447735 0.00147607 0.00587157 0.00683766 0.00434173 0.0117723 -0.00151969 -0.00325368 0.00758404 0.00598803 0.00367738 0.00781199 -0.000753814 0.000971644 0.00371931 -0.00454113 0.00457842 -0.000156 -0.00193374 -0.00352094 9.2767e-05 0.000203618 0.00412158 0.00618449 -0.000374458 -0.000453708 1.73178e-05 -0.00116203 -0.00252276 -0.00121226 -0.000146212 0.000481378 -0.00177518 0.00181236 0.000227138 0.00235452 0.00257748 -0.003917 -0.00245115 -0.000109329 -0.00393067 4.71725e-05 0.00156506 0.000384433 -0.000347363 0.000732912 -0.00127463 -0.00529829 -1.97822e-05 0.000624227 -0.000294931
internal_weight=138449 123205 122869 67309 1131 872 656 55560 1587 1366 66178 20984 844 45194 39799 1138 5395 1714 997 628 717 15244 7908 1230 804 6678 2735 1124 3943 2372 431 1571 663 1941 852 7336 628 1089 53973 3153 2907 1088 1819 1504 609 50820 24112 10028 14084 3398 860 575 10686 1859 1462 1261 467 794 8827 1666 816 7161 6944 567 6568 3555 599 2956 1738 1218 1316 3013 2536 9571 1087 4203 2009 2194 1634 1429 949 480 1007 781 457 908 2538 436 1449 979 537 605 620 20140 2464 1781 17676 17408 947 654 26708 26197 15734 10463 4461 2719 6002 5000 1855 3145 2116 636 1127 1219 989 15523 611 14912 3070 2617 11842 5468 6374 1075 4786 4224 2416
internal_count=138449 123205 122869 67309 1131 872 656 55560 1587 1366 66178 20984 844 45194 39799 1138 5395 1714 997 628 717 15244 7908 1230 804 6678 2735 1124 3943 2372 431 1571 663 1941 852 7336 628 1089 53973 3153 2907 1088 1819 1504 609 50820 24112 10028 14084 3398 860 575 10686 1859 1462 1261 467 794 8827 1666 816 7161 6944 567 6568 3555 599 2956 1738 1218 1316 3013 2536 9571 1087 4203 2009 2194 1634 1429 949 480 1007 781 457 908 2538 436 1449 979 537 605 620 20140 2464 1781 17676 17408 947 654 26708 26197 15734 10463 4461 2719 6002 5000 1855 3145 2116 636 1127 1219 989 15523 611 14912 3070 2617 11842 5468 6374 1075 4786 4224 2416
cat_boundaries=0 3 6 9 10 11 12 13 15 16 18 19 20 21 24 25 26 27 28 29 30 31 32 35 36 39 40 43 44 47 50 51 52 53 54 55 58 59 62 63 64 67 70 71 72 73 74 75 76 77 78
cat_threshold=268478468 4032 524298 18874368 270336 4194304 176292352 104923160 49808 2281709728 553648129 2155909120 2608 134349312 65536 1098 0 65536 21 2337 1714 0 1024 524288 17 26 2056 11 12 14 24 28 2147484928 134217728 1 7 1 16384 8388608 19 0 134217728 9437185 290 262145 2281701376 1050624 2147484928 134217728 9438209 3 1552 2177 5 1104 0 2147483648 264192 16 0 2048 2 944 18 1280 0 8388609 0 65552 16 2568 11 13 136 76 18 4 2
is_linear=0
shrinkage=0.05


Tree=63
num_leaves=128
num_cat=39
split_feature=2 2 2 8 2 8 3 3 8 2 4 2 4 7 4 2 2 6 6 4 8 7 9 8 9 8 6 7 7 4 7 8 8 0 3 7 0 4 7 6 8 7 3 6 4 7 8 4 8 2 7 2 8 6 4 7 8 6 8 8 3 8 7 8 3 9 9 8 4 8 2 7 9 7 3 8 7 9 7 9 8 1 8 7 6 4 7 9 7 9 8 7 4 6 3 7 7 9 3 6 6 8 9 8 8 9 7 8 4 9 7 8 6 8 6 4 8 9 8 7 3 3 9 8 8 8 8
split_gain=57.9223 10.1289 6.01899 4.63221 9.45748 7.276 9.04911 4.17319 6.99835 6.34166 17.9502 6.01625 8.0404 5.71521 5.64221 7.43303 5.58744 15.9642 11.6694 8.38986 6.79268 6.22303 9.13873 5.65155 6.97916 6.97434 5.81016 13.3365 5.46098 5.11077 6.99975 5.08464 7.9696 5.03104 4.9884 6.65713 9.32603 5.98337 4.96163 4.96003 4.78565 4.65392 4.65874 4.11496 12.6665 5.71644 5.37946 7.63776 15.518 9.8187 6.34012 7.44441 7.06408 6.82255 14.3255 6.82729 5.77287 10.2957 7.25718 12.4095 6.13459 5.47547 8.77916 5.68576 5.31738 10.1453 10.2031 7.42389 5.99408 5.3001 7.23581 4.93411 4.81875 6.2061 4.66192 4.53438 4.40633 4.40225 5.02166 4.28265 4.10822 5.96121 4.32647 4.08059 6.93223 6.15639 5.43488 4.96167 4.47452 7.66518 6.99307 8.25627 6.95478 8.21069 14.3354 6.14544 4.72681 4.22978 4.22414 11.8537 11.1159 4.79887 6.68616 4.55854 4.39667 4.19771 4.08193 4.3332 4.07603 4.17726 4.91401 4.88139 3.95766 3.93741 3.93252 3.78576 3.77519 8.99963 6.76739 5.26538 4.30051 3.75516 16.1872 7.40122 6.50486 5.36117 9.63862
threshold=0 1 2 353.50000000000006 3 346.50000000000006 4 5 333.50000000000006 6 7 8 9 9.5000000000000018 10 11 12 2018.5000000000002 2016.5000000000002 13 87.500000000000014 6.5000000000000009 1773.0000000000002 57.500000000000007 2086.5000000000005 68.500000000000014 2019.5000000000002 21.500000000000004 2.5000000000000004 14 3.5000000000000004 295.50000000000006 290.50000000000006 15 16 10.500000000000002 17 18 29.500000000000004 2020.5000000000002 342.50000000000006 12.500000000000002 19 2016.5000000000002 20 15.500000000000002 17.500000000000004 21 117.50000000000001 22 9.5000000000000018 23 324.50000000000006 2020.5000000000002 24 17.500000000000004 105.50000000000001 2018.5000000000002 101.50000000000001 95.500000000000014 25 297.50000000000006 27.500000000000004 141.50000000000003 26 2005.0000000000002 1949.0000000000002 53.500000000000007 27 187.50000000000003 28 22.500000000000004 1852.0000000000002 2.5000000000000004 29 235.50000000000003 24.500000000000004 2143.5000000000005 9.5000000000000018 1994.5000000000002 354.50000000000006 30 360.50000000000006 5.5000000000000009 2019.5000000000002 31 3.5000000000000004 1998.5000000000002 25.500000000000004 2165.0000000000005 228.50000000000003 23.500000000000004 32 2017.5000000000002 33 15.500000000000002 21.500000000000004 2181.0000000000005 34 2020.5000000000002 2018.5000000000002 20.500000000000004 2143.5000000000005 99.500000000000014 218.50000000000003 2363.5000000000005 11.500000000000002 197.50000000000003 35 2311.0000000000005 4.5000000000000009 72.500000000000014 2018.5000000000002 153.50000000000003 2018.5000000000002 36 342.50000000000006 2254.0000000000005 176.50000000000003 16.500000000000004 37 38 1879.5000000000002 256.50000000000006 267.50000000000006 145.50000000000003 158.50000000000003
decision_type=9 9 9 2 9 2 9 9 2 9 1 9 1 2 1 9 9 2 2 1 2 2 2 2 2 2 2 2 2 1 2 2 2 9 9 2 9 1 2 2 2 2 9 2 1 2 2 1 2 9 2 9 2 2 1 2 2 2 2 2 9 2 2 2 9 2 2 2 1 2 9 2 2 2 9 2 2 2 2 2 2 9 2 2 2 1 2 2 2 2 2 2 1 2 9 2 2 2 9 2 2 2 2 2 2 2 2 2 1 2 2 2 2 2 2 1 2 2 2 2 9 9 2 2 2 2 2
left_child=108 -2 3 5 -5 7 -7 8 9 10 -3 12 -9 -10 15 40 17 18 -16 -20 -19 22 -18 26 25 -25 41 -28 -17 30 -24 32 121 -21 37 36 115 -30 -33 -37 83 -23 -43 44 45 -11 77 48 49 56 69 52 53 64 55 -55 58 -58 59 74 -59 62 63 -53 67 66 -66 -52 75 70 -49 -47 -71 -74 -48 -69 -77 -45 -79 -70 -4 82 -82 84 85 97 -87 -86 89 90 91 98 96 94 -94 -92 105 -13 99 103 -100 102 -102 -85 -103 -91 -107 -108 116 -110 -111 -112 -65 -72 -75 -36 117 118 -1 -118 -121 122 -27 -124 -125 -123 -127
right_child=1 2 80 4 -6 6 -8 11 13 43 -12 14 -14 -15 16 28 21 20 19 33 -22 23 29 24 -26 31 27 -29 34 -31 -32 38 -34 -35 35 39 -38 -39 -40 -41 -42 42 -44 46 -46 71 47 50 -50 -51 51 61 -54 54 -56 -57 57 60 -60 -61 -62 -63 -64 112 65 -67 -68 68 79 72 113 -73 73 114 -76 76 -78 78 -80 -81 81 -83 -84 88 87 86 -88 -89 -90 92 95 -93 93 -95 -96 -97 -98 -99 100 -101 101 104 -104 -105 -106 106 107 -109 109 110 111 -113 -114 -115 -116 -117 119 -119 -120 120 -122 125 123 124 -126 126 -128
leaf_value=9.2026850726487563e-05 -0.0094790720006733189 -0.012776907635295494 0.00014844213878207883 0.00045250097205377172 0.011006980194786129 0.00098169954681471628 -0.0068080588747844242 0.011701829684289724 0.001855707648720419 0.00093528115831703347 0.0042510891752399818 0.0036851530546007094 -0.0010630156816294983 0.010721907894815863 0.003196095120966861 0.005609749716114748 0.0077304957390960582 0.010015661839918212 -0.015573432912554488 0.00092194375493531819 0.0020137309006961887 -0.013312906758801547 -0.0031421502312507024 0.0068685983628863946 -0.0033488566124012841 0.0090755706166683308 0.0023037131226238791 -0.010133283457217958 -0.0073737347796290686 -0.0023802339849107587 0.0069022453207163567 -0.0084533916280383949 0.0073154956527206301 -0.008895605039041566 0.0011204925958524488 -0.0013389670140156005 -0.016113603718875231 0.0015148804678031616 8.7083368510990352e-05 -0.0086028146942799047 -0.0053788566472033018 0.00076176706319227487 -0.0079873640364870463 -0.0014808847931043693 0.0038366010955990515 -0.010957453475297932 -0.0015891485505548988 -0.0084846532183485025 -0.016121524890536643 0.0060162889105476432 -0.0072471119373091579 -0.00097004468488505002 -0.0045897838261493547 -0.0080097072227822939 0.0079549382689517636 0.0020026201685706493 -0.007007835468302314 0.010754458872120709 -0.011117035284741728 0.0048156878203511819 -0.00084386867248510905 0.0040441987020999525 0.0056532809283461934 -0.0032822903598920278 -0.00094053546301936454 0.0015744722186279347 -0.0095925541666691157 0.01101022201053134 0.0051846061807396746 0.003502807168910901 -0.00058687328123787285 -0.0022548551976496788 0.00090912357679772272 -0.0022146598851753309 -0.0078325955953687902 -0.00043229542614234366 0.0089524487659560312 0.0091574480602306402 0.0011305212744040197 0.00016319469165116025 -0.0043140705180554541 -0.009863912845554549 0.0013508279454183328 -0.0019144356095955333 -0.0013326866324176346 -0.0029667468131167364 -0.011017108023451228 0.00643845637664597 -0.0011627471938384093 0.0034598434738179738 0.011065550814349151 0.0056062107342220073 0.005402245139282693 0.0052848336722137249 -0.0060748751643149969 0.0017502905151556333 -0.0016763799713168403 -0.0030986381098095633 0.0035451760532445734 0.0064183148532384292 -0.002441020619417646 0.0004631016812877866 -0.014004982816296047 -0.0088082321435443561 -0.0075996911535372944 0.013323450958347447 0.00057996952018232631 0.010308774435907254 0.0028182109146325058 -0.00022733703423000407 0.012334828735338451 0.0050462280418290071 -0.010608433120825794 0.0041726325557748896 -0.007448119646292814 -0.0083474295634168912 0.0071270307965474169 -0.0067137527373696999 0.0063818466049500762 0.0038192233385250041 -0.0024468947015910611 -0.0033982376731245458 -0.0024699404076316957 -0.016360269067808988 -0.0051533507724881786 0.0094862509594572444 -0.00015397526947955061
leaf_weight=1740 292 341 53973 1703 233 585 1027 210 749 682 273 378 284 240 415 203 358 410 208 282 751 256 298 274 5174 248 618 331 224 1634 415 451 288 235 213 1436 239 982 273 281 385 219 519 389 2128 260 519 216 206 336 201 471 530 239 1027 592 261 238 329 390 216 267 213 292 1052 2118 504 321 556 225 1336 436 461 543 760 303 213 379 401 1797 605 221 761 376 439 502 360 386 2585 628 208 433 433 674 698 1190 202 586 1021 222 311 820 209 662 213 317 207 256 7546 400 252 2598 500 644 1059 201 627 375 567 701 438 1047 1301 208 343 286 2776
leaf_count=1740 292 341 53973 1703 233 585 1027 210 749 682 273 378 284 240 415 203 358 410 208 282 751 256 298 274 5174 248 618 331 224 1634 415 451 288 235 213 1436 239 982 273 281 385 219 519 389 2128 260 519 216 206 336 201 471 530 239 1027 592 261 238 329 390 216 267 213 292 1052 2118 504 321 556 225 1336 436 461 543 760 303 213 379 401 1797 605 221 761 376 439 502 360 386 2585 628 208 433 433 674 698 1190 202 586 1021 222 311 820 209 662 213 317 207 256 7546 400 252 2598 500 644 1059 201 627 375 567 701 438 1047 1301 208 343 286 2776
internal_value=2.67714e-05 -0.000333045 -0.000310548 -0.000628309 0.00178194 -0.000699735 -0.00401727 -0.00061592 -0.000115378 -0.000283741 -0.00525903 -0.00094266 0.00448785 0.00400726 -0.00101423 -0.000386755 -0.00160482 0.000709601 -0.00349021 -0.00731755 0.00483956 -0.00191258 0.000289273 -0.0023215 -0.00193641 -0.000961355 -0.00483242 -0.00203416 -0.00236152 -0.000845775 0.00266676 -0.00125846 -0.000815553 -0.0036247 -0.00282063 -0.00414448 -0.008459 -0.000183135 -0.00523302 -0.00252775 0.000122133 -0.007504 -0.00548898 -0.000152063 0.00142854 -0.00230129 -0.000427784 -0.000631007 -0.00283099 -0.00194233 -0.000172398 0.00046377 0.00101743 0.00135162 0.00404763 -0.00086655 -0.00293933 0.00090538 -0.0043299 -0.002992 0.00545461 -0.00253028 -0.00373671 -0.0053203 0.00064261 -0.000675722 -0.00374299 0.00206686 0.00266021 -0.00176122 -6.56601e-06 -0.00550583 -0.00344532 -0.00420311 -0.00537276 0.00626938 0.00344164 0.00286394 0.00503078 0.00134401 7.47035e-05 -0.00243264 -0.00114973 0.000270156 -0.0015006 -0.00321921 -0.00625627 0.00230327 0.000672579 0.00119508 6.71479e-05 -0.000938385 0.00306616 0.000911383 -0.00168684 0.00313625 0.00544246 -0.000434101 -0.00167751 -0.00403623 -0.00050525 -0.0031714 -0.00708884 -0.00631106 -0.00119941 0.00650243 0.00895209 0.00595918 0.00293317 0.00346046 0.00496232 0.00569069 -0.00790738 0.000956338 -0.00567423 -0.00356471 0.00164847 0.000470163 0.0016379 0.00344729 0.00142165 -0.00119271 -0.00290672 -0.00452696 -0.00938391 -0.000308891 0.000746451
internal_weight=138449 123205 122913 67353 1936 65417 1612 63805 25213 24224 614 38592 494 989 38098 18480 19618 2301 1140 725 1161 17317 2705 14612 12669 7495 1943 949 3779 2347 713 7221 6497 517 3576 2370 653 1206 724 1717 14701 994 738 23610 3506 1378 20104 18935 3255 3049 15680 11196 9453 8923 1858 831 2713 715 1998 1669 454 1743 1476 1263 7065 3674 1556 3391 3190 4484 2196 696 2288 2063 1279 837 516 1169 780 2353 55560 1587 1366 14316 2651 1826 862 825 11665 9080 5665 4267 3415 1805 1131 1398 1610 964 3834 1260 2574 1553 520 1038 1033 1408 780 463 15244 10796 3250 2850 792 1980 1602 414 4448 2682 2307 1766 1139 6209 2100 1852 551 4109 3062
internal_count=138449 123205 122913 67353 1936 65417 1612 63805 25213 24224 614 38592 494 989 38098 18480 19618 2301 1140 725 1161 17317 2705 14612 12669 7495 1943 949 3779 2347 713 7221 6497 517 3576 2370 653 1206 724 1717 14701 994 738 23610 3506 1378 20104 18935 3255 3049 15680 11196 9453 8923 1858 831 2713 715 1998 1669 454 1743 1476 1263 7065 3674 1556 3391 3190 4484 2196 696 2288 2063 1279 837 516 1169 780 2353 55560 1587 1366 14316 2651 1826 862 825 11665 9080 5665 4267 3415 1805 1131 1398 1610 964 3834 1260 2574 1553 520 1038 1033 1408 780 463 15244 10796 3250 2850 792 1980 1602 414 4448 2682 2307 1766 1139 6209 2100 1852 551 4109 3062
cat_boundaries=0 3 6 9 12 13 14 17 18 20 21 22 25 28 29 30 31 32 33 34 35 36 37 40 43 44 45 46 47 50 51 52 53 54 55 56 57 58 59 60
cat_threshold=268478468 4032 524298 27262976 8192 4194304 167903744 105185304 49808 134217728 4259856 16400 3 24 512 24 16384 423 0 33554456 3400 1613 131584 67108864 16400 167772672 4194304 32896 2304 160 8 4 8 64 2 2307 65 131072 71303168 144 33685504 4456448 144 1552 16 16 3088 131072 71303168 128 16 553648129 73 584 4 1 265 517 22 68
is_linear=0
shrinkage=0.05


Tree=64
num_leaves=128
num_cat=59
split_feature=2 2 2 10 2 4 9 2 6 1 7 7 4 3 4 3 8 3 7 4 3 4 9 4 7 4 2 7 7 7 9 8 9 3 6 10 6 4 9 3 10 2 8 8 1 8 7 0 9 4 4 2 4 10 3 10 10 3 4 8 4 3 6 3 8 7 3 2 8 7 10 6 7 7 4 10 3 6 4 10 2 10 4 3 3 4 4 8 3 10 6 2 7 10 7 8 10 3 7 7 8 3 8 3 10 10 8 8 4 4 2 9 0 4 3 10 2 7 7 7 9 7 9 8 3 7 4
split_gain=52.3549 8.74241 5.39427 4.51431 9.80958 6.92859 10.0127 4.31417 4.09179 5.55009 6.19088 4.56779 11.8534 6.60083 6.02491 6.52197 5.61221 10.477 4.02855 7.63968 7.023 4.52408 4.20236 3.80004 5.09698 5.36964 4.23353 7.98471 9.18233 6.53715 10.6045 6.14403 4.89352 4.07521 4.57672 4.32526 4.29625 8.30733 5.21178 4.01963 3.80119 3.72772 4.37592 3.64993 5.24891 3.90464 3.87056 24.8566 9.92479 13.9438 11.2914 9.91391 14.2114 6.19609 7.6512 5.51252 4.19734 3.891 3.95205 3.51481 3.99766 3.43101 3.268 7.10061 10.5052 6.06237 3.79906 7.80352 8.45351 7.62188 4.18199 4.00984 3.64309 3.21267 13.7187 6.43967 11.1839 6.32984 7.29699 6.21183 4.75924 6.79759 10.6888 7.82863 5.6172 7.63717 4.73912 4.08599 5.66678 3.70443 7.87894 12.1956 13.9493 8.67575 7.38483 7.08023 7.31699 9.94041 8.3236 13.5901 7.42284 6.96212 6.94949 6.89984 6.87031 7.42656 6.77169 10.5518 6.57128 5.76359 5.44301 6.26768 5.43362 8.02079 8.57928 7.02775 9.34008 6.70622 5.6233 9.66348 5.05111 7.06965 4.93042 9.77455 6.3821 4.92489 4.8554
threshold=0 1 2 163.50000000000003 3 4 2190.0000000000005 5 2016.5000000000002 6 1.5000000000000002 24.500000000000004 7 8 9 10 238.50000000000003 11 20.500000000000004 12 13 14 2196.0000000000005 15 29.500000000000004 16 17 23.500000000000004 6.5000000000000009 25.500000000000004 1864.0000000000002 256.50000000000006 2005.0000000000002 18 2016.5000000000002 102.50000000000001 2018.5000000000002 19 2515.5000000000005 20 1447.0000000000002 21 348.50000000000006 354.50000000000006 22 360.50000000000006 2.5000000000000004 23 2005.0000000000002 24 25 26 27 22.500000000000004 28 1553.5000000000002 1431.0000000000002 29 30 45.500000000000007 31 32 2017.5000000000002 33 323.50000000000006 7.5000000000000009 34 35 166.50000000000003 12.500000000000002 1577.0000000000002 2018.5000000000002 4.5000000000000009 5.5000000000000009 36 1424.0000000000002 37 2020.5000000000002 38 1587.5000000000002 39 1497.5000000000002 40 41 42 43 44 8.5000000000000018 45 1447.0000000000002 2018.5000000000002 46 7.5000000000000009 293.50000000000006 28.500000000000004 149.50000000000003 1611.0000000000002 47 19.500000000000004 27.500000000000004 162.50000000000003 48 196.50000000000003 49 1497.5000000000002 1503.5000000000002 232.50000000000003 174.50000000000003 50 51 52 2206.5000000000005 53 54 55 102.50000000000001 56 19.500000000000004 25.500000000000004 20.500000000000004 2082.5000000000005 17.500000000000004 2102.0000000000005 197.50000000000003 57 18.500000000000004 58
decision_type=9 9 9 2 9 1 2 9 2 9 2 2 1 9 1 9 2 9 2 1 9 1 2 1 2 1 9 2 2 2 2 2 2 9 2 2 2 1 2 9 2 9 2 2 9 2 2 9 2 1 1 9 1 2 9 2 2 9 1 2 1 9 2 9 2 2 9 9 2 2 2 2 2 2 1 2 9 2 1 2 9 2 1 9 9 1 1 2 9 2 2 9 2 2 2 2 2 9 2 2 2 9 2 9 2 2 2 2 1 1 9 2 9 1 9 2 9 2 2 2 2 2 2 2 9 2 1
left_child=23 -2 3 4 -3 6 -6 -7 9 -5 -11 14 16 -14 15 -12 17 -13 41 -20 22 -22 -21 24 33 -26 27 28 -25 30 -28 -30 -31 35 -35 -1 38 -38 -37 -34 -39 -16 -43 46 45 61 47 48 49 -4 55 52 -48 -54 -55 -50 -51 -52 -59 -36 -61 -45 63 72 65 -65 -64 68 -68 -70 71 -69 -32 74 75 76 -53 80 -79 -77 -76 84 -83 -84 86 -86 -82 88 -75 90 91 103 -93 94 112 -91 97 100 102 -100 -97 -95 -98 -89 -102 -106 107 125 -105 -107 -92 126 -94 114 117 -116 -117 -114 119 122 121 -109 124 -124 -115 -99 -112
right_child=1 2 43 8 5 7 -8 -9 -10 10 11 12 13 -15 18 -17 -18 -19 19 20 21 -23 -24 26 25 -27 29 -29 31 32 62 -33 39 34 59 36 37 40 -40 -41 -42 42 -44 44 -46 -47 51 -49 50 56 57 73 53 54 -56 -57 -58 58 -60 60 -62 -63 66 64 -66 -67 67 70 69 -71 -72 -73 -74 87 77 79 -78 78 -80 -81 81 82 83 -85 85 -87 -88 89 -90 95 110 92 93 101 -96 96 98 106 99 -101 104 -103 -104 108 105 109 -108 120 -110 -111 111 -113 113 118 115 116 -118 -119 -120 -121 -122 -123 123 -125 -126 -127 -128
leaf_value=-0.00034489437423363464 -0.0082540830076440665 -0.012096973238937813 0.013949581373935871 0.0061762433461563411 -0.0027376602057465902 -0.0093676841653828214 0.011177280579296942 -0.001195575117415093 -0.00070481257589273755 0.0079317568151708543 0.010727564247056802 0.0026087241734606787 -0.0041373078735089126 0.0030209408223848132 -0.0054163740181893578 0.00012516025858728784 0.0024769335738963451 0.017431248514710562 -0.0099015610262548279 -0.0012615622427891678 -0.010297496740358993 -0.00056788867831313885 0.0088177078241361909 -0.0060520316705301299 0.0029661353149804401 -0.0067098778166699144 -0.009029065606141971 -0.0078664572402632159 0.00066207651595178352 0.012803129306877964 0.012417250723607141 0.01037559057672896 0.010512035215347583 0.0097024488053778068 -0.0015468495700525524 0.0064365890185875468 0.0045634762782736944 -0.0084116176541367202 -0.0017610716771807413 0.0029076963664852683 0.00055315309170597888 0.00015194256306835536 -0.0067266200331840753 0.00056398851975245632 -0.0092847687953516202 0.0012832867702146143 0.012453695761156269 -0.016919026753784698 -0.0043100003730763758 0.0033968936363487448 0.0035797685002000538 -0.013824080394374903 -0.0057050018708941792 -0.0020761783059158778 0.0094628497639446182 -0.014051349400481673 -0.0046928098330379659 0.0026214353785799617 -0.0042427763135611954 0.0081303348584677686 0.0034926482458438354 -0.007110821368768408 -0.0010188215044521904 -0.0019694423305096245 -0.0077542577617860991 0.0089155752464042358 -0.0095230386310504404 0.014095217412803321 -0.0053392591207687343 0.0069197241688016223 0.0024253334975354252 0.0050483128932176484 0.005010442210830926 -0.0012491200209051728 0.0094915865762300131 0.0056717278932433435 -0.001141312551751907 0.003905105527569252 -0.0069009694849955852 -0.0046767215209286795 0.0012822376711506256 0.010694669601254064 -0.0063776619496359807 0.0046281568713591415 0.0080376406257679882 -0.0020582625281859077 -0.0088012296096827546 -0.0004157630987422689 0.0083183856375737466 -0.0015313298507355977 0.0032859325734968603 0.0090436060786080671 -0.008678457027650929 -0.0033464933687687988 -0.0085268422059298875 0.0079884751642612852 -0.0048947658562211293 -0.0090039420906517075 0.0072031947513289249 -0.0021791118439338027 0.0056482329048346833 -0.014126801374676754 0.0013308470200176991 -0.0029213034566259667 -0.0093943048828224619 0.0026636383605510424 -0.0042225833574212257 0.0053899019868055616 0.0045957281958582093 -0.0010478266938348654 -0.0017161023704738911 0.004674622060912439 0.0024906613102895353 -0.010766310789553037 0.011318908380115497 -0.0050024281054055287 0.0084427635596412264 -0.0090079136920275093 -0.010395180949213809 0.0061460816197564591 0.0081284179232693609 -0.0038578888792566673 0.0077168519007385639 -0.0076305779587236824 -7.5209177791690215e-05 0.00044215823003818122 0.0011461770703292994
leaf_weight=803 336 253 246 387 322 285 216 382 55523 249 220 275 823 517 355 404 626 220 345 213 226 257 201 279 354 227 220 294 387 200 200 281 210 519 217 1531 845 226 222 987 248 4767 243 246 220 761 390 233 397 406 539 277 247 283 280 229 265 322 569 734 1416 359 1209 223 278 300 224 200 210 320 604 316 977 283 337 316 461 297 310 268 227 578 209 614 374 363 231 3119 334 9504 2811 246 227 340 412 335 551 373 1311 547 546 292 2404 346 213 1533 2328 405 1699 3238 2230 878 264 393 305 253 245 244 233 287 313 422 206 209 224 219 4367
leaf_count=803 336 253 246 387 322 285 216 382 55523 249 220 275 823 517 355 404 626 220 345 213 226 257 201 279 354 227 220 294 387 200 200 281 210 519 217 1531 845 226 222 987 248 4767 243 246 220 761 390 233 397 406 539 277 247 283 280 229 265 322 569 734 1416 359 1209 223 278 300 224 200 210 320 604 316 977 283 337 316 461 297 310 268 227 578 209 614 374 363 231 3119 334 9504 2811 246 227 340 412 335 551 373 1311 547 546 292 2404 346 213 1533 2328 405 1699 3238 2230 878 264 393 305 253 245 244 233 287 313 422 206 209 224 219 4367
internal_value=2.52037e-05 -0.000317098 -0.00029472 -0.000595666 -0.00334765 -0.00139866 0.00279702 -0.0047742 -0.000534825 0.000379023 0.000146978 -5.28714e-05 0.00180776 -0.00137359 -0.000686118 0.00397343 0.00557315 0.00960136 -0.00113049 -0.00369826 -0.00118874 -0.00523699 0.00354634 0.00278667 0.00361035 -0.000878774 0.00201942 -0.000663062 0.00156626 0.00251816 0.00171733 0.00474815 0.00556353 0.00400145 0.00543142 0.00291491 0.00377649 0.00162087 0.00539844 0.0043539 -0.00364431 -0.000538161 -0.000181326 7.00182e-05 -0.00229409 -0.00109225 0.000139521 -0.00154538 -0.000282652 0.00404213 -0.00221293 0.000245958 0.00471756 0.000886306 0.00379379 -0.00774973 0.000199037 0.000263224 -0.00176054 0.00451788 0.00512999 -0.00409837 0.00218448 0.00377071 9.84011e-05 0.00427435 0.00116678 0.00256853 -0.00136138 0.00206239 0.00520284 0.00855487 0.00621622 0.000136688 0.0013573 -0.0029776 -0.00610443 0.00297616 -0.001663 0.000922782 0.00394641 0.00317776 0.00555298 0.00179023 0.000419679 0.00310405 -0.00388292 3.91948e-06 0.00404462 -5.26496e-05 0.000454192 -0.000580475 -0.00251782 -0.0032119 -0.00223884 -0.000467247 0.000218941 -0.000556876 0.00181877 0.00444102 0.000760126 -0.00860374 0.000169997 0.00106556 0.000323617 -0.000259698 -0.00245522 -9.38578e-05 0.00331587 0.000148114 0.00141422 0.000705019 -0.00140044 -0.000790309 0.0020811 0.00527618 0.00168126 -0.00297374 -0.00321363 -0.00196938 0.00271849 0.000670957 -0.0042263 -1.23357e-05 -0.00706065 -0.00550952 0.00017777
internal_weight=138449 123188 122852 67309 1458 1205 538 667 65851 10328 9941 9692 2461 1340 7231 624 1121 495 6607 1242 897 483 414 15261 7342 581 7919 1241 947 6678 5281 668 1397 6761 2886 3875 3072 1319 1753 1197 474 5365 5010 55543 1586 1366 53957 3206 2973 917 2056 50751 1200 810 563 626 671 1430 891 2367 2150 605 5061 1978 801 523 3083 1874 754 530 1120 516 1177 49551 4862 1322 738 3540 607 584 2933 2596 1401 823 1195 737 458 44689 617 44072 19830 9544 4380 4134 3502 24242 14738 9925 4813 1858 5865 632 2955 5164 5530 4984 4060 1732 2045 4771 10286 7475 3090 2863 1311 803 498 508 1552 1319 1140 827 1032 415 617 592 6597
internal_count=138449 123188 122852 67309 1458 1205 538 667 65851 10328 9941 9692 2461 1340 7231 624 1121 495 6607 1242 897 483 414 15261 7342 581 7919 1241 947 6678 5281 668 1397 6761 2886 3875 3072 1319 1753 1197 474 5365 5010 55543 1586 1366 53957 3206 2973 917 2056 50751 1200 810 563 626 671 1430 891 2367 2150 605 5061 1978 801 523 3083 1874 754 530 1120 516 1177 49551 4862 1322 738 3540 607 584 2933 2596 1401 823 1195 737 458 44689 617 44072 19830 9544 4380 4134 3502 24242 14738 9925 4813 1858 5865 632 2955 5164 5530 4984 4060 1732 2045 4771 10286 7475 3090 2863 1311 803 498 508 1552 1319 1140 827 1032 415 617 592 6597
cat_boundaries=0 3 6 9 11 12 15 16 17 18 19 20 21 22 23 24 25 26 29 30 31 32 35 36 37 38 39 42 43 44 45 46 47 48 49 50 53 54 55 56 59 60 61 62 63 64 65 68 69 70 71 72 73 76 77 78 79 82 83 84
cat_threshold=268478468 4032 532490 18874368 270336 4194304 176292352 104923160 49808 0 4259856 618 134218240 67108872 32768 8552448 1181 13 512 20 21 2065 12 196 1714 1058 0 1024 532480 14 162 2 131072 0 640 553648129 137 518 1539 2147501056 0 8388608 2348 20 5 2088 528 21 26 10 0 512 8 2068 18 617 1 2147483648 1 1448 4 24 1161 1794 5 4194560 536870912 264225 28 28 11 3140 268 1 2281717760 2049 20 1365 9 1 0 1048576 22 3145
is_linear=0
shrinkage=0.05


Tree=65
num_leaves=128
num_cat=32
split_feature=1 8 8 7 4 6 1 6 7 4 8 8 3 10 8 8 3 9 8 8 10 3 8 9 9 8 3 8 8 3 10 8 0 10 4 10 4 6 9 4 6 8 3 9 10 8 8 3 10 8 6 7 8 7 1 4 7 10 9 8 8 8 7 7 10 4 9 9 7 8 10 7 9 6 3 9 3 7 6 8 8 8 9 7 3 8 10 3 7 7 7 8 8 1 1 8 7 1 3 7 10 7 8 7 8 0 3 8 7 6 1 10 7 4 1 8 10 7 10 7 8 6 8 7 4 7 10
split_gain=13.9918 16.7678 12.9129 10.1813 12.919 7.92787 8.31701 8.49384 27.9587 8.77891 7.37084 7.70352 6.71214 5.78505 13.999 5.67871 8.79895 6.59495 5.42102 4.99575 9.07857 6.44453 10.6975 9.4098 4.65699 4.58652 13.0266 7.89853 5.06919 4.48767 7.51657 14.2383 11.5709 6.16445 5.94122 6.83977 10.068 16.8324 6.15396 5.88117 9.71647 9.93282 5.54502 5.09511 5.31531 4.99264 13.4815 8.17609 6.65105 4.91767 8.21699 6.25851 4.79046 4.78444 4.75086 4.58776 4.49698 6.41262 5.45517 4.6893 4.44765 14.8512 5.60265 9.55006 8.43651 6.2367 5.86859 8.3552 5.82503 8.57459 6.74581 5.80174 5.53115 5.37446 7.02286 6.25423 4.29128 4.21345 5.25261 8.26945 7.61592 7.03719 10.2582 7.61817 8.60625 4.2118 4.20264 4.56283 5.73495 4.13965 4.47034 4.11593 4.08763 16.0352 11.0743 7.18111 6.06817 14.9738 11.8954 8.58707 5.65608 4.5051 6.7306 6.57168 8.93226 5.98645 4.43627 8.32551 8.2704 7.78786 9.24617 4.77033 7.1738 4.43426 4.1807 4.12963 5.16395 4.05662 11.7218 6.83866 5.59012 5.32219 8.2917 5.57046 7.44389 8.69149 6.06538
threshold=0 12.500000000000002 29.500000000000004 6.5000000000000009 1 2017.5000000000002 2 2018.5000000000002 27.500000000000004 3 170.50000000000003 51.500000000000007 4 1605.0000000000002 8.5000000000000018 72.500000000000014 5 2010.0000000000002 3.5000000000000004 168.50000000000003 171.50000000000003 6 238.50000000000003 2066.0000000000005 2385.5000000000005 22.500000000000004 7 33.500000000000007 35.500000000000007 8 36.500000000000007 119.50000000000001 9 210.00000000000003 10 1311.5000000000002 11 2019.5000000000002 2422.0000000000005 12 2018.5000000000002 352.50000000000006 13 2422.0000000000005 1776.5000000000002 265.50000000000006 256.50000000000006 14 1583.5000000000002 43.500000000000007 2019.5000000000002 10.500000000000002 72.500000000000014 27.500000000000004 15 16 15.500000000000002 1250.5000000000002 1669.5000000000002 337.50000000000006 172.50000000000003 183.50000000000003 2.5000000000000004 10.500000000000002 1574.5000000000002 17 1828.0000000000002 1864.0000000000002 12.500000000000002 149.50000000000003 1510.5000000000002 16.500000000000004 2005.0000000000002 2020.5000000000002 18 2005.0000000000002 19 5.5000000000000009 2018.5000000000002 252.50000000000003 85.500000000000014 55.500000000000007 1669.5000000000002 24.500000000000004 20 352.50000000000006 215.00000000000003 21 18.500000000000004 17.500000000000004 10.500000000000002 95.500000000000014 199.50000000000003 22 23 209.50000000000003 5.5000000000000009 24 25 2.5000000000000004 261.00000000000006 8.5000000000000018 309.50000000000006 18.500000000000004 345.50000000000006 26 27 151.50000000000003 10.500000000000002 2016.5000000000002 28 1436.5000000000002 27.500000000000004 29 30 218.50000000000003 1561.5000000000002 9.5000000000000018 1611.0000000000002 26.500000000000004 204.50000000000003 2020.5000000000002 279.50000000000006 7.5000000000000009 31 3.5000000000000004 1519.5000000000002
decision_type=9 2 2 2 1 2 9 2 2 1 2 2 9 2 2 2 9 2 2 2 2 9 2 2 2 2 9 2 2 9 2 2 9 2 1 2 1 2 2 1 2 2 9 2 2 2 2 9 2 2 2 2 2 2 9 1 2 2 2 2 2 2 2 2 2 1 2 2 2 2 2 2 2 2 9 2 9 2 2 2 2 2 2 2 9 2 2 9 2 2 2 2 2 9 9 2 2 9 9 2 2 2 2 2 2 9 9 2 2 2 9 2 2 1 9 2 2 2 2 2 2 2 2 2 1 2 2
left_child=1 -1 -3 4 -4 13 7 8 9 12 11 -11 -7 14 -2 16 -5 -17 -15 24 21 23 -23 -21 86 26 -16 -27 -29 30 31 -8 -32 55 38 36 37 -36 45 40 52 42 43 44 89 46 49 -47 -48 50 51 -35 -31 -49 -44 -34 57 -56 -58 -59 62 72 64 65 -41 -64 -65 -68 -69 71 -71 -70 -62 75 -75 -67 -73 -51 80 81 -79 -80 -83 -84 -85 -9 87 88 -19 90 -42 -77 94 100 -30 -95 97 98 -96 -100 -94 102 105 104 114 -97 107 109 113 110 -98 -109 -113 -108 -103 -107 -117 121 -119 120 -120 123 -123 124 -63 -126 -125
right_child=5 2 3 15 -6 6 29 85 -10 10 -12 -13 -14 18 25 17 -18 19 -20 20 -22 22 -24 -25 -26 27 -28 28 92 39 32 -33 33 34 35 -37 -38 -39 -40 60 41 -43 54 -45 -46 47 48 53 -50 77 -52 -53 -54 -55 56 -57 58 59 -60 -61 61 117 63 66 -66 73 67 68 69 70 -72 76 -74 74 -76 91 -78 78 79 -81 -82 82 83 84 -86 -87 -88 -89 -90 -91 -92 -93 93 95 96 101 106 -99 99 -101 -102 103 -104 -105 -106 115 108 111 -110 -111 -112 112 -114 -115 -116 116 -118 118 119 -121 -122 122 -124 126 125 -127 -128
leaf_value=0.0159890856425869 0.0085164554767865452 -0.010016901420693012 0.0033985166750916335 -0.00031407643242606099 -0.0089390619173758176 0.0096399067183180406 -0.0053032650849935865 0.0021239251332217097 -0.017170333290925703 -0.0052006813112349635 -0.0086861480651234928 0.0082540930639454328 0.00033690089558413507 -0.0065696760888126196 -0.0082447087309830674 -0.0018935921681480601 0.01312347822718378 -0.00011023997733795018 0.001262840509175811 0.012077303290656725 -0.0020826391039278219 0.0038139912507621091 0.018587685283506291 0.001040227821814417 0.006512184974560205 0.004613012313164239 0.0029159112189176026 -0.007421759663299804 0.0085307796882102046 0.001223780452578648 -0.0093895799341720196 0.0098773972551715709 0.0076206456395005303 -0.0047628818014853226 0.008130547676846886 -0.00033967788544210341 -0.0036075420676745839 -0.0040936361794393812 0.0018796253137899422 0.00093023904148678961 -0.00027169393711217913 -0.0055060980781147795 -0.0037372628431001755 -0.0049863925357087127 0.0049240283811490234 0.0092902032330286974 -0.0015855725873731034 0.0021461988238642288 -0.011149110446753263 0.0013288725222575589 -0.0021819893634158444 -0.016255861162909703 0.0063571024416347478 -0.0054233620132700631 0.012002584933010985 -0.0004066706380943595 -0.0055893976807594309 0.0006676926105502705 0.0025800132974183273 0.0082460445007518941 0.011707009091931109 -0.0050391631567771062 -0.0025489473807497297 0.0034551229523275004 -0.01227356144426052 -0.0024246484737619626 -0.010724636762599021 -0.0057656089303834944 0.0011482260953514431 -0.0026038650669920806 0.0069818694656761651 -0.0045372426595776403 0.0034823942056102283 0.0037559921431777723 -0.0054406413316028194 0.0034236288748395842 -0.0012112960393583201 -0.0024757279117581187 0.001455711539712081 0.0065983028845248391 -0.010474060918748347 -0.01316140846347913 -0.0038168531566399031 0.0081830948272063244 -0.0025559616796993491 -0.0049261019965973962 0.0061560481132473801 0.0027117561144708582 -0.011026535875304309 0.0018721830535966052 -0.0077389828892001139 0.0092235197927962153 -0.01400336376653508 -0.0089047919823012009 0.012509566650093932 0.0032512351075627277 -0.014932220438787622 -0.007808024248934016 -0.0064686026359255929 0.0056104968240432637 -0.0047775269280872952 -0.0007047291995566238 0.0061196970260042217 -0.00072257546614874443 -0.0052875692774688454 -0.00054977522779860687 0.00083304178055330154 0.0062552409796619527 0.001432462686257427 -0.00063478978545457364 -0.0037147536737139361 0.002403882037838125 -0.0074570954455501909 -0.0053710789234229688 0.0042048201567827645 -0.0082856697726081795 -0.0013779560598638355 -0.00041984781312047237 0.00077466585030236325 -0.0018351879969981438 0.010105218435434486 -0.0010337375364984959 -0.010115380892573808 -0.011615226420196091 -0.0015050033379365349 0.005670632305016709 -0.0010789128900796641
leaf_weight=219 470 219 428 200 405 326 242 6488 259 226 346 201 472 224 592 647 325 267 16023 283 324 221 275 608 331 875 458 242 400 779 393 427 358 258 543 30019 3731 585 975 216 462 700 282 582 478 222 253 456 646 1129 1100 219 1091 385 274 351 250 594 1119 311 309 446 777 466 275 279 285 883 1043 291 497 2164 604 422 390 731 1796 1198 1231 322 396 231 1964 319 425 219 200 316 219 635 354 526 262 240 410 316 213 237 217 457 454 547 223 4926 349 533 459 429 5684 1902 1208 737 246 770 2134 767 418 7862 223 261 573 613 426 212 824 865 384
leaf_count=219 470 219 428 200 405 326 242 6488 259 226 346 201 472 224 592 647 325 267 16023 283 324 221 275 608 331 875 458 242 400 779 393 427 358 258 543 30019 3731 585 975 216 462 700 282 582 478 222 253 456 646 1129 1100 219 1091 385 274 351 250 594 1119 311 309 446 777 466 275 279 285 883 1043 291 497 2164 604 422 390 731 1796 1198 1231 322 396 231 1964 319 425 219 200 316 219 635 354 526 262 240 410 316 213 237 217 457 454 547 223 4926 349 533 459 429 5684 1902 1208 737 246 770 2134 767 418 7862 223 261 573 613 426 212 824 865 384
internal_value=-4.36373e-05 0.00242834 0.00186921 0.00238477 -0.00266646 -0.000145876 -0.000414928 0.00106866 -0.0019494 0.000559966 -0.00322055 0.00113283 0.00420965 0.000408461 -3.77815e-05 0.00338279 0.0082484 0.00269072 0.00115485 0.00366511 0.00545299 0.0072133 0.0117678 0.00449538 0.00137024 -0.000188334 -0.0034273 -5.577e-05 -0.000220628 -0.000571484 -0.0008769 0.00438604 -0.000950884 -0.000878623 -0.000949198 -0.000621202 -0.00236174 0.00177514 -0.00192238 -0.000117479 0.00106782 9.42381e-05 0.000828227 -0.00088246 0.000351166 -0.00226887 -0.00262568 0.000984007 -0.0084577 -0.00202934 -0.00455868 -0.0100395 0.00421868 -0.00130356 0.00234093 0.00374836 0.00302561 0.00530096 0.00108816 0.00327197 -0.000498268 0.000106719 -0.00124403 -0.00100105 -0.00646496 0.00131778 -0.00197699 -0.00234075 -0.00198273 -0.00140592 0.00344196 -0.00216949 0.00626597 0.00259716 -0.000681857 0.0043475 -0.00304332 -0.00147649 -0.00199691 -0.0011219 -0.00446277 -0.00171804 -0.00304736 -0.0021846 0.00212419 0.00189372 -0.000328347 -0.0019454 -0.00492791 -0.00115526 -0.00351118 0.00585063 -0.000149609 -0.000855647 0.000440244 -0.000355428 0.00018399 0.00339572 0.00586319 0.00169636 -0.00804116 -0.000154871 -0.00212651 0.000404453 0.00223671 -0.00303059 -0.000180094 -0.00135745 0.000627383 -0.002727 -0.00552741 0.00185603 -6.38702e-05 -0.00309092 0.00321619 -0.00418063 -0.00584902 -0.000336452 0.000244782 0.00518832 0.00749126 -0.00171152 -0.0047573 -0.00055277 0.000640335 0.00215714 -0.00482673
internal_weight=138378 5487 5268 5049 833 132891 89469 8537 1830 1571 773 427 798 43422 27175 4216 525 3691 16247 3044 1711 1387 496 891 1333 26705 1050 25655 24780 80932 48378 669 47709 47316 46607 34878 4859 1128 11729 32554 7911 6041 5341 2511 1929 10754 9691 1063 899 8792 1577 477 1870 841 2830 709 2548 1179 1369 905 24643 13602 11041 10550 491 3125 7425 6959 6674 5791 788 5003 913 2348 812 1536 3960 7215 6086 4492 1594 4170 2939 2708 744 6707 1002 802 486 1451 816 1257 24538 11169 13369 10453 12969 1321 1084 674 716 10213 2257 7956 3030 2034 11648 4735 6913 3323 1421 1412 983 1229 2681 1718 1185 12689 8919 1057 796 3770 1039 2731 2135 1689 596
internal_count=138378 5487 5268 5049 833 132891 89469 8537 1830 1571 773 427 798 43422 27175 4216 525 3691 16247 3044 1711 1387 496 891 1333 26705 1050 25655 24780 80932 48378 669 47709 47316 46607 34878 4859 1128 11729 32554 7911 6041 5341 2511 1929 10754 9691 1063 899 8792 1577 477 1870 841 2830 709 2548 1179 1369 905 24643 13602 11041 10550 491 3125 7425 6959 6674 5791 788 5003 913 2348 812 1536 3960 7215 6086 4492 1594 4170 2939 2708 744 6707 1002 802 486 1451 816 1257 24538 11169 13369 10453 12969 1321 1084 674 716 10213 2257 7956 3030 2034 11648 4735 6913 3323 1421 1412 983 1229 2681 1718 1185 12689 8919 1057 796 3770 1039 2731 2135 1689 596
cat_boundaries=0 2 3 4 5 6 7 8 9 10 11 12 13 14 15 16 17 18 19 20 21 22 23 24 25 26 27 28 29 30 31 32 33
cat_threshold=168567392 4 3476 30409729 3274 9 18 7 25 7 272 2096 257 56 16 4 268435456 3840 128 8 72 4 11 2162163712 2155872256 538968065 5 24 70 268435457 560 285245440 2048
is_linear=0
shrinkage=0.05


Tree=66
num_leaves=128
num_cat=63
split_feature=2 2 4 2 10 2 3 4 8 2 2 10 2 7 3 9 7 3 2 2 3 7 3 8 4 7 2 7 7 8 8 3 2 8 2 2 3 4 8 8 8 3 10 4 0 10 10 4 2 10 7 7 3 0 7 8 8 4 7 2 4 7 0 3 2 2 7 9 4 2 4 3 9 8 3 8 0 8 3 7 9 10 8 9 1 3 7 10 4 3 2 8 10 10 4 10 3 10 3 10 4 7 3 4 8 3 2 7 9 10 4 1 4 9 4 8 1 7 8 9 9 10 8 7 8 10 7
split_gain=47.7662 5.22961 4.90363 24.5904 6.4739 8.02981 4.69391 10.5806 6.81322 7.48196 6.43799 6.12967 5.19297 4.55023 4.54562 4.07496 9.35471 24.7851 11.1612 6.20094 7.55576 7.12127 6.83808 6.31024 6.15546 15.7471 6.35418 5.97245 5.95964 5.74302 4.82961 10.2179 6.83544 6.68628 6.457 5.83044 7.14538 5.91306 5.51593 5.22323 10.8673 5.18719 8.24321 5.69636 4.72128 4.60417 4.57256 4.91517 4.26304 4.12679 5.21458 4.04022 4.00548 4.12395 3.97397 3.93055 5.48342 3.73492 4.47755 3.67989 8.33455 17.4093 9.44505 8.98281 8.65701 8.51331 7.3725 7.28669 7.14486 8.97517 5.35537 6.93888 6.4401 5.20904 5.47758 5.41651 4.0426 6.88899 4.92279 3.97549 3.47028 3.38175 3.47745 3.32118 5.54673 3.3134 3.28923 9.79519 10.4426 7.41051 6.62045 5.69735 6.21443 5.39518 5.26403 3.38665 9.11435 7.13944 4.83908 5.38628 4.54579 3.53148 3.2054 10.1155 9.78623 8.93416 7.55737 8.06221 18.8697 7.0097 6.5404 6.1877 12.9033 6.1703 10.9002 5.96432 8.65771 10.2098 7.74549 6.42477 6.37065 9.06698 6.21099 5.71595 7.77726 5.09961 5.25037
threshold=0 1 2 3 279.00000000000006 4 5 6 57.500000000000007 7 8 149.50000000000003 9 25.500000000000004 10 2292.0000000000005 6.5000000000000009 11 12 13 14 21.500000000000004 15 321.50000000000006 16 19.500000000000004 17 26.500000000000004 22.500000000000004 356.50000000000006 176.50000000000003 18 19 181.50000000000003 20 21 22 23 14.500000000000002 55.500000000000007 97.500000000000014 24 1561.5000000000002 25 26 1736.5000000000002 1487.5000000000002 27 28 348.00000000000006 21.500000000000004 11.500000000000002 29 30 22.500000000000004 145.50000000000003 119.50000000000001 31 15.500000000000002 32 33 13.500000000000002 34 35 36 37 9.5000000000000018 1988.5000000000002 38 39 40 41 2329.5000000000005 299.50000000000006 42 172.50000000000003 43 147.50000000000003 44 19.500000000000004 1949.0000000000002 259.50000000000006 160.50000000000003 2363.5000000000005 45 46 3.5000000000000004 1181.0000000000002 47 48 49 8.5000000000000018 1569.5000000000002 202.50000000000003 50 1581.5000000000002 51 1630.0000000000002 52 1524.5000000000002 53 1.5000000000000002 54 55 43.500000000000007 56 57 5.5000000000000009 2174.5000000000005 146.50000000000003 58 59 60 2155.0000000000005 61 27.500000000000004 62 22.500000000000004 101.50000000000001 2074.5000000000005 2143.5000000000005 1569.5000000000002 102.50000000000001 22.500000000000004 57.500000000000007 1620.5000000000002 4.5000000000000009
decision_type=9 9 1 9 2 9 9 1 2 9 9 2 9 2 9 2 2 9 9 9 9 2 9 2 1 2 9 2 2 2 2 9 9 2 9 9 9 1 2 2 2 9 2 1 9 2 2 1 9 2 2 2 9 9 2 2 2 1 2 9 1 2 9 9 9 9 2 2 1 9 1 9 2 2 9 2 9 2 9 2 2 2 2 2 9 9 2 2 1 9 9 2 2 2 1 2 9 2 9 2 1 2 9 1 2 9 9 2 2 2 1 9 1 2 1 2 9 2 2 2 2 2 2 2 2 2 2
left_child=15 2 3 -2 6 14 8 10 9 -4 80 -9 54 -5 -6 24 17 18 -17 20 23 45 -23 52 25 26 -1 -27 -25 30 31 34 -33 -32 -26 41 -37 -38 -36 48 -41 44 43 49 -35 -21 47 -42 -40 -43 -51 -16 53 -18 -13 56 -34 -46 -59 60 61 67 -62 66 -65 -63 -64 -3 69 -68 71 -66 -72 75 -75 76 77 78 -67 -70 -8 82 -10 -22 -85 -44 87 88 -61 -90 -91 92 -88 -92 95 98 97 -97 100 101 -89 -100 103 104 -93 111 113 108 110 -105 -108 112 -104 114 -106 116 117 119 120 -113 121 123 -120 -117 -125 126 -111
right_child=1 59 4 13 5 -7 7 11 81 -11 -12 12 -14 -15 51 16 19 -19 -20 21 83 22 -24 28 29 27 -28 -29 -30 -31 33 32 55 35 38 36 37 -39 39 40 46 42 85 -45 57 -47 -48 -49 -50 50 -52 -53 -54 -55 -56 -57 -58 58 -60 86 62 65 63 64 70 73 68 -69 79 -71 72 -73 -74 74 -76 -77 -78 -79 -80 -81 -82 -83 -84 84 -86 -87 91 94 89 90 93 102 -94 -95 -96 96 -98 -99 99 -101 -102 -103 105 109 106 -107 107 -109 -110 125 -112 115 -114 -115 -116 118 -118 -119 122 -121 -122 -123 -124 124 -126 -127 -128
leaf_value=-0.011950412386552202 -0.019117622796629846 0.013107675386087439 -0.0013495455617972075 -0.0029001225272750029 0.0039467717065651223 0.0069247558987817317 -0.0050970771189061273 -0.011069177717229293 -0.0022400230009567458 0.010530270492078981 0.008893190251103425 -0.0030809172078228794 0.0032232012567149828 0.0017697503996672006 0.00081468080616857214 0.0010164003898124807 0.0010017893096569499 0.0091450076585036077 -0.014296887731713961 0.015537066575871296 0.011330709867353621 0.0071780660452377453 -0.0031363351141651223 -0.0078100505965314317 -0.0042840621577099319 0.0096497931301748469 -0.0016956626111213004 -0.0013117812094764589 0.002259474018923408 -0.0036515210514065583 0.011187324922369261 -0.0078563614872831661 3.0471326378623658e-05 0.0064265877152185728 0.011838466060754851 0.00087235602425700203 0.013949338554758235 0.0037850393421604493 -0.0040293754882907542 0.014548521667092102 0.0052611484650547076 -0.0064411276839582213 0.0054192857567251533 0.00487690714218384 0.0028278815769717321 0.0074544342597249701 0.0082186567445449339 -0.0026776564216505986 0.0044451915605739087 0.0053274291962136372 -0.0043139019578087084 -0.0078206055986600517 -0.00086918347634405225 0.0089032159855440083 -0.0090362659983267476 -0.002760904003758237 0.0050224474400902795 0.00037999644328360428 -0.0069827830572200883 -0.0036210642226331795 -0.010830246789825965 -0.0093425462075158901 -0.0088079096195578365 0.010519111982164037 -0.0067534234956444896 0.0060232321062614752 -0.0031800925309479048 0.0046961532964238037 3.0540793533504439e-05 0.0091361925371965177 0.0046354197241414144 0.0037157750882208344 -0.002778517284854648 -0.01003467170104279 0.001005974137279693 0.0059314979586836906 -0.006217277421708068 -0.0069493541173173481 -0.0013244459181345162 -0.0088671609419573184 0.0012265454807605309 -0.0053066292751398417 0.0047670690475242359 0.0006082227653688698 0.010946208603083573 0.013091780581055399 0.0055194634105529264 0.0071848883267408353 -0.00054390728646843149 0.0027140063539263792 0.0088030890596399909 -0.0056808514999018289 -0.00033370666717649398 0.019775875467443613 -0.0014262912454009466 0.013151279100816879 -0.0010816417600610438 0.003448692166665854 0.0048264379155667433 -0.006653857978779429 -0.00048604139792296004 -0.0018544883853536176 -0.013818477404140684 0.0040016196832589187 0.0049501704209251336 0.0076468110399624742 0.002497866340228264 -0.001743602697953533 -0.0046368509122871786 -0.0051263985673806389 0.012962184509733458 0.0054088776154293545 0.0015004188788738341 0.0083799948339240964 -0.0075349520362256398 0.00016940574152790177 -0.011882028775084518 -0.0077449309721487232 -0.0083866219990790143 -0.0016051535808419136 -0.00035732916570950811 0.0070169687449520863 -0.0003222592180648113 0.0075090398262426007 -0.0012409224671622119 0.00067523654433803424 -0.00059218354538455472
leaf_weight=304 213 323 242 2474 314 553 314 349 473 287 200 889 226 661 266 201 295 338 295 303 294 472 237 308 205 289 316 218 281 394 278 252 2064 220 254 364 368 272 302 276 378 255 477 739 357 421 347 384 273 328 245 276 361 402 409 728 750 416 410 284 216 224 433 237 434 557 303 1269 207 274 968 240 420 202 242 559 205 209 381 319 702 399 283 339 207 235 823 346 232 234 247 1353 1010 205 3833 267 801 654 283 420 427 657 244 969 450 353 292 19801 502 658 338 453 302 340 272 2552 217 512 241 1169 3051 924 25684 728 390 9170 21486
leaf_count=304 213 323 242 2474 314 553 314 349 473 287 200 889 226 661 266 201 295 338 295 303 294 472 237 308 205 289 316 218 281 394 278 252 2064 220 254 364 368 272 302 276 378 255 477 739 357 421 347 384 273 328 245 276 361 402 409 728 750 416 410 284 216 224 433 237 434 557 303 1269 207 274 968 240 420 202 242 559 205 209 381 319 702 399 283 339 207 235 823 346 232 234 247 1353 1010 205 3833 267 801 654 283 420 427 657 244 969 450 353 292 19801 502 658 338 453 302 340 272 2552 217 512 241 1169 3051 924 25684 728 390 9170 21486
internal_value=-4.1449e-05 -0.000394411 -0.00151805 -0.00305787 -0.000680538 0.00229639 -0.00156076 -0.00271349 0.000566475 0.0052692 0.000920165 -0.00506492 -0.00372316 -0.00190941 -0.000765621 0.00240309 0.00365314 -0.00115543 -0.00819385 0.00467619 0.00312353 0.00729813 0.00378724 0.00113495 0.00193698 -0.00158522 -0.0069439 0.00493653 -0.00300608 0.00227944 0.00249055 0.00156152 -6.27173e-05 0.00365333 0.00409235 0.00320637 0.00657445 0.0097542 0.00488372 0.00400736 0.00567047 0.00226397 0.00373416 0.00172355 -0.000133698 0.0108371 0.00346096 0.00129439 1.43315e-06 -0.00113603 0.00120505 -0.00351772 0.00345104 0.00562047 -0.00491955 0.000512328 0.00136096 -0.00139734 -0.00323548 -0.000298155 0.000719314 0.00228584 -0.000895272 -0.000308989 0.00166685 -0.000246649 -0.00325797 0.00640276 -0.00110879 0.00272455 0.000603539 -0.0030257 0.0023749 0.000655411 -0.00422037 0.00179168 8.00182e-05 0.00124883 0.00308882 -0.00526549 -0.000720709 -0.00158251 0.000383002 0.00696332 0.00473919 0.00821163 -0.000379299 0.000540055 0.00473745 0.00728342 0.00990034 -0.000466025 0.00229431 0.0134814 -0.000116198 0.00118704 0.0028395 0.00619424 -0.000141452 -0.00193222 0.00299543 0.000156897 -0.000520753 -0.000760225 -0.00155289 -0.000158688 -0.00129967 -0.00150826 0.00259496 -0.000186645 0.00835745 -0.00023632 -0.0054708 0.00279983 0.000210834 -0.000155256 -0.00258989 -0.00158191 1.5202e-05 0.000353759 0.00141379 0.00259004 -0.000397226 0.00147546 0.00445673 -0.000316309 -0.000726916
internal_weight=138378 120926 9530 3348 6182 1409 4773 3089 1684 529 1216 1873 1524 3135 856 17452 4754 834 496 3920 2487 1433 709 1647 12698 1127 620 507 589 11571 11177 6213 3794 4964 2419 4686 1004 640 2214 1960 1385 3682 2279 1567 1403 724 1109 762 575 828 573 542 1058 697 1298 3542 2814 1183 826 111396 8222 4171 4051 3835 2299 2579 1536 1592 1103 577 2062 674 1388 2355 444 1911 1352 1147 938 526 1016 1155 756 840 546 712 103174 8890 1202 918 686 94284 1833 452 7688 3855 1722 921 2133 1360 773 940 92451 55631 23348 36820 21995 20933 1132 32283 630 36467 546 1062 722 35921 2351 2134 33570 1622 7645 4594 25925 3670 1118 31314 22144
internal_count=138378 120926 9530 3348 6182 1409 4773 3089 1684 529 1216 1873 1524 3135 856 17452 4754 834 496 3920 2487 1433 709 1647 12698 1127 620 507 589 11571 11177 6213 3794 4964 2419 4686 1004 640 2214 1960 1385 3682 2279 1567 1403 724 1109 762 575 828 573 542 1058 697 1298 3542 2814 1183 826 111396 8222 4171 4051 3835 2299 2579 1536 1592 1103 577 2062 674 1388 2355 444 1911 1352 1147 938 526 1016 1155 756 840 546 712 103174 8890 1202 918 686 94284 1833 452 7688 3855 1722 921 2133 1360 773 940 92451 55631 23348 36820 21995 20933 1132 32283 630 36467 546 1062 722 35921 2351 2134 33570 1622 7645 4594 25925 3670 1118 31314 22144
cat_boundaries=0 3 6 7 10 12 13 14 16 18 20 21 22 25 28 29 30 31 34 35 37 40 43 44 45 46 47 48 49 52 53 54 55 58 59 60 61 64 66 67 68 69 70 71 72 73 74 75 76 77 80 81 82 83 84 85 86 87 90 91 92 93 94 95
cat_threshold=281390084 536874696 4718602 186777600 4268288 8388608 3588 0 8448 8388608 0 4259840 10 386 134348800 4194304 134217728 4259840 134348800 65536 20 19 0 536872960 8 272629760 536873984 8 14 22 36 1024 536871936 2 67 272630784 72 277118976 512 524288 8650756 536873472 10 88 2568 3 522 76 128 1024 1024 8 10 72 514 2147500674 2281717760 295937 459 16 5 2147484160 0 262144 512 134217728 3584 514 3072 10 6 137 13 553680896 20 1156 2 256 16 32 1326 11 20 258 7 2226 24 0 16 1067136 2048 2148663424 428 2066 538968064
is_linear=0
shrinkage=0.05


Tree=67
num_leaves=128
num_cat=58
split_feature=2 2 6 2 6 7 8 4 4 2 4 3 8 4 3 8 8 2 0 4 9 1 9 3 2 4 9 3 2 3 7 9 4 7 7 7 4 4 8 8 8 1 7 3 6 2 7 2 4 4 1 9 9 9 9 3 8 3 2 6 7 4 9 9 4 3 4 3 4 6 4 2 9 7 8 7 7 9 8 3 2 4 4 4 7 9 9 8 8 7 4 2 7 8 3 2 8 7 8 7 7 6 6 8 3 9 6 2 4 6 6 4 3 8 3 7 6 8 7 7 4 3 7 7 6 8 6
split_gain=43.1849 7.77178 4.80216 7.94405 11.0715 14.7541 7.67229 7.4851 7.0945 5.15799 6.86765 7.43023 7.8226 4.85652 4.70259 4.61341 4.6278 4.38719 6.15531 11.8557 4.30132 9.53609 11.7011 8.04985 5.06478 5.00581 5.6833 6.09885 4.18251 4.1189 10.002 11.8234 5.37961 3.94705 6.44102 6.42174 5.56426 4.33864 3.94241 3.37682 3.13439 7.26527 7.55072 6.23866 4.92957 3.3478 3.67855 5.89475 7.97274 6.58579 7.11708 4.21135 4.0728 9.19009 6.68735 3.92475 3.57536 3.52739 3.44181 5.90744 4.51343 4.20735 3.30963 4.04957 5.22683 3.97957 4.40669 3.83457 5.30648 6.06054 5.12167 4.95059 4.86006 4.53953 4.12255 3.79576 4.43991 6.64257 3.55195 3.11878 9.4249 18.8283 9.37604 4.27424 8.44708 10.9371 5.84995 5.30495 8.42586 4.97047 4.02216 6.00153 3.99291 9.98855 5.24396 4.94151 4.59565 5.72195 5.81678 4.66979 4.76555 4.03368 4.31623 4.41438 3.7939 3.67384 3.44387 3.30498 8.7307 9.24261 6.9523 9.01735 9.60007 6.94239 7.07527 7.13749 6.51539 8.35365 4.98641 4.41946 4.27878 5.42391 11.6784 10.3942 8.99724 8.91808 8.85668
threshold=0 1 2018.5000000000002 2 2020.5000000000002 3.5000000000000004 49.500000000000007 3 4 5 6 7 102.50000000000001 8 9 17.500000000000004 341.50000000000006 10 11 12 1973.5000000000002 13 1800.5000000000002 14 15 16 1828.0000000000002 17 18 19 24.500000000000004 2093.5000000000005 20 24.500000000000004 8.5000000000000018 28.500000000000004 21 22 20.500000000000004 364.50000000000006 8.5000000000000018 23 4.5000000000000009 24 2020.5000000000002 25 3.5000000000000004 26 27 28 29 1631.0000000000002 2033.0000000000002 2057.5000000000005 2129.5000000000005 30 18.500000000000004 31 32 2018.5000000000002 1.5000000000000002 33 1941.5000000000002 2057.5000000000005 34 35 36 37 38 2016.5000000000002 39 40 2155.0000000000005 17.500000000000004 80.500000000000014 9.5000000000000018 23.500000000000004 2267.5000000000005 83.500000000000014 41 42 43 44 45 6.5000000000000009 2060.5000000000005 2422.0000000000005 53.500000000000007 64.500000000000014 7.5000000000000009 46 47 11.500000000000002 313.50000000000006 48 49 321.50000000000006 20.500000000000004 326.50000000000006 15.500000000000002 13.500000000000002 2017.5000000000002 2018.5000000000002 329.50000000000006 50 2082.5000000000005 2021.5000000000002 51 52 2016.5000000000002 2019.5000000000002 53 54 149.50000000000003 55 19.500000000000004 2018.5000000000002 78.500000000000014 6.5000000000000009 16.500000000000004 56 57 12.500000000000002 11.500000000000002 2019.5000000000002 17.500000000000004 2020.5000000000002
decision_type=9 9 2 9 2 2 2 1 1 9 1 9 2 1 9 2 2 9 9 1 2 9 2 9 9 1 2 9 9 9 2 2 1 2 2 2 1 1 2 2 2 9 2 9 2 9 2 9 1 1 9 2 2 2 2 9 2 9 9 2 2 1 2 2 1 9 1 9 1 2 1 9 2 2 2 2 2 2 2 9 9 1 1 1 2 2 2 2 2 2 1 9 2 2 9 9 2 2 2 2 2 2 2 2 9 2 2 9 1 2 2 1 9 2 9 2 2 2 2 2 1 9 2 2 2 2 2
left_child=2 -2 9 6 5 -5 -4 14 -8 10 11 -1 -13 -6 -7 -11 -17 18 19 -3 21 22 -20 -24 -22 -23 -27 -28 -18 30 31 -12 -31 34 -9 37 -36 -35 -26 40 41 -19 44 -44 -43 56 47 48 -47 50 -49 -52 -53 -54 55 -55 -42 -56 -51 -60 -61 -62 65 78 -65 66 -58 70 73 -70 -66 -72 -73 -69 -71 -74 77 -77 -64 80 81 -48 -83 84 85 -82 87 -85 -89 105 91 -81 93 94 -93 -96 99 -98 -99 100 -94 -100 -103 104 -104 -90 -86 120 118 113 116 -112 -113 -110 -115 -116 -111 -118 -109 -119 121 122 123 124 -92 -124 -126
right_child=1 17 3 4 13 7 8 33 -10 15 29 12 -14 -15 -16 16 28 39 20 -21 24 25 23 -25 38 26 27 -29 -30 32 -32 -33 -34 35 36 -37 -38 -39 -40 -41 45 42 43 -45 -46 46 79 49 -50 58 51 52 53 54 57 -57 62 -59 59 60 61 -63 63 64 67 -67 -68 68 69 74 71 72 75 -75 -76 76 -78 -79 -80 90 83 82 -84 86 106 -87 -88 88 89 -91 107 92 96 -95 95 -97 97 98 101 -101 -102 102 103 -105 -106 -107 -108 108 109 110 111 112 -114 114 115 -117 117 119 -120 -121 -122 -123 125 -125 126 -127 -128
leaf_value=-0.0084042632029350129 -0.0088549600065890074 -0.013559778114776473 -0.0029781947084259065 -0.010929852047299321 0.00082581952164444887 -0.00098826243648373062 0.0044165002915144197 0.0035237727247966599 0.015503097984912046 -0.0020123012655618036 -0.00092244304109678234 -0.004624543960859386 0.0070690601613711233 0.0066294374541932891 0.0054662045775251541 0.0043789212631861196 0.0045282011814355757 0.010134027676685264 -0.0010878983107513245 0.0019149049092714754 -0.0057689645321806898 -0.0052271850002774348 0.018564978613881622 0.0051838542419321808 0.0056594589659458598 0.0061477917302228471 0.0045541763171516609 -0.0047852672249204123 -0.0016255714873774766 -0.001271643046817835 -0.007654870075656843 0.011966229906141922 0.0078686061525804936 0.0091884792074880886 -0.0014125384862423629 -0.005904604525914273 -0.0093049672687046722 -0.00090508026004369768 0.00036008845793314447 -0.0066203041615980592 -0.0072576789612566516 -0.0008303068007793461 0.0067659911789736812 5.6016118016383918e-05 -0.0089597625245691325 -0.00099469354412210246 0.0043828440791546528 0.010096358557013756 0.010682805988400971 8.0726958448380421e-05 0.0078742451013125696 -0.0011825852711240762 0.0091532755836953306 -0.0077912726385540353 0.0060492649674415595 0.00097742580844672978 0.0047629556303600178 0.00040135596976363782 0.00063159292016661591 0.00017693629139555974 -0.0036610185491565725 -0.011680223144983541 -0.004867679578959584 -0.0073068337375818432 -0.0024868051507942195 -0.0049947597773613676 -0.0035354984253024059 -0.0036610951328839292 0.0022972604207995482 -0.0016111875213629537 -0.0051850667433964827 -0.0022137542176471257 -0.00055436227927511603 0.0055199702729739116 -0.0091019269434524149 0.015317825666656758 0.001081753051822458 0.00415229440196582 0.0020747192175138321 0.0064966357163460942 -0.0036113009740060503 -0.01333688787124785 -0.0038126354668487957 -0.0019291607350320301 -0.0011456189085758278 0.010924937962701588 -0.003061783189443266 0.0097371594895325278 0.0014234753365550811 0.0022043338941234829 -0.001383665701446153 0.0064254340900329766 -0.0054043796450852881 0.0079386920660771531 -0.0053767720165619308 0.0019771624202209563 0.0049732919673247805 -0.0055956428674000663 0.0032888314965890154 -0.0081828705421839541 0.0021128990646473557 -0.0063309205588526459 0.0011433549392588286 0.003531283351862874 -0.0081020655695313668 -0.0055432820570757574 0.0052657665411216395 -0.0044703344074560345 -0.0099098900353590813 -0.0001431050798488934 0.0038551289232119043 -0.011851345654722083 -0.0018126319819386331 -0.0089103754881301872 0.0086843236893365244 -0.0032547869416310188 0.013847003719921029 -0.0028743243797341128 0.0033792553887271762 0.0053756515165992802 -0.0011676530882395344 0.00050076764267860863 0.0038931840745519497 0.0084738024098472368 0.0096246720858335025 -0.002552502147022621 -0.00088219630229916131
leaf_weight=325 259 206 210 351 682 459 516 234 208 348 511 298 275 784 726 6589 458 203 257 290 310 290 236 257 374 489 292 406 666 221 266 273 607 223 426 221 494 200 5696 220 254 791 586 838 244 268 596 225 318 2087 218 1587 385 294 458 223 269 693 663 257 383 325 208 348 1095 1089 365 256 229 263 205 340 265 284 609 233 269 311 1613 393 206 340 1110 915 6021 348 715 345 375 6078 2129 217 383 530 497 411 561 475 812 342 469 312 235 524 201 382 217 222 425 1460 449 311 971 237 204 324 215 243 2282 489 38468 10901 578 451 438 7497 370
leaf_count=325 259 206 210 351 682 459 516 234 208 348 511 298 275 784 726 6589 458 203 257 290 310 290 236 257 374 489 292 406 666 221 266 273 607 223 426 221 494 200 5696 220 254 791 586 838 244 268 596 225 318 2087 218 1587 385 294 458 223 269 693 663 257 383 325 208 348 1095 1089 365 256 229 263 205 340 265 284 609 233 269 311 1613 393 206 340 1110 915 6021 348 715 345 375 6078 2129 217 383 530 497 411 561 475 812 342 469 312 235 524 201 382 217 222 425 1460 449 311 971 237 204 324 215 243 2282 489 38468 10901 578 451 438 7497 370
internal_value=-3.92183e-05 -0.000365066 0.00235476 0.00118604 0.000358299 -0.0012333 0.00537853 -9.23382e-05 0.00787673 0.00297532 0.00110224 -0.00247748 0.00097063 0.00398038 0.00297877 0.00361451 0.00387307 -0.000346249 0.00070904 -0.00465304 0.00102308 0.00291616 0.00746248 0.0120711 0.000363892 0.000553332 0.00199746 -0.000881533 0.000907751 0.00281801 0.000716242 0.00356558 0.00544294 -0.00212117 -0.00388302 0.001003 -0.00576692 0.00461194 0.000685477 -0.000431735 -0.000419642 0.00127559 0.000501044 0.00286519 -0.00274682 -0.00046083 -0.000380509 0.000622396 0.00541516 0.00025496 0.00163911 0.00112105 0.000719684 0.00219017 0.000582975 -0.00414083 -0.00141311 0.00270479 -0.00126662 -0.00298378 -0.00549863 -0.00755883 -0.0012349 -0.000720435 -0.00149502 -0.00318409 4.74024e-06 -0.00101195 -0.00291357 -0.00489716 0.000142638 0.00192103 0.00297747 0.00114624 -0.00684268 0.0046424 0.0063363 0.00893459 0.00128174 -0.000471281 0.000126853 -0.00305548 -0.00612196 0.000545864 -0.000396523 0.00551977 0.00127202 0.00165637 0.00211331 0.00172849 -0.000611912 0.000590312 0.000191223 0.00227942 -0.000386724 -0.00206279 -0.000609439 0.000400112 -0.000602449 -0.00324746 -0.00126635 0.000535635 -0.00122191 0.000438519 -0.00327847 -0.00209211 -0.000922587 -0.000723373 0.000243429 -0.000901101 0.000213977 -0.00220276 -0.0043208 -0.00478615 -0.00193962 0.00133281 0.00195198 0.00518198 0.00267265 0.00263693 -0.000847866 -0.000297529 -0.00105646 0.00140645 0.000321202 -0.00209113 0.00481336
internal_weight=138378 121807 16571 5734 4800 3334 934 2983 724 10837 2776 898 573 1466 1185 8061 7713 121548 9103 496 8607 2227 750 493 6380 1477 1187 698 1124 1878 1050 784 828 1798 1154 644 920 423 6070 112445 112225 2662 2459 1424 1035 109563 101058 8384 586 7798 4083 3858 3640 2053 1668 517 8505 1151 3715 1628 965 708 8251 6528 4707 1723 634 4359 1641 1101 2718 1623 1418 540 872 1078 813 544 1821 92674 17648 2046 1450 15602 6792 554 8810 8095 7180 6835 75026 6362 5969 1655 1125 908 4314 3120 2559 1194 852 2084 1272 960 436 757 6238 68664 7832 5328 4138 1731 1282 1190 765 528 2407 947 2504 732 60832 22364 11463 3388 2937 8075 808
internal_count=138378 121807 16571 5734 4800 3334 934 2983 724 10837 2776 898 573 1466 1185 8061 7713 121548 9103 496 8607 2227 750 493 6380 1477 1187 698 1124 1878 1050 784 828 1798 1154 644 920 423 6070 112445 112225 2662 2459 1424 1035 109563 101058 8384 586 7798 4083 3858 3640 2053 1668 517 8505 1151 3715 1628 965 708 8251 6528 4707 1723 634 4359 1641 1101 2718 1623 1418 540 872 1078 813 544 1821 92674 17648 2046 1450 15602 6792 554 8810 8095 7180 6835 75026 6362 5969 1655 1125 908 4314 3120 2559 1194 852 2084 1272 960 436 757 6238 68664 7832 5328 4138 1731 1282 1190 765 528 2407 947 2504 732 60832 22364 11463 3388 2937 8075 808
cat_boundaries=0 3 5 8 9 10 13 14 15 16 17 20 21 22 23 24 25 26 27 30 31 32 33 34 35 36 38 41 42 43 44 45 46 49 50 51 52 53 54 55 56 58 59 62 63 64 65 66 69 70 73 74 77 78 79 80 81 82 83
cat_threshold=12692484 536874696 4718602 52428800 8448 40960 3712 4718592 616 1184 0 536872448 4194304 100 18 496 18 2416198274 2281717760 295937 16 3605 8422400 6 512 2053 12 1024 0 2 25 1538 1155 262 268435456 10 134348800 4259840 1 16 16896 1174 1338 268435584 3 10 0 262144 144 2112 2048 10 273 21 1092 1602 0 4194304 80 1 67371024 1065088 1616 260 1605 4 1 67108864 8404992 4 0 0 16 10 0 100663296 8413744 3344 34 1 1 585 12
is_linear=0
shrinkage=0.05


Tree=68
num_leaves=128
num_cat=58
split_feature=2 2 7 0 7 8 7 4 2 1 3 6 2 6 7 8 4 7 7 4 2 8 8 4 7 8 7 4 3 4 4 4 9 7 4 6 2 4 6 7 6 9 0 1 3 1 7 9 4 1 8 3 4 8 9 7 7 9 4 4 2 7 7 7 9 9 8 9 5 4 8 3 7 8 8 3 3 1 3 9 7 6 4 4 2 2 8 7 2 4 3 2 6 2 3 3 4 8 7 3 8 8 9 9 9 7 7 4 8 2 8 8 9 2 8 8 7 8 2 8 6 4 2 7 7 7 2
split_gain=39.0065 4.39782 4.57199 17.8669 12.3235 6.74054 5.0952 5.22225 9.01875 6.33791 4.3792 4.32114 7.27147 9.92263 13.3165 7.1443 6.8885 7.00356 7.06456 6.49454 4.75471 10.2622 8.56075 5.85597 7.88059 16.2773 4.94255 5.95544 7.13344 10.9473 5.23478 4.31845 4.30713 4.20776 3.80003 3.45013 3.42999 5.63819 12.2482 9.52004 23.9292 7.73203 6.84326 6.01062 5.88913 8.52153 9.89223 7.45374 5.13142 4.64842 16.1661 5.33264 7.00465 5.53659 6.1441 6.84385 5.68742 4.6483 4.07737 4.01812 3.35711 5.42743 3.80638 3.67852 3.357 3.79767 3.32617 3.2033 3.05144 2.97888 2.95562 3.52779 5.56377 3.87865 5.18057 2.93664 2.89069 2.82223 3.86351 8.24874 2.73688 6.73338 20.8725 7.45844 6.11232 5.34919 5.03816 4.94404 6.78129 4.34705 4.68168 4.16279 3.51658 3.16751 3.05063 2.84031 10.6729 9.95134 6.89998 7.03216 5.71022 5.536 7.96102 4.85573 8.87665 7.1835 7.61071 7.02281 9.83511 5.18504 10.3431 4.95803 6.16593 4.77679 4.38189 11.4934 8.13975 6.28204 14.2373 8.1893 5.08008 4.30233 4.27346 6.84734 10.6738 4.21434 4.10778
threshold=0 1 9.5000000000000018 2 11.500000000000002 8.5000000000000018 12.500000000000002 3 4 5 6 2018.5000000000002 7 2020.5000000000002 3.5000000000000004 49.500000000000007 8 24.500000000000004 9.5000000000000018 9 10 17.500000000000004 22.500000000000004 11 26.500000000000004 344.50000000000006 20.500000000000004 12 13 14 15 16 2196.0000000000005 22.500000000000004 17 2016.5000000000002 18 19 2018.5000000000002 10.500000000000002 2016.5000000000002 2231.5000000000005 20 21 22 23 10.500000000000002 1900.5000000000002 24 25 170.50000000000003 26 27 345.50000000000006 1994.5000000000002 25.500000000000004 20.500000000000004 1998.5000000000002 28 29 30 10.500000000000002 20.500000000000004 12.500000000000002 1941.5000000000002 2057.5000000000005 20.500000000000004 2022.5000000000002 31 32 355.50000000000006 33 12.500000000000002 194.50000000000003 306.50000000000006 34 35 36 37 2093.5000000000005 3.5000000000000004 2020.5000000000002 38 39 40 41 8.5000000000000018 6.5000000000000009 42 43 44 45 2020.5000000000002 46 47 48 49 43.500000000000007 6.5000000000000009 50 14.500000000000002 49.500000000000007 1669.5000000000002 2061.5000000000005 2003.0000000000002 9.5000000000000018 19.500000000000004 51 168.50000000000003 52 209.50000000000003 258.50000000000006 2174.5000000000005 53 355.50000000000006 353.50000000000006 26.500000000000004 346.50000000000006 54 345.50000000000006 2017.5000000000002 55 56 11.500000000000002 25.500000000000004 10.500000000000002 57
decision_type=9 9 2 9 2 2 2 1 9 9 9 2 9 2 2 2 1 2 2 1 9 2 2 1 2 2 2 1 9 1 1 1 2 2 1 2 9 1 2 2 2 2 9 9 9 9 2 2 1 9 2 9 1 2 2 2 2 2 1 1 9 2 2 2 2 2 2 2 1 1 2 9 2 2 2 9 9 9 9 2 2 2 1 1 9 9 2 2 9 1 9 9 2 9 9 9 1 2 2 9 2 2 2 2 2 2 2 1 2 9 2 2 2 9 2 2 2 2 9 2 2 1 9 2 2 2 9
left_child=11 2 3 5 10 -2 -6 8 66 -9 -4 20 15 14 -14 -13 60 18 -18 -17 22 -22 -1 24 25 32 27 -25 -29 -30 -28 -15 76 68 -7 70 37 39 42 40 -3 43 -39 48 47 46 -46 -40 -42 50 -41 53 67 54 56 58 -51 -49 -56 -48 61 -16 -63 -62 -36 -66 -8 -53 -33 -65 71 73 -73 -23 -75 -19 -24 78 -44 -80 81 83 -83 85 89 -38 87 88 -82 90 -84 -85 -90 -89 -91 96 97 125 99 -99 -98 102 -100 104 126 121 107 -107 -109 110 -105 -111 122 -114 115 117 -116 119 -119 -97 -120 -106 -113 -124 -125 -88 -102
right_child=1 36 4 -5 6 34 7 9 -10 -11 -12 12 13 31 16 19 17 75 -20 -21 21 35 23 26 -26 -27 30 28 29 -31 -32 33 -34 -35 64 -37 80 38 44 49 41 -43 77 -45 45 -47 59 57 -50 51 -52 52 -54 -55 55 -57 -58 -59 -60 -61 63 62 -64 69 65 -67 -68 -69 -70 -71 -72 72 -74 74 -76 -77 -78 -79 79 -81 86 82 84 91 -86 -87 95 93 92 94 -92 -93 -94 -95 -96 114 100 98 101 -101 103 -103 -104 109 105 106 -108 108 -110 111 -112 112 113 -115 116 -117 -118 118 120 -121 -122 -123 123 124 -126 -127 -128
leaf_value=0.010763708037581851 0.0066650165645448373 0.021501203799329235 0.010498891016265182 -0.015017056771435998 -0.0070843358077197676 -0.0065929335641482364 -0.0077900019974061624 0.0072152714944662107 -0.011233254141027566 -0.00035530968126242814 0.0019641232185779118 -0.0029532029829760441 -0.010383359499916135 0.0077857604546641762 -0.0069837146387626871 0.0041528406990516296 0.0020335731044415872 -0.0016093175279631934 -0.0084142296295825064 0.014594004206417852 -0.0056914871091228577 0.0076646463195449563 0.0034984810166323269 0.0048516940875292409 -0.0091526187793351723 0.012967594944397785 0.0087402282961644238 -0.0068704697898034003 0.010239165061567393 -0.0035024598835619149 0.0014637118259226115 0.0072712175116140115 -0.0077025293384375823 -0.0029010495127943957 -0.0058930504141414819 0.0032837972388194215 0.0092807140501559183 -0.011439652095695267 0.010556355842527983 0.0041753496542034987 0.013187229704670608 -0.0057309963498275189 -0.0069241694720461964 -0.0015463872396112629 -0.01224921738365823 0.0068792165706327074 0.0049230765481187216 -0.0045529251331463457 0.0032845012842560072 0.001507762980471421 -0.010968719712241518 -0.0019794312467816852 -0.005636235724197575 0.010717991208147308 0.0051346652884738863 -0.0071432730571667508 0.013151017579667527 0.0034891840311669382 -0.0032761526635682612 -0.003377071005206015 0.010054901769077272 0.0064180624479764975 -0.0013777840334277419 0.0049343152921371564 0.0038964887593729287 -0.0020551547866497571 -0.0011608222374226685 0.0061922224443341865 0.00055750771922190875 -0.0021723568777431922 0.0012611237070100914 0.0046075913066030011 0.014546483932907934 -0.002140991759957498 0.0078653846728187343 0.0061656152341100908 -0.003163163061695617 -0.0064691113610181594 0.0044270883355040144 -0.0045182954013157335 0.0048391766894373411 0.017305777247073939 0.00027798219661308505 -0.00098370079287654491 0.0089062476955932574 0.0012397096656421105 -0.0047184439228213811 0.0084031994934158968 0.00027821377317110697 -0.00067113247517097208 -0.0091606680928957088 -0.0068336508950178933 -0.0068879060488608148 0.0014198247550136764 0.0054106532543649914 -0.00017751820967215723 -0.0041486313618112943 0.0073544584405727878 0.008900680072939848 -0.0012286208575111313 0.0027530031697089122 -0.0020345655279003934 -0.0026027817923437121 -0.0098320512003648892 -0.0035029131340232438 0.0085704855304175702 -0.0042718310637612639 -0.0089981549857515598 0.0030638085263790401 0.0016292126510375701 0.0020014333398924492 -0.0057098896556840063 -0.0045217288860926706 0.0013031189330781289 -0.0080831731256503277 0.0093495429302787505 -0.00022144342006487382 0.0026157238506758431 -0.013632662897386278 0.0097395446524692428 -0.0051481529409219667 -0.011793891534704197 -0.0083234452379034162 0.0059712187591417585 -0.0060005293272416852 -0.012093470627266283 -0.00074508730618616146
leaf_weight=235 218 200 280 274 367 450 205 294 263 3046 346 211 351 452 219 520 221 260 604 217 281 596 274 521 280 205 490 391 224 373 518 349 286 314 331 4376 218 238 317 367 240 219 240 258 236 246 229 225 323 217 339 204 479 219 448 254 203 892 204 364 209 286 346 396 386 877 2458 291 337 227 306 258 310 327 214 215 372 337 522 509 455 220 327 4221 209 2362 720 391 375 438 213 319 315 299 381 52497 839 419 287 537 1375 12294 316 346 358 251 1309 253 509 7717 396 720 379 3725 505 315 946 592 240 209 666 316 228 499 297 265 2124
leaf_count=235 218 200 280 274 367 450 205 294 263 3046 346 211 351 452 219 520 221 260 604 217 281 596 274 521 280 205 490 391 224 373 518 349 286 314 331 4376 218 238 317 367 240 219 240 258 236 246 229 225 323 217 339 204 479 219 448 254 203 892 204 364 209 286 346 396 386 877 2458 291 337 227 306 258 310 327 214 215 372 337 522 509 455 220 327 4221 209 2362 720 391 375 438 213 319 315 299 381 52497 839 419 287 537 1375 12294 316 346 358 251 1309 253 509 7717 396 720 379 3725 505 315 946 592 240 209 666 316 228 499 297 265 2124
internal_value=-3.72743e-05 -0.000346958 -0.00136246 -0.00319146 -0.000725356 -0.00168517 -0.00135825 -0.00102287 -0.00256026 0.000330632 0.00598068 0.00223795 0.0011293 0.000330422 -0.00117133 0.00510513 -8.73786e-05 -0.00280918 -0.00561548 0.00748147 0.00282661 0.00365467 0.00148985 0.000939656 -0.00162723 0.000211674 0.00238174 0.000580327 -0.00170394 0.00173727 0.00510214 0.00378093 -0.00259408 0.00187415 -0.00258399 0.00407158 -0.000258042 0.000687876 -0.000591882 0.00193464 0.00566231 0.00261637 -0.00368458 0.00484301 0.00168121 -0.00112087 -0.00354854 0.00376337 0.00766238 0.000507361 -0.00305313 0.00151138 -0.00138007 0.00333136 0.00213652 -0.000180807 0.00713534 0.00186924 0.00253156 -0.000145715 0.00201971 -0.00019812 0.00215008 0.00426361 -0.00140207 -0.000236204 -0.00166489 0.00276858 0.0040872 0.00238922 0.00578582 0.00659788 0.00985842 0.00483977 0.00181717 0.00200578 -0.000332445 -0.00245037 -0.00134263 1.06895e-05 -0.00033895 0.000498746 0.00324192 -0.000190129 0.00115096 0.00195235 -0.000418132 0.00217617 0.000161447 -9.80649e-05 -0.00354391 -0.00140886 -0.00295051 0.00551943 0.00218926 -0.000469626 -0.000812865 -0.00184536 -0.00150133 0.00259729 -0.000104413 -0.00180514 0.00287233 5.86507e-05 -0.00107513 -0.00307272 -0.00175365 0.00150034 -0.000928827 0.000573357 -0.00346984 0.00079649 -0.000301007 0.000757358 -0.000245728 -0.000173597 -0.00295761 -0.00022894 -0.00342179 -0.000138193 -0.00731497 -0.00761703 -0.00279156 -0.000677238 0.00150437 -0.00670259 0.000635294
internal_weight=138378 121807 9795 2536 7259 2262 6633 6266 2926 3340 626 16571 5734 4786 3334 948 2983 1300 825 737 10837 6668 4169 3934 1417 1137 2517 1509 988 597 1008 1452 932 1000 2044 6387 112012 8820 4355 4465 1240 1040 1846 821 2509 1075 829 1434 563 3225 706 2519 974 1545 1326 906 420 1117 652 593 1683 851 632 832 1594 1263 2663 495 686 623 2011 1705 568 1137 541 475 646 1608 1271 1031 103192 8908 1788 7120 1568 2580 94284 1835 1145 1359 540 4540 690 690 819 92449 36479 14838 13853 956 21641 12897 603 20802 6495 2996 2322 1013 762 14307 742 13565 5848 4104 55970 54519 1451 54204 1498 52706 906 674 1744 1024 796 985 3499
internal_count=138378 121807 9795 2536 7259 2262 6633 6266 2926 3340 626 16571 5734 4786 3334 948 2983 1300 825 737 10837 6668 4169 3934 1417 1137 2517 1509 988 597 1008 1452 932 1000 2044 6387 112012 8820 4355 4465 1240 1040 1846 821 2509 1075 829 1434 563 3225 706 2519 974 1545 1326 906 420 1117 652 593 1683 851 632 832 1594 1263 2663 495 686 623 2011 1705 568 1137 541 475 646 1608 1271 1031 103192 8908 1788 7120 1568 2580 94284 1835 1145 1359 540 4540 690 690 819 92449 36479 14838 13853 956 21641 12897 603 20802 6495 2996 2322 1013 762 14307 742 13565 5848 4104 55970 54519 1451 54204 1498 52706 906 674 1744 1024 796 985 3499
cat_boundaries=0 3 6 7 8 11 12 13 16 17 18 21 22 23 24 25 26 27 28 31 32 33 34 35 36 37 38 39 40 41 42 45 46 47 48 49 50 51 52 53 54 57 60 63 64 65 68 71 72 73 74 75 76 79 82 85 86 89 92
cat_threshold=12692484 536874696 4718602 186777600 4268288 8398848 8 1605 134348800 4259840 2048 16777344 3 106496 3712 4718592 745 1184 0 536874496 4194304 105 3200 18 20 774 3075 2081 2416198274 2147500032 295937 459 20 8454145 26 545259521 386 8388608 13 322 67 3072 4 536870920 8 9 168 7 14 6 8455169 4 1536 314 256 0 48 257 0 512 0 16 32 2496 12 1 16 16944 257 0 144 5 3 1202 1 576 0 134217744 128 1 0 512 257 0 32 2120 256 0 32 0 67108880 16928
is_linear=0
shrinkage=0.05


Tree=69
num_leaves=128
num_cat=44
split_feature=2 2 7 10 7 8 1 4 7 3 4 7 7 10 7 2 4 6 2 4 2 4 3 2 10 10 4 2 4 7 7 9 10 10 4 7 10 6 7 4 6 3 7 4 4 4 7 7 2 4 6 4 4 6 7 3 8 10 3 8 4 7 8 4 10 7 8 8 8 8 8 9 6 7 3 2 6 6 8 9 3 2 8 10 7 10 8 9 7 6 2 10 8 6 2 3 7 7 3 9 9 7 4 1 9 7 10 10 7 7 7 9 6 8 8 8 9 3 7 9 7 8 8 2 8 6 4
split_gain=35.2753 3.95879 4.14321 20.0258 11.1548 5.72902 4.7524 14.702 4.75538 3.96727 3.95042 3.9436 5.41307 3.30712 6.79132 13.9466 7.48065 14.4372 9.96902 10.6042 9.09428 10.2991 7.91434 6.54636 9.47464 9.61612 5.95728 5.67935 5.55267 5.3265 18.8467 8.81763 7.88266 11.9142 10.6809 9.67172 8.90239 12.1304 10.1838 14.5582 7.49198 7.69525 18.6505 19.6744 11.1489 8.64733 9.10219 9.76025 7.00478 11.6679 7.09238 6.85561 6.81607 6.53164 7.9165 7.71372 11.0582 8.25152 5.93127 10.3349 10.2831 8.01429 11.0011 7.51923 7.69942 6.0818 5.63426 5.52899 6.40672 5.52637 7.08807 6.00378 5.34531 8.65048 6.68382 6.68866 5.34316 5.2564 5.21079 5.1935 7.61151 7.59418 5.17729 7.0981 6.98313 6.71486 6.26987 5.05184 5.15638 10.1969 7.46783 8.24894 7.18227 6.63076 9.16856 7.97769 5.11919 5.05011 12.1483 8.0003 6.57995 5.04946 14.6153 9.22957 5.81486 5.0421 5.00203 4.93431 4.93304 15.4128 4.78706 4.63465 10.2018 4.62535 12.7617 7.57699 7.10908 6.37191 6.04754 4.89596 7.60959 6.02843 6.47779 5.99372 5.43734 4.67751 4.60558
threshold=0 1 9.5000000000000018 149.50000000000003 11.500000000000002 8.5000000000000018 2 3 12.500000000000002 4 5 5.5000000000000009 7.5000000000000009 1431.0000000000002 8.5000000000000018 6 7 2016.5000000000002 8 9 10 11 12 13 51.500000000000007 81.500000000000014 14 15 16 25.500000000000004 22.500000000000004 2545.0000000000005 1770.0000000000002 1602.0000000000002 17 24.500000000000004 1487.5000000000002 2019.5000000000002 24.500000000000004 18 2018.5000000000002 19 13.500000000000002 20 21 22 7.5000000000000009 10.500000000000002 23 24 2019.5000000000002 25 26 2019.5000000000002 1.5000000000000002 27 124.50000000000001 1579.5000000000002 28 28.500000000000004 29 29.500000000000004 242.50000000000003 30 1477.0000000000002 30.500000000000004 147.50000000000003 346.50000000000006 343.50000000000006 341.50000000000006 292.50000000000006 2170.0000000000005 2019.5000000000002 1.5000000000000002 31 32 2020.5000000000002 2020.5000000000002 235.50000000000003 1962.0000000000002 33 34 225.50000000000003 1514.0000000000002 19.500000000000004 1696.5000000000002 168.50000000000003 2174.5000000000005 3.5000000000000004 2020.5000000000002 35 1181.0000000000002 307.50000000000006 2019.5000000000002 36 37 2.5000000000000004 15.500000000000002 38 2267.5000000000005 2267.5000000000005 9.5000000000000018 39 40 2814.5000000000005 15.500000000000002 1594.5000000000002 1583.5000000000002 17.500000000000004 11.500000000000002 23.500000000000004 2267.5000000000005 2020.5000000000002 194.50000000000003 190.50000000000003 244.50000000000003 2152.0000000000005 41 6.5000000000000009 2086.5000000000005 14.500000000000002 284.50000000000006 251.50000000000003 42 279.50000000000006 2020.5000000000002 43
decision_type=9 9 2 2 2 2 9 1 2 9 1 2 2 2 2 9 1 2 9 1 9 1 9 9 2 2 1 9 1 2 2 2 2 2 1 2 2 2 2 1 2 9 2 1 1 1 2 2 9 1 2 1 1 2 2 9 2 2 9 2 1 2 2 1 2 2 2 2 2 2 2 2 2 2 9 9 2 2 2 2 9 9 2 2 2 2 2 2 2 2 9 2 2 2 9 9 2 2 9 2 2 2 1 9 2 2 2 2 2 2 2 2 2 2 2 2 2 9 2 2 2 2 2 9 2 2 1
left_child=-1 2 3 -2 9 -5 7 -6 -8 -4 -7 -12 -13 14 15 -3 87 18 -18 -20 126 22 -22 26 27 28 110 -25 -26 30 40 32 33 36 -35 -36 -32 38 78 -40 79 42 44 -44 -42 67 53 111 50 -50 -46 -45 -52 -47 -55 56 -56 -57 60 -60 76 66 106 -61 -65 -66 -62 68 69 70 72 -72 73 -43 75 -75 -31 -68 -38 80 81 -15 83 86 97 -86 -49 88 90 92 96 -92 93 94 95 -90 -17 98 -85 -99 -100 102 -27 -104 -103 -106 -63 -39 109 -76 -16 112 -48 114 116 125 117 -74 -118 120 -117 122 -121 -124 -125 -115 -19
right_child=1 13 4 5 6 10 8 -9 -10 -11 11 12 -14 29 23 16 17 20 19 -21 21 -23 -24 24 25 101 -28 -29 -30 58 31 -33 -34 34 35 -37 37 107 39 -41 41 45 43 51 48 46 47 82 49 -51 52 -53 -54 54 55 57 -58 -59 59 63 61 62 -64 64 65 -67 77 -69 -70 -71 71 -73 113 74 108 -77 -78 -79 -80 -81 -82 -83 -84 84 85 -87 -88 -89 89 -91 91 -93 -94 -95 -96 -97 -98 99 100 -101 -102 104 103 -105 105 -107 -108 -109 -110 -111 -112 -113 -114 115 -116 119 118 -119 -120 121 -122 -123 123 124 -126 -127 -128
leaf_value=0.002114182659665103 -0.014855605505768707 -0.008882944824014789 0.00999204796730894 0.0063317657506559051 -0.0065156297870479262 -0.0049701196095419779 -0.0073555084134150316 0.010392728961663308 -0.0013371333837741231 0.0018686756993293386 -0.0028966197752625946 0.0075366032175378699 -0.0025628201710247256 0.005844202631606339 0.0036281206080502671 0.002491573074832559 0.017103189622927305 0.00075242427896809625 0.00957907514445905 -0.0016424358845218716 0.0076433617313972739 -0.0043611907544625723 -0.0020520064107255906 -0.012294412818309133 0.0011304423410751642 0.0036609862985949693 0.00019289430058594328 -0.0018889901544813662 0.012845571051503338 -0.001360304521059712 0.0055292766760675731 0.009860532348658942 -0.002219629548887294 0.0018171717232243853 0.0063122171412837271 0.01774551567555006 -0.0027226233260002008 0.0054509182797784625 0.012333087104890028 -0.0024858462041957635 -0.0090689618502328376 -0.0081548521447176534 -0.010403870491841495 -0.0035094348114606657 -0.0021700300536918907 -0.0027831343787879316 -0.013465380061192703 -0.0038165953045570331 0.0040855281408973196 -0.0045398180817889516 0.00056139045421864386 0.0053078259834283617 0.0090804532890028343 -0.0048266026473130202 0.0022062201134539767 0.0094487139725642766 0.017637631406874531 -0.0023456563018820552 0.010289291004238595 -0.0030611168806564597 -0.0073372158167450867 0.00025150767527520656 -0.0063953700776082428 -0.0057024761027661252 0.00095780464544050902 0.0080657378414922369 -0.0042918270975607102 -0.002966332981757672 0.008173029170044371 -0.0068745409656288245 -0.0015941983813054267 0.0064371802104375847 -0.0016562099658439728 0.011027583931806799 0.0027375733329057851 0.0019447519040841144 0.0028631820138352131 0.0038689078702912509 -0.0092545178086204521 0.00021473626916454383 -0.010285496384896922 -0.0066316562993492621 0.0015932488347323943 -0.011918667925868272 -0.0017458002284107242 -0.01104288747248886 -0.012989806197583676 -0.0056122775321883409 0.0020195987881035417 -0.0079047975464066091 0.011221147148420693 0.0011336337611898061 0.0087358299115368604 -0.007831107502273631 0.0058696319397213816 -0.0096781013253458906 -0.0076447170415779517 0.0076289722813648007 -0.0032222864648304437 -0.0015812930931119512 0.005013722887575448 -0.00017498237736150301 -0.003783394819351308 -0.017673530244219925 -0.011203362573681592 -0.0012186536610075465 0.010023646046430237 -0.0017653207448370851 0.0052202048750357452 -0.006503121563505629 0.01253305585602316 -0.0016775141372866193 -0.0027902012581230901 -0.0033385286501904812 0.012064659444623675 -0.00055905903703619506 -0.0079022411849377135 0.0033886831955693524 -0.00045262696265332183 0.0031853629823848763 0.0094963163167971088 0.0030461512644811032 -0.011317537619368814 -0.00017610408262905297 -0.0098824585322290666 -0.011428459426372571 0.0058485579562130574
leaf_weight=16766 314 312 280 218 214 775 348 296 5775 346 696 284 249 251 512 300 231 725 556 337 441 1010 392 251 209 357 976 291 205 3969 895 353 1055 769 545 280 836 984 231 525 322 216 1255 908 427 860 513 573 590 1127 414 281 560 281 241 211 224 499 233 1823 1545 280 374 392 2745 338 1320 1359 259 268 326 813 1117 368 1422 470 923 232 481 23263 284 219 829 248 466 333 276 359 323 419 397 414 245 255 520 254 213 430 572 522 421 25117 320 201 223 292 246 312 527 661 214 304 397 444 221 822 476 1403 637 237 244 364 341 471 208 299 1186
leaf_count=16766 314 312 280 218 214 775 348 296 5775 346 696 284 249 251 512 300 231 725 556 337 441 1010 392 251 209 357 976 291 205 3969 895 353 1055 769 545 280 836 984 231 525 322 216 1255 908 427 860 513 573 590 1127 414 281 560 281 241 211 224 499 233 1823 1545 280 374 392 2745 338 1320 1359 259 268 326 813 1117 368 1422 470 923 232 481 23263 284 219 829 248 466 333 276 359 323 419 397 414 245 255 520 254 213 430 572 522 421 25117 320 201 223 292 246 312 527 661 214 304 397 444 221 822 476 1403 637 237 244 364 341 471 208 299 1186
internal_value=-3.5148e-05 -0.000331611 -0.00129502 -0.00303615 -0.000688531 -0.00136589 -0.00129067 0.00330899 -0.00167645 0.0056916 -0.00220326 -0.000414685 0.00281849 -0.00024711 0.000131428 0.00134135 0.00172162 0.00300643 0.00798372 0.00537301 0.00152417 -0.000985518 0.00311062 -0.000237297 -0.000424055 -0.00029245 0.00276277 -0.00696942 0.007269 -0.000442452 -0.000232998 0.00215249 0.00175889 0.0024754 0.00616341 0.0100705 0.00109673 -8.08152e-05 -0.00245306 0.00217242 -0.00056585 -0.00112073 -0.00272685 -0.00607119 -0.00035874 -0.000692971 -0.00198099 -0.00302853 0.00056804 -0.00156946 0.00318022 -0.00139874 0.00555841 0.000671828 0.00271253 0.00451551 0.0094369 0.00114333 -0.00130438 -1.68922e-05 -0.00210311 -0.00398284 0.000160412 -0.000470178 0.000895272 0.00173707 -0.00519975 6.37746e-05 0.000390281 0.00022713 0.000384592 0.00413847 -5.95083e-06 0.00155179 0.00215987 0.0060164 -0.000562287 -0.00307192 -0.00510823 8.23651e-05 -0.00400166 1.39325e-05 -0.00199025 -0.00276368 -0.00161871 -0.00562056 -0.0067987 2.37551e-05 0.000629615 -0.000962476 0.00305383 0.00599771 0.00085896 -0.000568432 0.00111979 -0.00320697 -0.00168423 -0.000160677 -0.0022622 0.00257881 0.000266829 -0.000410535 -0.00413901 -0.00937408 -0.000282819 -0.00554213 0.00482175 0.00371368 0.000895158 -0.000194784 0.00616803 -0.00702258 -0.00880819 -0.000789528 0.000399107 -0.0021251 -0.000310523 0.00115939 -0.00363863 -0.000889344 0.00174255 -0.00262012 -0.00426096 -0.00599113 -0.00310377 -0.0065941 0.00392916
internal_weight=138378 121612 9795 2536 7259 2222 6633 510 6123 626 2004 1229 533 111817 38057 8889 8577 4878 1124 893 3754 1843 833 29168 27466 26924 1702 542 414 73760 59340 7266 6913 5858 1594 825 4264 3369 2073 756 52074 28057 5884 2444 3440 22173 8200 5884 3118 1717 1401 1189 974 2316 1456 1175 465 710 14420 5531 8889 3997 900 5298 3475 3083 3097 13973 12614 12355 12087 1139 10948 3664 3448 838 4892 1552 1317 24017 754 470 4670 3841 2992 799 849 3699 3340 2016 1324 811 1597 1352 1097 577 513 2193 1241 952 993 26510 878 521 25632 515 526 1296 2610 2083 726 1214 910 7284 3854 3430 3633 2520 1113 2687 1066 1621 1257 1020 679 743 1911
internal_count=138378 121612 9795 2536 7259 2222 6633 510 6123 626 2004 1229 533 111817 38057 8889 8577 4878 1124 893 3754 1843 833 29168 27466 26924 1702 542 414 73760 59340 7266 6913 5858 1594 825 4264 3369 2073 756 52074 28057 5884 2444 3440 22173 8200 5884 3118 1717 1401 1189 974 2316 1456 1175 465 710 14420 5531 8889 3997 900 5298 3475 3083 3097 13973 12614 12355 12087 1139 10948 3664 3448 838 4892 1552 1317 24017 754 470 4670 3841 2992 799 849 3699 3340 2016 1324 811 1597 1352 1097 577 513 2193 1241 952 993 26510 878 521 25632 515 526 1296 2610 2083 726 1214 910 7284 3854 3430 3633 2520 1113 2687 1066 1621 1257 1020 679 743 1911
cat_boundaries=0 3 6 7 8 9 10 13 14 17 18 21 22 23 26 27 30 31 32 33 34 35 36 37 40 41 42 43 44 45 46 47 48 51 52 55 58 61 62 63 64 65 66 69 70
cat_threshold=12692484 2684358344 4718602 186777600 4268288 8398848 16777344 1577 3 2217 2415919104 0 262272 2068 514 16400 32768 649 259 134496256 1065473 1059 14 2416197632 0 262273 3346 0 33570816 32768 555 2117 3200 68 2371 1028 2635 0 0 160 450 680 170 3 11 2860 777 1 0 0 32 21 0 0 16 768 16384 32 2 16384 16 13 2 525 805437440 3 0 0 32 1537
is_linear=0
shrinkage=0.05


Tree=70
num_leaves=128
num_cat=63
split_feature=2 2 4 2 6 7 1 4 10 4 10 7 2 3 6 4 2 3 4 10 7 4 7 10 4 10 3 4 10 9 10 3 9 10 2 3 6 4 3 6 6 7 4 3 4 4 4 10 4 3 7 7 4 0 7 6 4 9 9 3 3 6 4 6 7 2 3 4 10 4 7 6 9 4 2 7 10 3 7 4 2 4 7 1 4 10 10 3 4 10 10 9 10 7 3 3 7 2 4 4 7 4 7 7 7 6 9 7 3 6 7 9 4 7 10 7 3 4 7 4 9 10 9 10 3 2 4
split_gain=29.3055 5.48359 12.033 3.96616 3.61238 3.51887 9.63268 10.2186 8.31358 4.19451 3.96261 3.22443 13.5157 11.2496 9.41824 8.99455 5.60994 10.7124 7.07538 6.06782 14.109 12.4491 11.771 11.1006 14.96 9.91236 9.28289 9.12578 8.79065 10.6102 8.76899 8.69395 8.36655 7.16611 7.16125 6.72394 13.0277 8.11659 9.19937 8.82782 8.20366 6.61305 9.48751 5.55016 10.6558 9.61259 5.14604 6.16451 4.85014 5.26584 4.44423 4.34418 4.28331 6.76153 6.68312 14.0109 8.98242 5.14478 5.97132 5.02231 4.69145 4.22931 4.14965 4.04852 3.54313 3.2733 4.1151 7.48898 7.45408 6.46781 7.3944 5.70049 10.2074 3.93439 4.0072 14.0405 9.65949 5.40767 11.9264 10.4448 9.47206 7.5607 7.12879 6.76926 4.70664 4.48894 4.38215 6.34344 11.7929 10.0283 9.05155 6.00284 5.49178 9.91154 9.81066 8.18203 5.43966 5.88238 5.60537 5.07988 5.00312 4.78663 6.21655 8.03194 7.59893 8.32026 6.15618 6.04108 5.98703 6.08484 4.74041 4.56983 12.0519 7.78422 5.15816 12.6275 4.43336 4.57923 4.07471 4.02319 8.42968 3.91922 5.19881 5.13317 4.75254 3.89483 3.84596
threshold=0 1 2 3 2020.5000000000002 3.5000000000000004 4 5 1524.5000000000002 6 107.00000000000001 23.500000000000004 7 8 2019.5000000000002 9 10 11 12 1553.5000000000002 25.500000000000004 13 25.500000000000004 1431.0000000000002 14 1409.5000000000002 15 16 2020.5000000000002 2385.5000000000005 1506.0000000000002 17 1579.5000000000002 1770.0000000000002 18 19 2020.5000000000002 20 21 2019.5000000000002 2018.5000000000002 27.500000000000004 22 23 24 25 26 1608.5000000000002 27 28 29.500000000000004 27.500000000000004 29 30 27.500000000000004 2019.5000000000002 31 2170.0000000000005 1896.5000000000002 32 33 2019.5000000000002 34 2017.5000000000002 29.500000000000004 35 36 37 159.00000000000003 38 13.500000000000002 2017.5000000000002 2155.0000000000005 39 40 5.5000000000000009 1574.5000000000002 41 11.500000000000002 42 43 44 10.500000000000002 45 46 279.00000000000006 1553.5000000000002 47 48 163.50000000000003 270.00000000000006 1998.5000000000002 1581.5000000000002 8.5000000000000018 49 50 6.5000000000000009 51 52 53 1.5000000000000002 54 7.5000000000000009 11.500000000000002 13.500000000000002 2017.5000000000002 2363.5000000000005 22.500000000000004 55 2016.5000000000002 18.500000000000004 2385.5000000000005 56 10.500000000000002 1506.0000000000002 15.500000000000002 57 58 13.500000000000002 59 2093.5000000000005 141.50000000000003 1669.5000000000002 121.50000000000001 60 61 62
decision_type=9 9 1 9 2 2 9 1 2 1 2 2 9 9 2 1 9 9 1 2 2 1 2 2 1 2 9 1 2 2 2 9 2 2 9 9 2 1 9 2 2 2 1 9 1 1 1 2 1 9 2 2 1 9 2 2 1 2 2 9 9 2 1 2 2 9 9 1 2 1 2 2 2 1 9 2 2 9 2 1 9 1 2 9 1 2 2 9 1 2 2 2 2 2 9 9 2 9 1 1 2 1 2 2 2 2 2 2 9 2 2 2 1 2 2 2 9 1 2 1 2 2 2 2 9 9 1
left_child=4 2 -2 -3 5 6 7 -1 -9 10 -7 65 13 -13 15 -15 19 18 -18 22 21 31 25 24 32 27 30 -14 29 35 -27 -21 -24 -23 -29 36 46 40 39 -39 -37 -42 -43 45 -45 -25 -22 -48 49 -40 -44 -31 53 -26 55 63 -57 58 -56 -60 -55 -34 -36 -54 -47 66 67 -5 -68 70 -70 -71 -73 121 86 76 84 78 79 -77 82 83 -79 -80 -76 125 87 88 -75 -89 -90 118 93 95 -95 -88 98 99 -91 -98 -94 102 108 106 105 -105 116 -103 -102 -110 -96 112 114 -114 -93 -116 -104 -118 -92 -99 -121 123 -123 124 -67 -82 -84
right_child=1 3 -4 11 -6 9 -8 8 -10 -11 -12 12 16 14 -16 -17 17 -19 -20 20 28 33 23 43 52 26 -28 34 -30 51 -32 -33 61 -35 62 37 -38 38 48 -41 41 42 50 44 -46 64 47 -49 -50 -51 -52 -53 54 60 57 56 -58 -59 59 -61 -62 -63 -64 -65 -66 73 68 -69 69 71 -72 72 -74 74 75 77 -78 80 81 -81 85 -83 126 -85 -86 -87 92 89 90 96 91 111 100 94 110 -97 97 119 -100 -101 101 107 103 104 -106 -107 -108 -109 109 -111 -112 -113 113 -115 115 -117 117 -119 -120 120 -122 122 -124 -125 -126 -127 -128
leaf_value=0.0043372144206097474 -0.013689898337845265 0.00019363358097338062 0.0016100275791650102 0.010364403838860253 0.0044535874045419244 -4.768540642988488e-05 0.0092912816251849838 -0.011762017437715414 -0.0011998483876742888 0.0013284972231804519 0.0037370016499663201 0.0031592795361679079 -0.0023045448694094294 -0.020554260898826057 -0.0022994968410375502 -0.0065653050866150246 0.014055560634284099 -0.0037865144949217767 0.0017673860733801066 0.016968339438829208 9.6324109971970964e-05 0.0043278687074536351 0.0032575644007446164 -0.011680671281676262 -0.00043088721795619505 0.000285467590441698 0.0049697987459479589 -0.0034283254273146033 -0.010347907482240643 -0.0007865267644812298 -0.012613954353616189 0.0045411328788201215 -0.010653693504440034 -0.0030674885205587031 -0.0079281436544062101 -0.0035790737208714432 -0.0072223305556570559 -0.0041924492198310492 0.0037390595960940399 -0.015748508593425255 0.0083117906794403541 0.0091525600534187613 -0.0060431355439172487 -0.0040937829622392117 0.0066570915370109439 -0.0045860583712563439 0.0036834854297339917 0.01605174639376954 -0.0059982128534718107 -0.0039630766266799842 0.0029628500216393079 0.0076980699236960997 -0.0018042234409746134 0.014923559222571972 0.0061970282522526123 -0.0011741888336051368 -0.015745869334437338 0.0084769490681698215 0.0035637080892415561 -0.0048099696532023168 0.0041413687603776093 -0.0020314116847478382 -0.016872456708974012 0.0064260371579049338 0.00095981289207823495 -0.0062954728009964461 -0.0088933677119175207 0.0012153474355868288 0.009895407964226749 0.004783971917305915 -0.0015726821919958879 -0.0089947282108489915 0.0034720521155698057 0.0078068232157614444 -6.2971936477836051e-05 0.01083726491279214 -0.015996993269412171 -0.001437775602026545 -0.0033720253002089023 -0.0040930179447742519 -0.0004791060082541784 -0.0014103632221991761 0.0025947444415996197 -0.01627995854532779 -0.0084393109097676 0.0018587552565183284 -0.00084915803504181063 0.004581066280797871 -0.0026634051659763531 0.0046452829958687925 0.0017967480161830618 6.1023624759639098e-05 0.0052021187348281093 0.0052564904326262846 -0.00081368801224432265 -0.010380392885417679 0.0032730504519636731 -0.0090388395960879879 -0.0011950120271611562 -0.001220026881532215 0.0043044525754164188 -0.001158154302797918 -0.0018707367172825708 0.0034376760800944209 0.0020216568487391325 -0.0079243151636587249 0.012854298577297122 0.0063945794484007046 -0.010782025913801899 -0.0016463706475471501 -0.0084869850967587684 -0.0011300396019657416 0.0040989881168906261 0.016638707894561511 0.012757768249728636 -0.0027009262042817566 0.010301815525473913 0.00094013391391319394 -0.0048244797665956286 -0.010001208365562494 0.00080484014193142042 0.0017047529829547423 -0.0010760126112485105 -0.0095437916753413343 0.0019875429045794896 -0.0082127104909086018 0.010547402800310503
leaf_weight=374 226 48567 284 307 1512 811 200 327 433 7091 4698 236 702 233 302 282 241 306 242 247 223 763 234 387 267 333 430 322 241 217 218 368 428 574 312 932 243 365 467 302 363 209 405 604 359 860 200 203 498 405 207 495 243 221 492 227 203 408 322 380 227 213 355 388 433 296 210 792 352 265 234 399 279 801 368 252 223 291 210 207 349 538 260 228 306 559 393 1068 1111 877 619 853 457 553 691 550 738 337 763 3957 332 7848 248 251 2551 450 239 274 218 1112 284 368 206 310 316 227 297 245 372 262 580 1921 13442 292 393 308 456
leaf_count=374 226 48567 284 307 1512 811 200 327 433 7091 4698 236 702 233 302 282 241 306 242 247 223 763 234 387 267 333 430 322 241 217 218 368 428 574 312 932 243 365 467 302 363 209 405 604 359 860 200 203 498 405 207 495 243 221 492 227 203 408 322 380 227 213 355 388 433 296 210 792 352 265 234 399 279 801 368 252 223 291 210 207 349 538 260 228 306 559 393 1068 1111 877 619 853 457 553 691 550 738 337 763 3957 332 7848 248 251 2551 450 239 274 218 1112 284 368 206 310 316 227 297 245 372 262 580 1921 13442 292 393 308 456
internal_value=7.8977e-05 -0.000179056 -0.00530282 -0.000157275 0.00213096 0.00188046 -0.00056151 -0.00236034 -0.00566976 0.002139 0.00317408 -0.000388099 -0.000942851 -0.00642429 -0.00919734 -0.0134209 -0.000623313 0.00347533 0.00805949 -0.000810036 0.000212524 0.00390309 -0.00165806 -0.000566407 0.001015 -0.00447546 -0.000477135 -0.006795 -0.000993164 -0.000599984 -0.00473223 0.00972386 -0.00477989 0.00114434 -0.00985937 -0.00140983 0.00257408 -0.00224425 -0.00449171 -0.00928551 -6.97394e-05 0.00269209 0.00020737 -0.00311114 -5.87009e-05 -0.00483174 0.00641796 0.00967361 -0.00210742 0.000157432 -0.00294881 0.00511217 0.00252273 0.00594413 0.0015853 -0.00148659 -0.00844687 0.00362971 0.00197337 -0.000986805 0.00966997 -0.00778857 -0.0128675 0.00325654 -0.00270791 -0.000191322 0.00145904 0.0038415 -5.99615e-05 0.00115287 0.00522681 -0.00141914 -0.00386459 -0.000282219 1.47134e-05 -0.00136768 -0.00697654 3.96527e-06 -0.00237936 0.00425093 0.00154621 -0.00552188 0.0051104 -0.0103046 -0.00399203 -0.001423 0.000219812 0.000882987 0.00226203 4.74405e-05 0.00123301 0.0025602 -0.000317257 -0.00249631 -8.6113e-06 -0.00652729 -0.000596882 -0.00130773 0.00194916 -0.000508311 5.35219e-05 -0.000113766 0.000963709 0.00197292 0.000754662 -0.00385604 0.00582305 -0.000902248 -0.00163004 -0.00312033 -0.00301783 0.00397234 0.00495439 0.0114114 0.00246828 0.00629529 0.00369588 0.00616375 -0.000688718 -0.00444911 -0.00252759 -0.000923392 -0.000728304 -0.00398799 -0.00163343 -0.0042369 0.00784312
internal_weight=138355 122909 510 122399 15446 13934 1334 1134 760 12600 5509 73832 19337 1053 817 515 18284 789 483 17495 7927 1952 9568 6896 4253 2672 981 1691 5975 5734 551 615 875 1337 989 5022 869 4153 2037 667 2116 1184 821 2643 963 1680 626 403 1370 872 612 712 3378 715 2663 1061 430 1602 1194 702 448 641 667 631 1293 54495 2838 1099 1739 1529 586 943 678 51657 35313 4555 897 3658 1435 459 2223 976 1007 438 674 1216 30758 13765 5183 8582 4382 3271 16993 2471 1528 943 7514 5874 1640 4695 14522 14065 5943 4281 3252 701 1029 8122 1662 1330 975 2280 1912 516 1396 543 790 542 991 1179 842 16344 15363 981 689 657 716
internal_count=138355 122909 510 122399 15446 13934 1334 1134 760 12600 5509 73832 19337 1053 817 515 18284 789 483 17495 7927 1952 9568 6896 4253 2672 981 1691 5975 5734 551 615 875 1337 989 5022 869 4153 2037 667 2116 1184 821 2643 963 1680 626 403 1370 872 612 712 3378 715 2663 1061 430 1602 1194 702 448 641 667 631 1293 54495 2838 1099 1739 1529 586 943 678 51657 35313 4555 897 3658 1435 459 2223 976 1007 438 674 1216 30758 13765 5183 8582 4382 3271 16993 2471 1528 943 7514 5874 1640 4695 14522 14065 5943 4281 3252 701 1029 8122 1662 1330 975 2280 1912 516 1396 543 790 542 991 1179 842 16344 15363 981 689 657 716
cat_boundaries=0 3 5 6 9 10 11 12 15 16 17 20 21 22 23 24 25 26 27 30 31 32 33 34 35 36 37 38 39 40 41 42 43 44 45 46 49 50 51 52 53 56 57 58 61 62 63 64 65 66 67 68 71 72 73 74 75 76 77 78 79 80 82 83
cat_threshold=2181089280 2147487424 6037514 19202048 8448 167 268443777 671105032 8423457 540278784 1217 628 131844 0 16384 2 2852 134218754 65552 656 25 1704 1480 2562 24 1808 9 134217730 0 640 16 3850 8 770 22 1282 193 1547 69 5 384 8 1060 9 7 2208 772 16 16384 9 448 2074 2448 131074 33619968 1552 81 1061 1024 0 128 37 268468224 1031 17 2 12 5 131072 0 528 1093 12 1601 4 1601 1 513 516 24 8388608 71303168 70
is_linear=0
shrinkage=0.05


Tree=71
num_leaves=128
num_cat=42
split_feature=2 2 4 2 8 6 9 3 4 0 9 0 10 4 10 4 8 8 8 8 10 8 2 8 8 3 9 2 8 10 3 2 8 9 8 9 8 8 10 10 9 3 6 4 6 6 8 10 4 8 8 8 8 8 8 8 9 10 6 6 6 8 8 10 4 2 3 8 10 8 10 10 6 3 10 3 10 9 4 10 4 8 4 4 9 9 8 8 2 8 10 3 6 6 8 3 10 2 9 9 3 4 3 10 10 10 4 8 3 6 4 8 10 6 3 8 8 10 10 8 3 8 8 2 4 2 10
split_gain=26.4631 4.97232 10.7939 3.58294 3.28378 5.74838 5.05479 4.1268 6.77808 9.25669 8.52199 12.1458 7.53624 7.30215 6.62781 4.95877 6.51924 8.27711 7.02878 5.95345 9.14618 5.86483 4.54393 4.52447 5.041 6.76343 8.00214 4.45877 4.01613 5.08065 4.48989 3.97498 4.1357 3.71123 5.5196 9.21414 6.03041 9.44846 11.2267 5.79869 4.81788 3.86173 3.62165 3.51597 3.49449 6.6086 4.65588 3.6788 5.29558 5.68834 3.67867 5.62908 8.57029 7.21638 9.90455 3.5979 3.48846 3.43881 4.60669 3.29419 3.25874 3.21844 3.36813 3.08729 3.03416 4.36286 4.90872 7.51525 7.1444 6.45097 3.16973 7.4367 3.23702 5.75012 7.39441 4.74986 12.9198 10.5412 7.83748 6.55422 5.16979 3.49261 3.20424 3.01968 2.96924 2.91571 2.87778 9.70766 8.86111 6.58871 3.92091 3.80456 6.96067 6.87345 3.88594 2.84545 2.82788 2.80733 3.20696 7.48834 6.39832 4.94301 5.06847 5.60725 4.24351 4.21169 3.58714 5.04702 3.59413 2.9512 3.87416 3.83786 4.56808 4.40142 3.91915 3.38561 2.83551 3.69409 2.79907 2.70548 2.85308 5.92821 2.6559 2.60363 12.4414 11.038 13.7413
threshold=0 1 2 3 346.50000000000006 2020.5000000000002 2814.5000000000005 4 5 6 2033.0000000000002 7 1574.5000000000002 8 25.500000000000004 9 15.500000000000002 95.500000000000014 12.500000000000002 262.50000000000006 1605.0000000000002 334.50000000000006 10 230.50000000000003 221.50000000000003 11 2110.5000000000005 12 113.50000000000001 1706.5000000000002 13 14 349.50000000000006 2010.0000000000002 45.500000000000007 1669.5000000000002 179.50000000000003 168.50000000000003 1283.5000000000002 160.50000000000003 1926.5000000000002 15 2019.5000000000002 16 2019.5000000000002 2018.5000000000002 202.50000000000003 1477.0000000000002 17 87.500000000000014 202.50000000000003 298.50000000000006 313.50000000000006 235.50000000000003 216.50000000000003 323.50000000000006 2074.5000000000005 1631.5000000000002 2017.5000000000002 2019.5000000000002 2020.5000000000002 355.50000000000006 360.50000000000006 1311.5000000000002 18 19 20 225.50000000000003 126.50000000000001 188.50000000000003 28.500000000000004 61.500000000000007 2017.5000000000002 21 149.50000000000003 22 1181.0000000000002 1896.5000000000002 23 296.00000000000006 24 170.50000000000003 25 26 2311.0000000000005 2165.0000000000005 353.50000000000006 355.50000000000006 27 352.50000000000006 282.00000000000006 28 2018.5000000000002 2018.5000000000002 361.50000000000006 29 231.00000000000003 30 1988.5000000000002 1998.5000000000002 31 32 33 1392.0000000000002 1144.0000000000002 1250.5000000000002 34 15.500000000000002 35 2019.5000000000002 36 196.50000000000003 1808.5000000000002 2018.5000000000002 37 266.50000000000006 124.50000000000001 1611.0000000000002 1620.5000000000002 253.50000000000003 38 178.50000000000003 132.50000000000003 39 40 41 1611.0000000000002
decision_type=9 9 1 9 2 2 2 9 1 9 2 9 2 1 2 1 2 2 2 2 2 2 9 2 2 9 2 9 2 2 9 9 2 2 2 2 2 2 2 2 2 9 2 1 2 2 2 2 1 2 2 2 2 2 2 2 2 2 2 2 2 2 2 2 1 9 9 2 2 2 2 2 2 9 2 9 2 2 1 2 1 2 1 1 2 2 2 2 9 2 2 9 2 2 2 9 2 9 2 2 9 1 9 2 2 2 1 2 9 2 1 2 2 2 9 2 2 2 2 2 9 2 2 9 1 9 2
left_child=60 2 -2 4 6 31 7 14 10 97 12 23 22 42 -3 16 18 56 -16 28 21 -21 -9 24 25 57 -27 -17 29 -19 -30 59 -33 34 35 -29 37 38 43 -38 63 -37 -11 -36 45 47 -46 48 49 -35 -49 53 -53 54 -52 -54 -18 58 -12 61 64 -6 -63 -41 65 -1 67 -67 69 -68 -66 -72 73 74 -73 79 78 -78 -77 -74 81 -81 -75 -62 -70 -47 89 95 -89 123 -90 93 -93 -92 -95 -88 -15 -10 101 100 122 102 103 -99 -104 -106 107 118 116 110 -108 -112 113 114 -113 119 117 -109 -101 120 121 -111 -100 -5 125 -125 -127
right_child=1 3 -4 86 5 -7 -8 8 9 13 11 -13 -14 96 15 27 17 19 -20 20 -22 -23 -24 -25 -26 26 -28 33 30 -31 -32 32 -34 44 36 41 39 -39 -40 40 -42 -43 -44 -45 46 85 -48 50 -50 -51 51 52 55 -55 -56 -57 -58 -59 -60 -61 83 62 -64 -65 70 66 68 -69 84 -71 71 72 75 82 -76 76 77 -79 -80 80 -82 -83 -84 -85 -86 -87 87 88 90 -91 91 92 -94 94 -96 -97 -98 98 99 106 -102 -103 104 -105 105 -107 109 108 -110 115 111 112 -114 -115 -116 -117 -118 -119 -120 -121 -122 -123 -124 124 -126 126 -128
leaf_value=0.0031368843688905908 -0.012871404085502339 -0.0086314175508822467 0.0015982848035516863 -0.00025074520359416895 0.002487555149212933 0.0036054428603307224 0.0077768619881161231 0.010509986231871252 0.0022440419445882366 0.01231089069526858 -0.0018206422102589209 -0.013345656328748505 -0.004416003728644877 -0.0021736912968747827 2.8512898510903379e-05 -0.0062345655851051484 0.0010825640297631122 0.0039031811059747554 -0.0092899271344010544 0.0043996760788881642 0.011493684640834376 -0.0049083571310832427 0.0024408784627371655 -0.0057784934649321423 0.0057821265368212795 -0.0044038521077144092 0.0058662321115579372 -0.011309131037576397 0.00070500141028021499 -0.0040366473090685771 -0.0049502900242508648 -0.011482738452288536 -0.0031726213141878342 -0.002477693408381644 0.0088969726991159608 0.0051847470395371383 -0.0084848868810675215 0.011930176623110824 -0.0010683471640018777 0.0028850874998955479 0.0031523602816274964 -0.0038103926266217984 0.0050817403621617333 0.00094637685613105859 -0.0012844032993792323 -0.010056624392262703 0.0040438343995846324 0.0017977637064794253 0.001031468595767896 -0.012445715160366395 -0.0073528689416698075 0.0077137871371009033 -0.0076940896605269468 -0.0091950019615303202 0.0049059833022673475 0.0011243567495967 0.0071711642109361347 -0.0010004953497774278 -0.0094366252191738151 -0.0054069968040136741 0.0013834222023027995 -0.007820209399750918 0.00073674497323647872 -0.0037660280646155996 -0.0044805043536022045 0.00059795370200813264 -0.0076650731401668327 -0.010909198109112995 0.0026478540476505895 0.0042262746403578686 0.01028981550336055 -0.0099396529265076815 -0.0089749003125238983 0.0054121996610862503 0.0013081452360962182 0.015028549979196199 -0.010872767820296858 0.00091909042147648588 0.0013841430720693748 -0.0023766312759539304 -0.0056869281209369626 0.0055403771984342985 0.0016166112139773703 0.0060230427860080843 0.00972577147788742 -0.0040270846055502447 0.011249769917815455 0.0082291376249726995 -0.0072486703212444603 -0.0089085485166339046 -0.0046589720335232865 0.0019520326393059871 -0.010697716973516919 0.0090560829738916999 1.1230501653760245e-05 0.0031552230147452454 0.0045057414919052142 0.0005039408920429093 0.0062671204091649573 0.0045259882600328797 0.013172238503825174 -0.0022104175017644465 -0.0038336829241358223 -0.0067814317867680197 0.0076747589492446302 0.0018077204329071239 0.0028866261630787825 -0.0025283100011781346 0.0015352234294793259 -0.0069370095681466435 -0.0032302926640746001 -0.003908744289686494 0.0042607139091871424 0.0039017970877204527 0.0025013811766173163 0.0028237750497555562 -0.00089377414014154698 -0.0096470060458571458 -0.0014455332608578385 -0.0060502737420630734 0.00067976327067751849 0.0025498090701641675 -0.0014245234192653655 -0.0012950868823337234 -0.0025829993710544843 0.0042539748279556847 -0.0049117081121547272
leaf_weight=5734 230 238 280 58303 649 449 224 212 2708 346 385 228 341 322 692 356 328 712 286 440 279 275 926 541 265 296 528 253 625 281 794 218 478 323 509 222 225 255 1293 227 723 236 347 207 1238 277 613 1227 346 257 309 325 211 420 353 256 832 733 410 341 600 202 267 754 254 425 254 213 316 207 218 204 311 984 515 226 227 1148 208 236 305 340 1330 912 279 726 252 247 273 228 283 217 218 275 209 232 312 793 236 482 209 2356 267 396 373 1700 3406 367 365 415 581 777 844 444 336 767 417 362 331 237 1662 273 214 3877 6538 2497 489
leaf_count=5734 230 238 280 58303 649 449 224 212 2708 346 385 228 341 322 692 356 328 712 286 440 279 275 926 541 265 296 528 253 625 281 794 218 478 323 509 222 225 255 1293 227 723 236 347 207 1238 277 613 1227 346 257 309 325 211 420 353 256 832 733 410 341 600 202 267 754 254 425 254 213 316 207 218 204 311 984 515 226 227 1148 208 236 305 340 1330 912 279 726 252 247 273 228 283 217 218 275 209 232 312 793 236 482 209 2356 267 396 373 1700 3406 367 365 415 581 777 844 444 336 767 417 362 331 237 1662 273 214 3877 6538 2497 489
internal_value=7.49644e-05 -0.000170235 -0.0050493 -0.000149495 0.000185778 -0.00154118 0.000284314 0.000247373 0.000631877 0.000995669 -0.00106003 -0.00244526 0.00210414 0.00503276 -0.000342962 -0.000231612 0.00100639 0.00180173 -0.00269651 0.000559368 0.00381569 0.000819663 0.00405789 -0.00161092 -0.000755534 -0.00149213 0.00215088 -0.000797101 -0.000782583 0.00165636 -0.00248933 -0.0026135 -0.0056937 -0.0006277 0.000422797 -0.00365078 0.00111355 0.00286383 0.00171305 -0.000940702 5.54496e-05 0.000579705 0.00856747 0.00673588 -0.00137729 -0.00206081 0.000480162 -0.00115633 -0.00392186 -0.0067777 -0.000330508 -0.00172399 0.00147899 -0.00406851 -0.000816049 -0.00285999 0.00544956 -0.0034482 -0.00574838 -0.00109757 0.0020249 0.000207023 -0.00294877 -0.00222698 0.00178698 0.00247739 0.000239785 -0.00319372 0.00232469 -0.00232557 0.000993381 0.00121736 0.000889582 0.00204154 -0.00185733 -0.00027466 0.00133891 -0.00102764 0.00886747 -0.00271192 -0.000531826 0.00225741 0.00324698 0.00423091 0.00596674 -0.00569227 -0.00036774 0.00141105 -0.000347404 -0.000422343 -0.00182702 -0.000610841 -0.00428879 0.0015113 0.00515035 0.00766736 0.00109606 0.000742127 0.000522491 0.000969135 0.0061592 -0.000442388 0.000742129 -0.00190644 0.0020903 0.00286339 0.000685673 -0.00107714 -0.00279093 0.00110617 0.00173789 0.000414752 0.00129852 -0.000307197 -0.00198626 -9.37019e-05 -0.00414603 -0.00606325 0.00209478 -0.000958683 -0.00044519 -0.00312716 0.00255259 -0.000395359 -0.00102357 0.000463604 0.00274377
internal_weight=138355 122909 510 122399 48261 2604 45657 45433 27510 22645 4865 3386 1479 1327 17923 17685 5544 4566 978 3406 994 715 1138 3158 2617 2352 824 12141 2412 993 1419 2155 696 11785 4904 711 4193 2264 2009 1929 1704 458 693 716 6881 5030 1851 4027 926 580 3101 1874 792 1082 662 467 1160 1528 795 1459 15446 1118 469 981 13934 7428 1694 638 1056 461 6506 6252 6034 3033 719 3001 1809 1375 434 1192 881 576 2314 1512 595 1003 74138 2206 1722 71932 1475 1202 435 767 484 484 634 21318 18610 12725 659 5885 3529 1189 2340 2073 12066 2324 1511 9742 6388 2982 2401 1557 1113 3354 1146 729 813 2587 2350 688 450 71704 13401 6863 2986
internal_count=138355 122909 510 122399 48261 2604 45657 45433 27510 22645 4865 3386 1479 1327 17923 17685 5544 4566 978 3406 994 715 1138 3158 2617 2352 824 12141 2412 993 1419 2155 696 11785 4904 711 4193 2264 2009 1929 1704 458 693 716 6881 5030 1851 4027 926 580 3101 1874 792 1082 662 467 1160 1528 795 1459 15446 1118 469 981 13934 7428 1694 638 1056 461 6506 6252 6034 3033 719 3001 1809 1375 434 1192 881 576 2314 1512 595 1003 74138 2206 1722 71932 1475 1202 435 767 484 484 634 21318 18610 12725 659 5885 3529 1189 2340 2073 12066 2324 1511 9742 6388 2982 2401 1557 1113 3354 1146 729 813 2587 2350 688 450 71704 13401 6863 2986
cat_boundaries=0 3 5 6 9 10 11 12 13 14 15 18 19 22 23 26 27 28 29 30 33 34 35 36 37 38 39 40 43 44 45 48 49 50 51 52 53 54 55 56 59 60 63
cat_threshold=2181089280 2147487424 6037514 19202048 8448 2183 268443777 671105024 8421409 82 1088 145 137 2945 2121 1 536887296 1 12 0 0 32769 80 0 536870912 32800 16 272 292 1764 2147483648 2560 524298 18 4 88 24 280 2051 368 2 67108864 640 11 28 1 0 32769 12 148 1 129 12 2338 12 1 138412294 16 19472 3123 8519680 67436544 512
is_linear=0
shrinkage=0.05


Tree=72
num_leaves=128
num_cat=48
split_feature=2 6 6 1 2 3 4 10 8 8 8 2 4 2 2 4 8 10 10 10 4 3 3 8 6 4 2 9 8 2 2 6 6 3 2 6 4 10 8 9 8 8 8 2 8 3 9 8 8 9 8 3 8 8 8 3 2 9 2 3 9 8 4 10 8 8 9 8 3 8 2 3 0 4 3 6 1 10 4 9 8 6 8 9 8 8 8 8 10 2 6 8 3 4 8 6 10 9 2 8 2 8 8 8 10 8 8 8 8 4 9 4 8 8 6 10 9 2 4 10 3 4 4 9 9 6 10
split_gain=23.9148 3.69246 3.72614 7.5967 7.50955 10.9959 12.5532 5.6648 4.16301 4.13046 3.78197 3.67887 9.99649 19.9799 6.84059 7.82378 5.55082 5.48697 5.8927 6.19341 11.7963 7.01328 5.42759 5.39298 5.08704 7.32322 5.88971 6.24691 4.77086 4.64037 4.35095 5.12055 4.77802 6.72802 4.3457 11.4321 5.77782 4.56342 5.10542 3.92939 4.8366 3.86331 3.71172 10.2073 8.76812 6.21282 5.74885 6.58932 4.65701 3.8206 4.99443 3.80026 4.96206 5.14235 3.62326 3.56409 4.47006 3.54964 3.34998 3.24799 3.22612 3.22214 3.21009 3.47741 3.19892 3.10339 2.99865 5.19514 2.89866 5.13932 2.84035 3.47304 4.86548 5.92778 7.23197 4.23081 5.41261 4.10944 3.73208 5.34572 7.58717 9.95648 5.97116 7.65908 7.52556 5.24917 5.35988 8.73131 7.2834 6.31462 4.78465 5.08358 4.75948 4.70429 4.33237 4.1886 4.06111 4.84036 11.6429 7.26234 4.60749 4.23257 3.68853 11.1986 7.41163 3.52935 3.52007 3.3679 9.42419 3.27311 3.0568 2.92394 3.74471 2.8751 2.85017 4.01257 2.82841 4.54864 2.81857 2.81323 2.87448 7.03012 4.95062 5.24731 10.9825 5.63373 5.6232
threshold=0 2020.5000000000002 2016.5000000000002 1 2 3 4 97.500000000000014 194.50000000000003 35.500000000000007 263.50000000000006 5 6 7 8 9 160.50000000000003 149.50000000000003 1635.0000000000002 322.50000000000006 10 11 12 291.50000000000006 2018.5000000000002 13 14 2086.5000000000005 117.50000000000001 15 16 2019.5000000000002 2019.5000000000002 17 18 2016.5000000000002 19 265.50000000000006 270.50000000000006 2363.5000000000005 316.50000000000006 172.50000000000003 346.50000000000006 20 331.50000000000006 21 2170.0000000000005 356.50000000000006 353.50000000000006 2545.0000000000005 342.50000000000006 22 355.50000000000006 361.50000000000006 360.50000000000006 23 24 1998.5000000000002 25 26 2190.0000000000005 206.50000000000003 27 1514.0000000000002 241.50000000000003 355.50000000000006 2181.0000000000005 37.500000000000007 28 134.50000000000003 29 30 31 32 33 2021.5000000000002 34 319.00000000000006 35 2010.0000000000002 45.500000000000007 2019.5000000000002 290.50000000000006 1669.5000000000002 307.50000000000006 270.50000000000006 223.50000000000003 15.500000000000002 105.00000000000001 36 2020.5000000000002 237.50000000000003 37 38 204.50000000000003 2018.5000000000002 1524.5000000000002 2152.0000000000005 39 166.50000000000003 40 132.50000000000003 178.50000000000003 168.50000000000003 121.50000000000001 197.50000000000003 39.500000000000007 313.50000000000006 298.50000000000006 41 1530.5000000000002 42 280.50000000000006 113.50000000000001 2020.5000000000002 1574.5000000000002 2181.0000000000005 43 44 40.500000000000007 45 46 47 1994.5000000000002 1998.5000000000002 2017.5000000000002 1386.0000000000002
decision_type=9 2 2 9 9 9 1 2 2 2 2 9 1 9 9 1 2 2 2 2 1 9 9 2 2 1 9 2 2 9 9 2 2 9 9 2 1 2 2 2 2 2 2 9 2 9 2 2 2 2 2 9 2 2 2 9 9 2 9 9 2 2 1 2 2 2 2 2 9 2 9 9 9 1 9 2 9 2 1 2 2 2 2 2 2 2 2 2 2 9 2 2 9 1 2 2 2 2 9 2 9 2 2 2 2 2 2 2 2 1 2 1 2 2 2 2 2 9 1 2 9 1 1 2 2 2 2
left_child=1 2 4 -4 5 7 -7 -1 -6 55 -10 12 13 -2 15 16 -14 -16 19 24 -21 -22 58 -20 34 26 27 -26 -24 39 31 -27 33 -32 37 -36 -37 38 41 40 57 -19 44 -44 70 49 47 -45 -48 -46 -51 52 -50 -54 -11 -5 -57 -30 68 -55 -53 -3 63 -23 -33 -12 67 -64 69 -15 109 78 75 74 -74 76 -73 -75 85 80 81 -80 83 -82 -84 86 87 89 -89 -72 91 -88 -93 -90 102 -94 97 98 -81 101 -99 -100 103 104 -85 -102 -77 108 111 -13 -78 -98 -113 114 115 -95 117 -47 -39 -112 121 -121 -122 126 -125 -126 -124
right_child=11 61 3 9 8 6 -8 -9 10 54 65 42 14 22 17 -17 -18 18 23 20 21 62 28 -25 25 30 -28 -29 29 -31 32 64 -34 -35 35 36 -38 118 -40 -41 -42 -43 43 46 45 116 48 -49 51 50 -52 60 53 59 -56 56 -58 -59 -60 -61 -62 -63 66 -65 -66 -67 -68 -69 -70 -71 71 72 73 77 -76 106 110 -79 79 96 82 -83 84 94 -86 -87 90 88 93 -91 -92 92 95 113 -96 -97 107 100 99 -101 105 -103 -104 -105 -106 -107 -108 -109 -110 -111 119 112 -114 -115 -116 -117 -118 -119 -120 120 122 -123 123 124 125 -127 -128
leaf_value=0.0003085956024795266 -0.012626569546748895 0.0027168734251256065 -0.0060866088454571109 0.0023854610361909003 0.0074627273155861498 0.0021016804769447453 -0.011472274755639661 0.011229390025364867 -0.0026586187343693246 0.00190524697533269 0.0066725547601808642 0.00020283505314743465 0.0057904291197587556 0.011176284997561074 -0.0069147172658780565 0.010402414205144664 -0.0058030843080827833 0.0043660185175384333 -0.010258731884550114 -0.0074623793058694824 0.0095954451893004063 0.0016910925167927843 -0.0067828647189832475 0.0001481534763931846 0.0037954954582887996 0.0071966035583745109 -0.01040107013400552 -0.0055326977995529521 -0.0085709527545211623 -4.3552540750601163e-05 0.00092987220505838866 0.002577107426972796 7.4510227087418019e-05 -0.011087417188487167 -0.010541959152236265 -0.0045132344236245032 0.0028195005198599615 0.002391588323301021 -0.0012943600536256133 0.00078108005111299911 -0.01227840309456711 0.012277428974819605 -0.011659051637852509 0.0076702567634982901 0.0015892751140801674 0.0054213932413458409 -0.0031573511957205011 -0.002222439627384104 0.0052935251501566244 0.00013644832786951467 -0.0092012434422421002 -0.0020952119819830635 -0.0064007177091279666 0.004493893058194468 -0.0044187863337293532 0.0018069124386659097 -0.0074442687420292145 -0.00094383070622948385 -0.0017185611340645999 -0.0027029414881473862 0.0035853606701241611 0.007697210687079601 -0.006867717822334256 0.010038314357380125 -0.0051726975815625633 0.00027186029296394235 0.0057589875278681252 0.0018151641651509656 -0.00072835612059354263 0.0012772516857538303 -2.3467922127330221e-06 -0.006027145653168647 0.012938230433892318 0.0007574354042631337 0.0025256459913171325 0.0076530071582517085 0.0056561083231980985 0.0076126138358674159 0.00078440365884856135 -0.013356662505701495 0.0090758472348065819 -0.010661199547336506 -0.0066703501727750324 0.0080098539610844455 0.0026297831893244074 0.0085281271810209985 -0.0066543078227052554 0.010491647152145478 0.0041940402054679278 -0.0086126680151067964 0.0032404199298544998 0.0023184789313013248 -0.0072096454683997779 -0.0026061228932913313 0.007086510644215397 0.00013844474338562158 -0.00040307299987446033 -0.0045554673165521201 -0.0020983534694294366 -0.0062331825602397048 0.0069859559862960538 0.0067203496254963861 -0.0041029491758387358 0.01141524022953757 -0.0011598930901952796 -0.0010072809655366517 -0.00050363270259798972 -0.0045356616770310014 0.0071693583076138006 -0.00063281520116029719 0.0050026661355939521 -0.0083035629722430851 0.00025884376622603409 -0.003626325192722166 -0.0038742759306157055 0.0044870583194387241 0.0049736921833373124 -0.001732539353025947 -0.0032781911790401574 0.0013928455028191511 -0.00070417918280911874 -0.0017854104535130176 0.0020737263953944495 0.012817530259696975 0.0036652315992646671 0.00054537270364755756 -0.0030280232875050475
leaf_weight=236 445 1056 335 319 936 367 307 239 238 9538 553 18061 208 204 305 322 205 414 266 255 406 266 647 234 257 353 354 595 244 1416 206 335 957 267 265 360 974 508 233 283 227 246 218 392 1215 392 2216 295 210 397 224 348 588 245 232 201 362 407 935 397 887 469 244 235 221 288 226 586 420 367 705 337 252 3136 505 349 260 235 439 327 365 335 474 256 402 202 555 275 1295 297 426 606 395 278 295 381 2245 415 349 709 238 223 347 249 1583 329 213 517 383 33348 301 297 224 385 215 705 1699 491 370 2700 4967 4857 942 225 2167 4355 1266
leaf_count=236 445 1056 335 319 936 367 307 239 238 9538 553 18061 208 204 305 322 205 414 266 255 406 266 647 234 257 353 354 595 244 1416 206 335 957 267 265 360 974 508 233 283 227 246 218 392 1215 392 2216 295 210 397 224 348 588 245 232 201 362 407 935 397 887 469 244 235 221 288 226 586 420 367 705 337 252 3136 505 349 260 235 439 327 365 335 474 256 402 202 555 275 1295 297 426 606 395 278 295 381 2245 415 349 709 238 223 347 249 1583 329 213 517 383 33348 301 297 224 385 215 705 1699 491 370 2700 4967 4857 942 225 2167 4355 1266
internal_value=7.14106e-05 0.00190972 0.00165903 0.00122363 0.00317094 -7.56901e-05 -0.00415845 0.00568382 0.00499782 0.00145788 0.0029059 -0.000163632 -0.000863674 -0.00257374 3.43482e-05 0.00465554 3.49337e-05 -0.000311765 -0.000103026 0.000186325 0.00248535 0.00379627 -0.00168231 -0.00538831 -0.000551091 -0.00187334 -0.00501851 -0.00268737 -0.00293513 -0.00198048 -0.000229242 0.00245981 -0.00194379 -0.00606842 0.000839821 -0.0010498 0.000827955 0.00253752 0.00506853 -0.00430538 -0.00599391 0.00731482 -5.65394e-05 -0.0012869 1.4331e-05 0.00219234 -0.000859095 0.0034223 -0.00146223 -4.11372e-05 -0.00323174 -5.79645e-05 -0.00179734 -0.00302258 0.00175508 -0.00181768 -0.00416756 -0.00380254 0.000419153 7.14105e-05 0.00196874 0.00424853 0.0022325 0.00549674 -0.000503301 0.00448064 0.000646805 -0.000737394 0.00243309 0.004731 -8.56976e-05 0.00020537 0.000561558 0.00213988 0.00611542 0.000276722 0.00016923 0.00123167 -0.000338679 -0.000905516 0.000359234 -0.00416944 0.00124193 0.00227344 -0.00240248 0.000589229 0.000344097 0.00142537 0.00271747 -0.00264049 -0.00155717 -0.0026123 -0.000989059 0.00197463 0.00136396 -0.00355606 -0.00186624 -0.00338186 -0.00507103 -0.0028296 -0.000615898 0.00133971 0.000670671 0.00146399 0.000116592 0.00230721 0.00456161 -0.000795466 -0.000181404 -0.000339252 0.000266589 -0.00119924 -0.00453517 0.000131682 0.00134049 0.00248105 0.00376609 0.00148516 -7.82448e-06 0.000202373 0.000135104 -0.000649528 0.000561073 0.00126286 0.00195666 0.00158198 -0.000851462
internal_weight=138355 15676 14151 10987 3164 1149 674 475 2015 10652 1079 122679 16268 5595 10673 735 413 9938 9633 9133 2218 1963 5150 500 6915 3545 1206 852 3224 2577 2339 909 1430 473 3370 1599 1334 1771 893 1161 878 660 106411 5796 100615 4418 5578 687 4891 1836 621 2675 1440 1230 9770 882 563 651 1926 642 1235 1525 1557 501 556 841 1056 830 991 571 96197 44788 27067 4128 757 22939 22377 3371 17721 11001 4745 774 3971 3095 876 6720 6518 4155 3153 1002 2363 1937 1382 2878 2730 776 6256 2590 1608 1281 982 572 2435 2088 1839 567 562 3666 3149 51409 22040 2766 521 1583 1198 983 2582 883 878 21780 21479 7557 13922 8955 6747 6522 2208
internal_count=138355 15676 14151 10987 3164 1149 674 475 2015 10652 1079 122679 16268 5595 10673 735 413 9938 9633 9133 2218 1963 5150 500 6915 3545 1206 852 3224 2577 2339 909 1430 473 3370 1599 1334 1771 893 1161 878 660 106411 5796 100615 4418 5578 687 4891 1836 621 2675 1440 1230 9770 882 563 651 1926 642 1235 1525 1557 501 556 841 1056 830 991 571 96197 44788 27067 4128 757 22939 22377 3371 17721 11001 4745 774 3971 3095 876 6720 6518 4155 3153 1002 2363 1937 1382 2878 2730 776 6256 2590 1608 1281 982 572 2435 2088 1839 567 562 3666 3149 51409 22040 2766 521 1583 1198 983 2582 883 878 21780 21479 7557 13922 8955 6747 6522 2208
cat_boundaries=0 3 5 8 9 10 13 14 16 18 19 20 21 22 23 25 28 31 32 34 35 38 39 40 41 43 46 47 48 49 52 53 54 55 56 57 58 61 62 63 65 68 69 70 73 74 75 76 77
cat_threshold=2181089280 2147487424 6070282 2451570688 4 2147483648 2147486720 1048576 81 231 31917824 71639296 640 708 2098688 8192 1536 8448 2321 256 68 24 2081 4456448 71368704 256 4194304 128 131328 262144 512 6 4194304 4259840 1026 4 134234128 8390656 5 28 18 0 2147486720 131328 262144 640 8 2080 8 134217730 8 16400 82 400 2304 1 8388736 3137 0 0 32 16 1025 268435457 16 0 16400 32 836 800 0 0 16 1033 8 1328 1360
is_linear=0
shrinkage=0.05


Tree=73
num_leaves=128
num_cat=38
split_feature=2 6 6 1 2 3 8 7 10 8 8 7 2 9 9 8 3 10 8 8 3 9 2 7 6 9 8 10 2 7 10 10 8 7 2 3 8 8 2 2 7 7 2 8 2 10 7 8 10 6 2 9 3 7 2 3 9 8 10 6 3 3 7 8 6 9 3 3 6 7 8 7 8 8 8 8 8 8 2 8 9 3 7 7 3 10 9 7 8 3 7 9 8 7 0 8 8 10 8 7 6 8 6 7 2 7 10 10 3 8 3 5 7 10 9 3 9 9 9 8 0 3 5 2 9 5 7
split_gain=21.5688 3.47366 3.359 6.87265 6.78893 9.93836 11.6632 7.99403 5.11248 3.75711 3.73179 3.74234 4.91406 6.33284 4.30497 4.71205 8.20383 8.21713 4.28069 5.8021 6.19719 5.66889 5.36982 5.34388 4.14821 3.78784 3.41323 3.40752 3.3275 7.80714 12.5141 14.9769 8.60998 6.60498 7.64217 7.84421 7.61491 9.20026 17.0803 7.83448 9.5134 8.08966 13.4081 6.41718 5.82997 5.81014 5.3785 5.36084 5.15162 4.5282 5.51392 4.89513 4.64099 4.56013 8.43633 5.64713 4.36431 7.85469 4.27701 4.20956 4.08757 4.02334 3.95721 10.0247 3.9326 3.74154 9.43529 9.10758 8.07733 7.68479 6.50443 3.67753 4.85078 3.59829 3.30159 7.04581 3.29763 3.8759 10.7455 7.81928 6.09839 5.64774 5.32052 4.95589 6.37276 3.86966 3.40598 5.36533 3.29755 4.11789 3.27601 3.19301 3.16335 3.07062 3.007 2.93212 2.80081 2.76858 2.74104 3.3843 2.72717 3.03257 4.5967 2.62219 2.59563 3.71594 9.41155 7.19128 7.34925 8.64947 3.9638 4.74664 3.64182 10.344 6.99205 8.51378 4.80707 4.5708 3.66034 2.9087 3.23936 4.62386 14.669 15.2855 7.76346 7.54258 7.49705
threshold=0 2020.5000000000002 2016.5000000000002 1 2 3 139.50000000000003 18.500000000000004 97.500000000000014 194.50000000000003 35.500000000000007 3.5000000000000004 4 2174.5000000000005 2311.0000000000005 72.500000000000014 5 267.50000000000006 350.50000000000006 330.50000000000006 6 2155.0000000000005 7 15.500000000000002 2017.5000000000002 2515.5000000000005 263.50000000000006 273.50000000000006 8 5.5000000000000009 207.50000000000003 1605.0000000000002 89.500000000000014 8.5000000000000018 9 10 347.50000000000006 319.50000000000006 11 12 22.500000000000004 25.500000000000004 13 185.50000000000003 14 1424.0000000000002 2.5000000000000004 300.50000000000006 258.00000000000006 2018.5000000000002 15 1896.5000000000002 16 27.500000000000004 17 18 2196.0000000000005 206.50000000000003 288.00000000000006 2019.5000000000002 19 20 15.500000000000002 141.50000000000003 2018.5000000000002 2086.5000000000005 21 22 2020.5000000000002 18.500000000000004 197.50000000000003 21.500000000000004 166.50000000000003 364.50000000000006 72.500000000000014 130.50000000000003 363.50000000000006 346.50000000000006 23 331.50000000000006 2170.0000000000005 24 22.500000000000004 16.500000000000004 25 1776.5000000000002 2545.0000000000005 8.5000000000000018 28.500000000000004 26 14.500000000000002 2231.5000000000005 356.50000000000006 10.500000000000002 27 344.50000000000006 355.50000000000006 333.00000000000006 206.50000000000003 20.500000000000004 2017.5000000000002 338.50000000000006 2020.5000000000002 10.500000000000002 28 2.5000000000000004 1332.5000000000002 1581.5000000000002 29 119.50000000000001 30 31 2.5000000000000004 130.50000000000003 2005.0000000000002 32 2363.5000000000005 2093.5000000000005 2033.0000000000002 329.50000000000006 33 34 35 36 2074.5000000000005 37 16.500000000000004
decision_type=9 2 2 9 9 9 2 2 2 2 2 2 9 2 2 2 9 2 2 2 9 2 9 2 2 2 2 2 9 2 2 2 2 2 9 9 2 2 9 9 2 2 9 2 9 2 2 2 2 2 9 2 9 2 9 9 2 2 2 2 9 9 2 2 2 2 9 9 2 2 2 2 2 2 2 2 2 2 9 2 2 9 2 2 9 2 2 2 2 9 2 2 2 2 9 2 2 2 2 2 2 2 2 2 9 2 2 2 9 2 9 1 2 2 2 9 2 2 2 2 9 9 1 9 2 1 2
left_child=1 2 4 -4 5 8 -7 -8 -1 -6 88 12 13 -12 18 -16 25 -18 19 21 -21 -13 -22 -23 -20 27 -11 -17 29 30 -2 32 -32 34 35 -31 37 39 -39 40 65 42 -42 -36 -38 60 61 49 -43 50 51 -41 -52 54 -51 59 57 -50 -48 -56 -40 -34 -57 -64 -46 67 91 69 70 90 -69 72 -54 76 -68 -76 77 79 -79 104 82 86 -80 -82 85 92 93 -88 89 -5 -35 -67 -85 -81 95 100 -28 -62 99 103 -83 -102 -103 -3 105 106 -30 110 -109 -110 -108 -112 113 -106 115 -115 117 118 -116 120 -114 122 123 -122 -124 -123 -127
right_child=28 98 3 10 9 6 7 -9 -10 26 11 14 -14 -15 15 16 17 -19 24 20 22 23 -24 -25 -26 -27 96 -29 73 33 31 -33 46 36 43 -37 44 38 45 47 41 48 -44 -45 64 -47 58 -49 56 53 52 -53 71 -55 55 62 -58 -59 -60 -61 97 -63 63 -65 -66 66 74 68 -70 -71 -72 -73 -74 -75 75 -77 -78 78 80 81 83 94 -84 84 -86 -87 87 -89 -90 -91 -92 -93 -94 -95 -96 -97 -98 -99 -100 -101 101 102 -104 -105 112 -107 107 108 109 -111 111 -113 119 114 116 -117 -118 -119 -120 -121 121 125 124 -125 -126 126 -128
leaf_value=0.00029316571841047983 -0.013796789472623456 0.0017997512662832654 -0.0057910995384462295 0.0035564819846216492 0.0070895909826317509 0.0041551543912797606 -0.016182009063553639 -0.0021995123903225384 0.010667920494101412 -0.0025256878305559179 0.00023407702488029364 0.0017338992290751927 0.0033845552442644065 -0.011275093561424962 0.011125592349213549 -0.0031379084624467962 0.01487326476649911 0.0039387303620984793 0.00091499457948100271 -0.0010252889471303206 0.015300829035954346 -0.0095564146531467355 0.0038330283117360407 8.7422796095153941e-05 -0.0077818385812026443 -0.0055314742410794288 0.0063389269457616347 0.0045251105243419819 0.0079581907838966008 0.011177913500007594 0.0052381278620450764 -0.01511090025859009 -0.0026582614009951957 0.0051856035778139031 -0.0048149777384516477 -0.0010390607629060036 -0.0011336254925220109 -0.016742956002975408 0.0046105820136363527 -0.0049068981988864696 -0.00074812666179735205 0.0055953976550806297 -0.015952535873769966 0.0040068888662700758 0.012767277620615006 -0.0090399995841311687 -0.002004274810379215 -0.0081352624275889893 -0.010413637705001639 0.0041772727875716313 -0.0093910224826651671 0.0032847659349440777 0.00085263359253236323 0.0022081518152355004 -0.013317054629384765 0.0010416170570144861 0.0037563342794319507 0.0012603868005095055 -0.0092304876241483414 -0.0056969691347768048 -0.0065675928118657705 0.0059585034016482897 -0.010838847661701342 0.00058241322949117286 0.0030819496895135635 0.013804919767336776 0.0066547006920017115 -0.0083070254028206805 0.0066400903478054151 0.013384770809500977 0.00070737475212768065 0.0028689974480048848 -0.0096032086694286915 -0.0066080291680857967 -0.0069757590744680235 0.0038707893527780398 0.0055508908957327963 -0.012430459377686914 0.0072867438583207149 -0.00053975176202436927 -0.0039164064049487931 0.0057370412162926461 -0.0018545654889043255 -0.010856395505526214 0.0011237843324315207 -0.00051136151410669005 0.0022637179614837049 -0.0071196594189459374 -0.0065358640568323554 -0.0045373608042623276 -0.0023803854252374829 0.0059912235418422251 -0.0025255283432926768 0.0045983308988442502 -0.0022756480678383794 0.0088356807390781496 0.00025826718936312117 0.0012361982400761918 0.0073386230724345322 -0.0010084179431580258 0.0042613696096763442 -0.0037226394474573405 0.0055309628994373861 0.0081879495648565313 -0.010886678860729769 -0.00042654084119403624 0.00022247516486196205 0.011013818238196629 -0.0053739302069129007 0.0056039406086992915 -0.011225156937670407 -0.0018806776021146913 0.00021642246721229925 0.0085247050387822956 -0.0053993176944131561 -0.0018082394418993922 0.0044436324606409094 -0.0065449743470173925 0.0023719095175952784 -0.004734065234792275 0.016891857156419023 0.0050778351876177019 -0.0061022472777838279 -0.00034904194713557707 0.0049236881137504932 -0.0055205407291999669 0.0017380730000238543
leaf_weight=236 263 330 335 370 936 265 208 201 239 238 274 4767 296 212 200 237 204 1089 313 214 206 222 238 407 244 273 553 374 462 394 450 202 298 361 403 200 303 243 288 214 384 338 229 422 219 231 454 321 267 298 200 1234 239 386 253 479 253 313 373 639 245 233 360 412 201 260 201 457 210 206 356 346 207 209 260 353 263 201 392 740 1500 799 268 255 2081 423 268 353 254 258 237 263 206 479 200 286 288 212 457 387 699 396 203 313 270 48496 855 235 310 426 200 425 38836 381 247 405 213 669 392 284 334 598 335 214 305 654 780
leaf_count=236 263 330 335 370 936 265 208 201 239 238 274 4767 296 212 200 237 204 1089 313 214 206 222 238 407 244 273 553 374 462 394 450 202 298 361 403 200 303 243 288 214 384 338 229 422 219 231 454 321 267 298 200 1234 239 386 253 479 253 313 373 639 245 233 360 412 201 260 201 457 210 206 356 346 207 209 260 353 263 201 392 740 1500 799 268 255 2081 423 268 353 254 258 237 263 206 479 200 286 288 212 457 387 699 396 203 313 270 48496 855 235 310 426 200 425 38836 381 247 405 213 669 392 284 334 598 335 214 305 654 780
internal_value=6.7612e-05 0.00181582 0.00157541 0.00116202 0.00301091 -7.59481e-05 -0.00395737 -0.00931042 0.00539963 0.00474793 0.00138483 0.00166732 -0.00165027 -0.00468988 0.00195597 0.00378088 0.00310613 0.00562043 0.00129982 0.00168574 0.0061184 0.00114521 0.0093735 -0.00331628 -0.00289475 -0.000627948 0.00276061 0.00155271 -0.0001553 -0.000823409 -0.00354049 -0.0021985 -0.000755854 -0.000379594 0.00285282 0.00711535 -0.000747184 -0.00105351 -0.00516591 -0.000577715 0.000871025 -0.00204695 -0.00670052 -0.000298837 0.00423331 -0.00209054 -0.00274208 -0.00185876 0.000389118 -0.00147977 9.82781e-05 0.00205989 -0.00275801 -0.00284179 -0.00364034 -0.00472488 -0.00172339 -0.00411369 -0.0052635 -0.00777115 3.61976e-05 0.00118488 -0.0025084 -0.00474356 0.00794304 0.00251906 0.00452899 0.00104819 -0.00208138 0.004994 -0.00435976 -0.000986798 -0.00400019 -5.38369e-05 0.00108044 -0.000729704 -4.09601e-05 -5.48244e-05 -0.00136935 1.46668e-05 -0.000909512 0.0020703 0.00357482 -0.00157441 -0.000389583 -0.00392052 -5.58806e-05 -0.00307015 -0.00172864 0.000215685 0.00218704 0.00969038 -0.00713371 0.00147923 0.00357128 0.00406946 0.00425661 -0.00288434 0.00411583 0.00268591 0.00343882 0.00202413 -0.000586611 0.0049094 -7.97218e-05 -0.000322294 0.00141212 0.000178217 0.00352188 0.000966971 -0.0020155 -0.00500059 0.000197938 -0.00162693 -0.000543215 0.00328593 -0.00252198 -0.00365629 -0.000631992 0.000309054 0.00034311 0.0018646 0.00433229 0.0102735 -0.000834658 0.000407731 -0.00156145
internal_weight=138355 15638 14151 10987 3164 1149 674 409 475 2015 10652 9770 782 486 8988 2377 2177 1293 6611 6054 658 5396 444 629 557 884 1079 611 122717 16170 2273 2010 1808 13897 1419 594 12478 11755 1219 10536 4948 1784 613 825 723 976 1358 5588 1171 5267 2440 1448 992 2827 2441 2143 833 580 827 892 745 531 1251 772 420 3164 1337 1827 1023 804 813 792 446 106547 814 613 106338 106075 5326 100749 5125 4423 660 4465 2965 884 1840 621 882 628 598 523 461 1219 2583 2383 841 457 1487 1030 2097 1298 599 643 96326 51409 2913 2451 971 736 1480 625 44917 2577 2307 786 1521 1308 639 42340 42056 3220 1188 548 640 2032 1434
internal_count=138355 15638 14151 10987 3164 1149 674 409 475 2015 10652 9770 782 486 8988 2377 2177 1293 6611 6054 658 5396 444 629 557 884 1079 611 122717 16170 2273 2010 1808 13897 1419 594 12478 11755 1219 10536 4948 1784 613 825 723 976 1358 5588 1171 5267 2440 1448 992 2827 2441 2143 833 580 827 892 745 531 1251 772 420 3164 1337 1827 1023 804 813 792 446 106547 814 613 106338 106075 5326 100749 5125 4423 660 4465 2965 884 1840 621 882 628 598 523 461 1219 2583 2383 841 457 1487 1030 2097 1298 599 643 96326 51409 2913 2451 971 736 1480 625 44917 2577 2307 786 1521 1308 639 42340 42056 3220 1188 548 640 2032 1434
cat_boundaries=0 3 5 8 9 12 13 14 17 20 22 23 25 28 31 33 36 37 39 40 41 42 43 44 47 48 49 50 51 54 55 56 57 58 59 60 61 64 65
cat_threshold=2181056512 2147487424 6070282 2451570688 4 2147483648 2147486720 1048576 81 0 1024 1048578 6 17 0 1024 2 27723520 71639296 640 1536 4521984 21 1280 8192 8783104 8192 128 8519680 0 128 8651008 65536 0 65536 512 8 512 4194304 24 17 21 10 69 4 134234128 8390656 5 24 19 385 134217730 8 16400 18 21 2 21 145 6 10 0 16384 8388608 4
is_linear=0
shrinkage=0.05


end of trees

feature_importances:
연중일=1645
월일=1626
월=1359
단위사업소분류명=995
사업구분_월접수량=979
요일=881
월총접수량=861
연도=757
단위사업중분류명=160
사업구분명=122
분기=13

parameters:
[boosting: gbdt]
[objective: regression]
[metric: rmse]
[tree_learner: serial]
[device_type: cpu]
[data_sample_strategy: bagging]
[data: ]
[valid: ]
[num_iterations: 1000]
[learning_rate: 0.05]
[num_leaves: 128]
[num_threads: 8]
[seed: 0]
[deterministic: 0]
[force_col_wise: 1]
[force_row_wise: 0]
[histogram_pool_size: -1]
[max_depth: -1]
[min_data_in_leaf: 200]
[min_sum_hessian_in_leaf: 0.001]
[bagging_fraction: 0.9]
[pos_bagging_fraction: 1]
[neg_bagging_fraction: 1]
[bagging_freq: 5]
[bagging_seed: 3]
[bagging_by_query: 0]
[feature_fraction: 0.9]
[feature_fraction_bynode: 1]
[feature_fraction_seed: 2]
[extra_trees: 0]
[extra_seed: 6]
[early_stopping_round: 0]
[early_stopping_min_delta: 0]
[first_metric_only: 0]
[max_delta_step: 0]
[lambda_l1: 0]
[lambda_l2: 0]
[linear_lambda: 0]
[min_gain_to_split: 0]
[drop_rate: 0.1]
[max_drop: 50]
[skip_drop: 0.5]
[xgboost_dart_mode: 0]
[uniform_drop: 0]
[drop_seed: 4]
[top_rate: 0.2]
[other_rate: 0.1]
[min_data_per_group: 100]
[max_cat_threshold: 32]
[cat_l2: 10]
[cat_smooth: 10]
[max_cat_to_onehot: 4]
[top_k: 20]
[monotone_constraints: ]
[monotone_constraints_method: basic]
[monotone_penalty: 0]
[feature_contri: ]
[forcedsplits_filename: ]
[refit_decay_rate: 0.9]
[cegb_tradeoff: 1]
[cegb_penalty_split: 0]
[cegb_penalty_feature_lazy: ]
[cegb_penalty_feature_coupled: ]
[path_smooth: 0]
[interaction_constraints: ]
[verbosity: -1]
[saved_feature_importance_type: 0]
[use_quantized_grad: 0]
[num_grad_quant_bins: 4]
[quant_train_renew_leaf: 0]
[stochastic_rounding: 1]
[linear_tree: 0]
[max_bin: 255]
[max_bin_by_feature: ]
[min_data_in_bin: 3]
[bin_construct_sample_cnt: 200000]
[data_random_seed: 1]
[is_enable_sparse: 1]
[enable_bundle: 1]
[use_missing: 1]
[zero_as_missing: 0]
[feature_pre_filter: 1]
[pre_partition: 0]
[two_round: 0]
[header: 0]
[label_column: ]
[weight_column: ]
[group_column: ]
[ignore_column: ]
[categorical_feature: 0,1,2,3,4,5]
[forcedbins_filename: ]
[precise_float_parser: 0]
[parser_config_file: ]
[objective_seed: 5]
[num_class: 1]
[is_unbalance: 0]
[scale_pos_weight: 1]
[sigmoid: 1]
[boost_from_average: 1]
[reg_sqrt: 0]
[alpha: 0.9]
[fair_c: 1]
[poisson_max_delta_step: 0.7]
[tweedie_variance_power: 1.5]
[lambdarank_truncation_level: 30]
[lambdarank_norm: 1]
[label_gain: ]
[lambdarank_position_bias_regularization: 0]
[eval_at: ]
[multi_error_top_k: 1]
[auc_mu_weights: ]
[num_machines: 1]
[local_listen_port: 12400]
[time_out: 120]
[machine_list_filename: ]
[machines: ]
[gpu_platform_id: -1]
[gpu_device_id: -1]
[gpu_use_dp: 0]
[num_gpu: 1]

end of parameters

pandas_categorical:[["CB/IECEx\uc778\uc99d", "GMP", "\uacf5\uc0b0\ud488\uc548\uc804\uc778\uc99d", "\uae30\uac04\uc0b0\uc5c5", "\uae30\uc5c5\uc9c0\uc6d0", "\ubc29\ud3ed\uc778\uc99d", "\uc2b9\uac15\uae30\uc778\uc99d", "\uc804\uae30\uc778\uc99d", "\ud615\uc2dd\uc2b9\uc778"], ["IECEE-CB\uc778\uc99d\uc2dc\ud5d8", "ISO \uc778\uc99d", "KAS\uc778\uc99d\uc2dc\ud5d8", "KTL\ub9c8\ud06c\uc778\uc99d", "KTL\uc2dc\ud5d8", "K\ub9c8\ud06c \uc2dc\ud5d8", "SW\uc2dc\ud5d8\uc778\uc99d", "\uacc4\ub7c9\uae30 \uc2dc\ud5d8\uac80\uc0ac", "\uacc4\ub7c9\uae30 \uc77c\ubc18 \uc2dc\ud5d8\uac80\uc0ac", "\uacf5\uc0b0\ud488\uc548\uc804\uc778\uc99d\uc2dc\ud5d8", "\uae30\uacc4\uc77c\ubc18\uc2dc\ud5d8", "\uae30\uc220\uc9c0\ub3c4", "\uae30\uc5c5 \ub0a9\ud488\uc2dc\ud5d8", "\ub514\uc9c0\ud138\uc0b0\uc5c5 \uc77c\ubc18\uc2dc\ud5d8", "\ubb38\ud654\uc124\ube44", "\ubc29\ud3ed\uae30\uae30 \uc2dc\ud5d8", "\ubc29\ud3ed\uae30\uae30 \uc548\uc804\uc778\uc99d(KC)\uc2dc\ud5d8", "\uc18c\uc74c\uc9c4\ub3d9\ub0b4\uc9c0\uc9c4", "\uc2b9\uac15\uae30\uc124\ube44", "\uc2b9\uac15\uae30\uc548\uc804\uc778\uc99d\uc2dc\ud5d8", "\uc2dc\uc2a4\ud15c\uc694\uc18c", "\uc2e0\ub8b0\uc131\ud3c9\uac00", "\uc5d0\ub108\uc9c0\uae30\uc220", "\uc5d0\ub108\uc9c0\ud6a8\uc728\uc2dc\ud5d8", "\uc678\uad6d\uc778\uc99d\uc2dc\ud5d8", "\uc6d0\uc790\ub825 \ubc0f \uc81c\uc5b4\uc124\ube44\ud3c9\uac00", "\uc758\ub8cc\uae30\uae30\uc778\ud5c8\uac00 \ud488\uc9c8\uacbd\uc601(GMP)", "\uc77c\ubc18\uc2dc\ud5d8", "\uc7ac\ub8cc\uc2dc\ud5d8", "\uc804\uae30\uc6a9\ud488\uc548\uc804\uc778\uc99d(KC)\uc2dc\ud5d8", "\uc804\uc790\ud30c\uc77c\ubc18\uc2dc\ud5d8", "\uc815\ubd80 \ub0a9\ud488\uc2dc\ud5d8", "\ucca0\ub3c4\ud56d\uacf5", "\ud45c\uc900\ubb3c\uc9c8", "\ud574\uc678\uc778\uc99d\ud68d\ub4dd \uc9c0\uc6d0"], ["CB \uc778\uc99d\uc11c\ubc1c\uae09", "CB \uc804\uae30\uc548\uc804\uc2dc\ud5d8", "CB \uc804\uc790\ud30c\uc2dc\ud5d8", "GS\uc778\uc99d(\ud3c9\uac00\ubc0f\uc778\uc99d)", "ISO \uacbd\uc601\uc2dc\uc2a4\ud15c\uc778\uc99d", "KTL\ub9c8\ud06c\uc778\uc99d SW\ud3c9\uac00 \ubc0f \uc778\uc99d", "S/W \uc5d4\uc9c0\ub2c8\uc5b4\ub9c1", "S/W\uc2dc\ud5d8", "\uace0\ubd84\uc790\uc2dc\ud5d8", "\uace0\ud6a8\uc728\uae30\uae30\ud6a8\uc728\ub4f1\uae09\uc2dc\ud5d8", "\uacf5\uc0b0\ud488\uc548\uc804\uc778\uc99d\uc11c\ubc1c\uae09", "\uacf5\uc7a5\uc2ec\uc0ac(K\ub9c8\ud06c)", "\uad6d\ubc29\uae30\uae30 \uc2e0\ub8b0\uc131\uc2dc\ud5d8", "\uad6d\uc0b0\uc758\ub8cc\uae30\uae30 \ubcc0\uacbdGMP", "\uad6d\uc0b0\uc758\ub8cc\uae30\uae30 \uc815\uae30GMP", "\uad6d\uc0b0\uc758\ub8cc\uae30\uae30 \ucd5c\ucd08GMP", "\uad6d\uc0b0\uc758\ub8cc\uae30\uae30 \ucd94\uac00GMP", "\uae08\uc18d\uc2dc\ud5d8", "\uae30\uacc4\ubd80\ud488", "\uae30\ud0c0 \uc815\ubd80\ub0a9\ud488\uc2dc\ud5d8", "\uae30\ud0c0 \ud654\ud559\uc870\uc131", "\uae30\ud0c0(\uc801\ud569\uc778\uc99d\uc11c \ub300\uccb4\ubc1c\uae09|| \uc0ac\uc804\uc11c\ub958\uc2ec\uc0ac|| \ubd80\ubcf8\ubc1c\uae09)", "\ub0b4\uc9c0\uc9c4", "\ub514\uc9c0\ud138\uc0b0\uc5c5 \uc77c\ubc18\uc2dc\ud5d8", "\ub85c\ubd07", "\ubb34\uae30\uc7ac\ub8cc\uc2dc\ud5d8", "\ubc27\ub370\ub9ac \uc2dc\ud5d8", "\ubc29\uc218\ubc29\uc9c4 \ubc0f \ub0b4\ucda9\uaca9(IK)\uc2dc\ud5d8", "\ubc29\ud3ed\uae30\uae30 \uc548\uc804\uc778\uc99d(KCs) \uc2dc\ud5d8 \ucd5c\ucd08/\uc0ac\ud6c4", "\ubc29\ud3ed\uae30\uae30 \uc548\uc804\uc778\uc99d(KCs) \ucd5c\ucd08 \uc11c\uba74\uc2ec\uc0ac", "\ubc29\ud3ed\uae30\uae30 \uc548\uc804\uc778\uc99d(KCs) \ucd5c\ucd08 \uc778\uc99d\uc11c\ubc1c\uae09", "\ubc29\ud3ed\uae30\uae30 \uc548\uc804\uc778\uc99d(KCs) \ucd5c\ucd08 \uc81c\ud488\uc2ec\uc0ac(\uc81c\ud488\uc2dc\ud5d8)", "\ubc29\ud3ed\uae30\uc220\uc9c0\uc6d0", "\ubc29\ud654\uc2dc\ud5d8", "\uc120\ubc15\uc6a9\uae30\uae30\uc758 \uc2e0\ub8b0\uc131\uc2dc\ud5d8", "\uc131\ub2a5\uc2dc\ud5d8(K\ub9c8\ud06c)", "\uc18c\uc74c\uc9c4\ub3d9", "\uc218\uc785\uc758\ub8cc\uae30\uae30 \ubcc0\uacbdGMP", "\uc218\uc785\uc758\ub8cc\uae30\uae30 \uc815\uae30GMP", "\uc218\uc785\uc758\ub8cc\uae30\uae30 \ucd5c\ucd08GMP", "\uc2b9\uac15\uae30 \uc548\uc804\uc778\uc99d \ucd5c\ucd08/\uc0ac\ud6c4", "\uc2b9\uac15\uae30\uc548\uc804\uc2dc\ud5d8(\uacf5\uc0b0\ud488)", "\uc2b9\uac15\uae30\uc548\uc804\uc778\uc99d\ucd5c\ucd08/\uc0ac\ud6c4", "\uc2b9\uac15\uae30\uc548\uc804\uc778\uc99d\ucd5c\ucd08\uc778\uc99d\uc11c\ubc1c\uae09", "\uc2dc\uc2a4\ud15c\uc758 \uc2e0\ub8b0\uc131\uc2dc\ud5d8", "\uc5b4\ub9b0\uc774\uc81c\ud488 \uc548\uc804\uc2dc\ud5d8\uac80\uc0ac", "\uc5d0\ub108\uc9c0\uc18c\ube44\ud6a8\uc728\uc2dc\ud5d8", "\uc5ed\ud559(KTL\uc2dc\ud5d8)", "\uc5ed\ud559\uc2dc\ud5d8", "\uc5f4\uc720\uccb4\uc2dc\ud5d8", "\uc5f4\uc720\uccb4\uc77c\ubc18", "\uc624\ucc28/\uc808\uc5f0\uc2dc\ud5d8(\uaddc\uaca9)", "\uc6b0\uc8fc\uae30\uc220", "\uc6d0\uc790\ub825\uae30\uae30\uac80\uc99d", "\uc720\ud574\ubb3c\uc9c8 \ubd84\uc11d", "\uc758\ub8b0\uc790\uc694\uad6c\uc2dc\ud5d8(\uc77c\ubc18)", "\uc758\ub8cc\uae30\uae30\uc758 \uc2e0\ub8b0\uc131\uc2dc\ud5d8", "\uc77c\ubc18\uc2dc\ud5d8", "\uc77c\ubc18\ud654\ud559\uc2dc\ud5d8 \ubd84\uc11d", "\uc790\ub3d9\ucc28\ubd80\ud488 \uc2e0\ub8b0\uc131\uc2dc\ud5d8", "\uc7ac\ub8cc\uc131\ub2a5\uc2dc\ud5d8", "\uc804\uae30\uc548\uc804\uc2dc\ud5d8(CE\ub9c8\ud06c|| PSE\ub9c8\ud06c \ub4f1\ub4f1)", "\uc804\uae30\uc548\uc804\uc2dc\ud5d8(K\ub9c8\ud06c\uc120\ud0dd\uc2dc\ud5d8)", "\uc804\uae30\uc548\uc804\uc2dc\ud5d8(\uacf5\uc0b0\ud488)", "\uc804\uae30\uc6a9\ud488\uc548\uc804\uc778\uc99d \ubbf8\uc2b9\uc778\ubd80\ud488 \uc804\uae30\uc548\uc804\uc2dc\ud5d8", "\uc804\uae30\uc6a9\ud488\uc548\uc804\uc778\uc99d \uc0ac\ud6c4\uad00\ub9ac \uacb0\uacfc\uc11c \ubc1c\uae09", "\uc804\uae30\uc6a9\ud488\uc548\uc804\uc778\uc99d \uc0ac\ud6c4\uad00\ub9ac \uacf5\uc7a5\uc2ec\uc0ac", "\uc804\uae30\uc6a9\ud488\uc548\uc804\uc778\uc99d \uc0ac\ud6c4\uad00\ub9ac \uc804\uae30\uc548\uc804\uc2dc\ud5d8", "\uc804\uae30\uc6a9\ud488\uc548\uc804\uc778\uc99d \uc778\uc99d\uc11c \ubc1c\uae09", "\uc804\uae30\uc6a9\ud488\uc548\uc804\uc778\uc99d \uc804\uae30\uc548\uc804\uc2dc\ud5d8", "\uc804\uae30\uc6a9\ud488\uc548\uc804\uc778\uc99d \uc804\uc790\ud30c\uc2dc\ud5d8", "\uc804\uae30\uc6a9\ud488\uc548\uc804\uc778\uc99d \ucd5c\ucd08 \uacf5\uc7a5\uc2ec\uc0ac", "\uc804\uae30\uc6a9\ud488\uc548\uc804\uc778\uc99d \ud655\uc778\uc11c\ubc1c\uae09", "\uc804\uae30\uc804\uc790\ubd80\ud488\uc81c\ud488 \uc2e0\ub8b0\uc131\uc2dc\ud5d8", "\uc804\uc790\ud30c \uc77c\ubc18\uc2dc\ud5d8", "\uc804\uc790\ud30c\uc2dc\ud5d8(CE\ub9c8\ud06c|| PSE\ub9c8\ud06c \ub4f1\ub4f1)", "\uc804\uc790\ud30c\uc2dc\ud5d8(KAS)", "\uc81c\uc5b4\uc124\ube44 \uc2e0\ub8b0\uc131\ud3c9\uac00", "\uc870\ub2ec\uccad \uc870\ub2ec\uac80\uc0ac\ub97c \ud1b5\ud55c \uc2dc\ud5d8(2\uc5b5\uc774\uc0c1 \ud488\ubaa9 \uac80\uc0ac\uc2dc\ud5d8)", "\uc870\ub2ec\uccad \uc870\ub2ec\ub4f1\ub85d \uc2dc\ud5d8", "\ucca0\ub3c4\ubd80\ud488", "\ucee8\uc124\ud305", "\ud1b5\uacc4\ud574\uc11d \uc2e0\ub8b0\uc131 \uc2dc\ud5d8", "\ud55c\uc804\uc2dc\ud5d8", "\ud56d\uacf5\uc18c\uc7ac", "\ud56d\uacf5\uc2dc\uc2a4\ud15c\uac80\uc99d", "\ud574\uc678\uc778\uc99d\ub300\ud589", "\ud615\uc2dd\uc2b9\uc778"], ["0", "1", "2", "3", "4", "5", "6"], ["1", "10", "11", "12", "2", "3", "4", "5", "6", "7", "8", "9"], ["1", "2", "3", "4"]]
